timestamp_ms,grip_force_N
0.0,19.187863669696164
5.0,18.518343191370583
10.0,18.77310878006753
15.0,18.052732155670427
20.0,16.03718694707065
25.0,16.16553799574952
30.0,15.194277355713547
35.0,14.449127046855343
40.0,14.32901231871738
45.0,14.69748655697272
50.0,14.600306082941861
55.0,13.491735440902772
60.0,11.904271147921069
65.0,11.759800813829496
70.0,10.35121727070946
75.0,9.48950601099853
80.0,8.692908397105473
85.0,8.453314354671145
90.0,7.4810121845754365
95.0,7.40080514787806
100.0,31.755179827433448
105.0,28.75428109861851
110.0,27.675718856771674
115.0,27.751382965354054
120.0,24.927174314543716
125.0,23.090241073090947
130.0,24.608292419741655
135.0,23.38673022229142
140.0,20.609795556059083
145.0,22.181930277308957
150.0,20.07510371512644
155.0,20.08159311420068
160.0,19.0959882579128
165.0,18.674347282095386
170.0,17.763569929612824
175.0,17.043829143881705
180.0,16.23955198435171
185.0,15.17947772734394
190.0,15.297830371262112
195.0,14.576888824979992
200.0,13.8496885928317
205.0,13.917103521377664
210.0,13.867310138659084
215.0,14.12916543568222
220.0,11.999901323334331
225.0,11.274218297657372
230.0,11.414358765588059
235.0,11.271176068780786
240.0,11.288398169213727
245.0,10.873961643998813
250.0,10.46717452843021
255.0,9.911510099296388
260.0,9.613480903169123
265.0,9.588466187095843
270.0,9.860102797989143
275.0,9.030775779438144
280.0,9.055506106080687
285.0,8.711017481682415
290.0,7.617686772518498
295.0,8.121512807871445
300.0,9.452895076865719
305.0,8.031449207965576
310.0,7.736715744208594
315.0,6.980368337250553
320.0,8.241753664919065
325.0,7.307205982362355
330.0,7.02328236835344
335.0,7.845926445355194
340.0,7.7599114702776335
345.0,7.83876569254056
350.0,6.975896537524375
355.0,6.2286630740762154
360.0,6.6863743233928945
365.0,7.047632541347317
370.0,6.673543183007078
375.0,6.595445772225003
380.0,6.158939342652792
385.0,6.862008967944571
390.0,6.257447922078915
395.0,6.905669487419898
400.0,4.775036605065537
405.0,4.687563129649957
410.0,5.619530546936415
415.0,4.856477503866068
420.0,5.820388908120796
425.0,5.743550564175592
430.0,5.483698949353643
435.0,4.718959215822766
440.0,4.115822078382038
445.0,5.013523047834044
450.0,4.724138015564987
455.0,4.115263308146322
460.0,5.775850181832985
465.0,5.24057218171912
470.0,5.2357655150703835
475.0,4.7653878302031085
480.0,5.112836634898893
485.0,5.1516777790631005
490.0,5.190691150719953
495.0,5.3327827048686265
500.0,5.39422697502751
505.0,4.640962557567546
510.0,4.075257064995559
515.0,5.440900917139633
520.0,6.193409520209525
525.0,5.1180172451355626
530.0,5.346275909566505
535.0,4.860280616331706
540.0,4.434093741974248
545.0,4.861137881917196
550.0,5.440674630346184
555.0,5.730932283484422
560.0,5.520135703995124
565.0,4.449885197560278
570.0,4.304663714499329
575.0,5.043017273560006
580.0,5.575137562420155
585.0,4.637415006131557
590.0,5.603892670261145
595.0,5.129324189543629
600.0,5.31966728067537
605.0,6.17799415463857
610.0,4.724954805609086
615.0,5.305710267154696
620.0,3.76859540443361
625.0,5.369968071895881
630.0,5.465051844794009
635.0,4.767865878253842
640.0,5.0315476545227025
645.0,3.8912889595240854
650.0,5.257415142172992
655.0,4.503609917386504
660.0,5.306619375699658
665.0,4.972803487739554
670.0,4.284990908065118
675.0,4.788941412362593
680.0,4.684315722118841
685.0,5.712228522560322
690.0,4.306608863434663
695.0,5.317764017633638
700.0,4.867172734686658
705.0,4.568707887701019
710.0,5.310803847640643
715.0,5.053389301952391
720.0,4.842823181446999
725.0,4.775075729590407
730.0,4.978697664095526
735.0,5.01733241957348
740.0,5.525945061847725
745.0,5.435616886533538
750.0,5.69169641249748
755.0,4.760927765823649
760.0,5.050439766592778
765.0,5.654438251675123
770.0,5.016288461900536
775.0,5.903545915680505
780.0,4.839177090552729
785.0,5.114965909125525
790.0,5.13661669756659
795.0,5.247195436494967
800.0,5.333116324272711
805.0,4.99425358985655
810.0,5.287748593485815
815.0,5.082336565471773
820.0,4.656722381436702
825.0,5.004682449589508
830.0,5.38060575264281
835.0,5.3933816547413596
840.0,6.035958677517675
845.0,5.490872324567489
850.0,5.237034903169088
855.0,5.8384447320718555
860.0,4.307418585243921
865.0,4.763436310566253
870.0,5.841618796073601
875.0,5.2965603321980215
880.0,5.494346483082997
885.0,4.675522117164828
890.0,5.442253786503162
895.0,5.605905669609582
900.0,4.725245072532067
905.0,5.307506477893948
910.0,5.01642281164396
915.0,5.623282914645202
920.0,5.302065976918876
925.0,4.533956974348672
930.0,4.9552318512671585
935.0,5.541101401543022
940.0,4.747822540180379
945.0,4.556814626122013
950.0,5.742660583990026
955.0,5.004925916997033
960.0,4.708669327764355
965.0,4.328658802734657
970.0,4.758964379398594
975.0,4.577348464256286
980.0,5.607940217070043
985.0,5.054534674325959
990.0,5.096139425258452
995.0,6.027516684573434
1000.0,5.474914039407992
1005.0,4.448618040168076
1010.0,5.2194192168555045
1015.0,5.523187570764345
1020.0,4.76464226695658
1025.0,5.481358188299675
1030.0,4.363583933165779
1035.0,5.271029395574976
1040.0,5.221446351887918
1045.0,5.426521700484678
1050.0,4.564057674951057
1055.0,5.611681365071496
1060.0,5.692044238121107
1065.0,6.311624021317245
1070.0,22.60147649914188
1075.0,23.969135508266262
1080.0,23.657980368640022
1085.0,24.52545061553169
1090.0,23.649341658688442
1095.0,23.22125268521295
1100.0,22.36633564634991
1105.0,22.979993281127587
1110.0,23.326916072996763
1115.0,24.606032392064105
1120.0,23.296003268350177
1125.0,24.98978315107449
1130.0,22.49872412260332
1135.0,24.261382178504586
1140.0,22.30754377833527
1145.0,22.20069619661503
1150.0,22.06125319017024
1155.0,23.9279041574134
1160.0,22.331670972944057
1165.0,23.565226942139777
1170.0,23.12701961205463
1175.0,21.019012474168555
1180.0,23.977254368053877
1185.0,22.99000483348548
1190.0,21.94867905650854
1195.0,22.860119152447176
1200.0,23.15385061685704
1205.0,23.06628716519994
1210.0,23.127235751729557
1215.0,23.779215129877493
1220.0,22.29154036299419
1225.0,21.473746898023236
1230.0,21.924635963611834
1235.0,21.47974363314575
1240.0,20.80600255378361
1245.0,20.82432697636001
1250.0,21.089385770275555
1255.0,20.596901885500166
1260.0,20.928285303115764
1265.0,19.96954708476645
1270.0,20.654879757525556
1275.0,20.166194224552083
1280.0,19.898729274238185
1285.0,19.018349525218667
1290.0,19.412589044985722
1295.0,18.928989701539365
1300.0,17.458610764346204
1305.0,17.171358503321073
1310.0,16.708509102453505
1315.0,16.544064872796834
1320.0,15.694729206163512
1325.0,14.696655281387336
1330.0,14.410694437972008
1335.0,13.900851026318325
1340.0,11.8661768049576
1345.0,11.612681447142327
1350.0,10.552833567101533
1355.0,7.92302059428201
1360.0,7.088122921944731
1365.0,4.98088488439433
1370.0,21.04744836577433
1375.0,20.78369587405418
1380.0,21.73415499648248
1385.0,20.79785181554593
1390.0,19.27657321991716
1395.0,18.737161945117045
1400.0,18.227626770971142
1405.0,18.10458185512696
1410.0,16.851239261632184
1415.0,16.342017005267028
1420.0,14.496324492527444
1425.0,16.54577465365552
1430.0,14.564852436691131
1435.0,15.373050045522684
1440.0,14.012857811943269
1445.0,14.842427959815549
1450.0,13.08285860224844
1455.0,13.153938966683336
1460.0,12.041926277895156
1465.0,11.95741302717522
1470.0,11.112262321959946
1475.0,10.77972355407834
1480.0,10.978603762731435
1485.0,11.419842106702921
1490.0,10.04428925636776
1495.0,10.019072409989842
1500.0,9.394700398671977
1505.0,9.685022852278767
1510.0,8.927441604417119
1515.0,9.15293524555228
1520.0,8.944004437160542
1525.0,9.145846007775999
1530.0,7.481308767370218
1535.0,8.86535695716218
1540.0,8.23008064240146
1545.0,9.229693828673346
1550.0,7.776626813073856
1555.0,7.744172477926176
1560.0,8.311261468924858
1565.0,7.917129950708533
1570.0,7.479932247835919
1575.0,8.635845470606812
1580.0,7.3087010634090515
1585.0,7.8506684704152905
1590.0,7.10577394821335
1595.0,6.87206721060429
1600.0,6.7625365640860355
1605.0,6.119789027524033
1610.0,5.863444637014958
1615.0,6.337582721336419
1620.0,7.795661756655429
1625.0,5.557283847157059
1630.0,7.6800478110279995
1635.0,5.547173521618281
1640.0,5.905327119252824
1645.0,5.299532751694863
1650.0,5.773300052426977
1655.0,6.461073533300147
1660.0,6.094514052656184
1665.0,6.287212288401067
1670.0,4.669104513120677
1675.0,4.231165989742541
1680.0,4.738686247233009
1685.0,4.931059087121505
1690.0,5.066225294615538
1695.0,4.586729339692648
1700.0,5.144725648520843
1705.0,5.355748797775817
1710.0,4.608284389475097
1715.0,5.624389046939095
1720.0,5.334032687554035
1725.0,4.5555320103247166
1730.0,6.01336636192768
1735.0,4.780541106648993
1740.0,4.937908609485013
1745.0,4.280530085316228
1750.0,4.922932395068026
1755.0,5.046138081771356
1760.0,5.24590621885757
1765.0,4.6428075310049906
1770.0,4.796853857880765
1775.0,5.054779236139703
1780.0,4.117280216000346
1785.0,4.144771929630252
1790.0,4.995828193168723
1795.0,5.683383064935396
1800.0,4.409797800869489
1805.0,5.533154487338844
1810.0,5.0860745128584375
1815.0,5.660305163796889
1820.0,4.891699345344636
1825.0,5.008133592762517
1830.0,5.126635901153155
1835.0,4.859195758560198
1840.0,4.323000656183872
1845.0,5.0865323146915
1850.0,5.029035274635774
1855.0,4.693619345319354
1860.0,5.0284959065338795
1865.0,5.345302764443253
1870.0,5.466050889513262
1875.0,5.039099542219981
1880.0,5.299225338790896
1885.0,5.055187213915987
1890.0,4.948626576101293
1895.0,5.324379519775455
1900.0,4.969346135454658
1905.0,5.375713732626609
1910.0,4.257941490669832
1915.0,5.878816036453558
1920.0,4.2950610220330265
1925.0,5.25923788413235
1930.0,5.497759157818063
1935.0,4.177845017581592
1940.0,4.519555848380168
1945.0,4.561493194419862
1950.0,5.226386000754764
1955.0,4.925069691197117
1960.0,4.8214024159908115
1965.0,3.884038144933694
1970.0,4.112894600955062
1975.0,4.45682773950381
1980.0,5.390101584769758
1985.0,5.4200836853938945
1990.0,4.928732912997766
1995.0,4.903024685520332
2000.0,4.7067175425320995
2005.0,5.58866370705819
2010.0,4.704675219010979
2015.0,4.618084097167285
2020.0,5.148849554375343
2025.0,4.60317524708828
2030.0,4.962628095854374
2035.0,4.444798933002283
2040.0,5.2342461323652225
2045.0,4.9465756464554875
2050.0,5.236370774823615
2055.0,4.567574802489245
2060.0,4.188150167023245
2065.0,5.120221292944093
2070.0,5.552909908679868
2075.0,3.6698832879577936
2080.0,4.754444000489409
2085.0,4.217593961116288
2090.0,6.070062027329401
2095.0,4.758140141401482
2100.0,5.050452929656781
2105.0,5.9570738407761
2110.0,4.4386095401110826
2115.0,5.189811351857448
2120.0,5.140332068009949
2125.0,4.440734108849334
2130.0,4.028436787111422
2135.0,5.505406300922826
2140.0,4.1674394175162135
2145.0,5.00009360599418
2150.0,4.850843314908969
2155.0,4.822912712327538
2160.0,5.2940986594198645
2165.0,4.894322008998581
2170.0,4.179129001261397
2175.0,4.406749764958042
2180.0,5.21579259382223
2185.0,4.999445005241542
2190.0,5.464617591113924
2195.0,4.459487872878565
2200.0,5.065185280435016
2205.0,4.657226012268971
2210.0,5.744147462282112
2215.0,5.795289672973434
2220.0,4.793401970441492
2225.0,5.0692152365294385
2230.0,4.622138848063559
2235.0,4.2276132145705665
2240.0,5.8579107491738105
2245.0,5.629635566046416
2250.0,5.144896487614682
2255.0,4.77382434015512
2260.0,4.9045589515950825
2265.0,4.76409329619541
2270.0,4.770284108141144
2275.0,5.7416082708142655
2280.0,5.600539743274424
2285.0,4.763806279288155
2290.0,4.493111523203788
2295.0,3.958214618559346
2300.0,5.041061282635672
2305.0,4.755023369613966
2310.0,5.0655536989618355
2315.0,4.43497079182408
2320.0,5.368264320032477
2325.0,4.152869517976816
2330.0,5.3757192836552194
2335.0,5.079204900629486
2340.0,4.589885528533591
2345.0,4.435597302971984
2350.0,5.280170077775385
2355.0,5.473116287698109
2360.0,5.364844024344082
2365.0,5.612433424580738
2370.0,5.311563026504461
2375.0,4.498450791054192
2380.0,4.395364278190123
2385.0,5.38423386045096
2390.0,5.95127869908257
2395.0,5.052805661230197
2400.0,5.102804342816086
2405.0,5.018415806844784
2410.0,5.3498044876469875
2415.0,4.959718441743293
2420.0,5.760008102758762
2425.0,4.012006032808261
2430.0,4.483791874374214
2435.0,4.676347620293089
2440.0,5.083003031576333
2445.0,4.607426771627656
2450.0,6.105357458289012
2455.0,5.073764183119944
2460.0,5.024807299178958
2465.0,5.659180385099523
2470.0,4.985162429050992
2475.0,5.32081221336726
2480.0,4.830964954999299
2485.0,4.496334811483479
2490.0,4.977881406399297
2495.0,5.9075582187641285
2500.0,4.267392734358935
2505.0,5.20100094609417
2510.0,4.9974246105793005
2515.0,5.625387198999876
2520.0,6.042882828389543
2525.0,4.444431404386887
2530.0,5.30806268394786
2535.0,4.486554254070438
2540.0,4.9119785528501145
2545.0,5.776536372849443
2550.0,5.921265536672899
2555.0,5.124737776674229
2560.0,4.687853484558375
2565.0,5.048658539040125
2570.0,5.645278869435289
2575.0,3.7008393348920245
2580.0,4.9423719279523946
2585.0,4.8829201813336445
2590.0,4.465228471984585
2595.0,5.309303230324373
2600.0,5.453076482558272
2605.0,4.309996125159093
2610.0,5.407715664204254
2615.0,5.349003487098516
2620.0,5.224009560623954
2625.0,5.012259449619078
2630.0,4.811207357560115
2635.0,5.493567787477958
2640.0,4.5810846414645265
2645.0,5.281961393982672
2650.0,5.258590995915806
2655.0,5.024678699144801
2660.0,5.49249739900671
2665.0,4.116687907686771
2670.0,4.949706045125477
2675.0,5.800349229854901
2680.0,5.4476158414604345
2685.0,5.175106180256213
2690.0,4.6197104346939755
2695.0,5.683746694024834
2700.0,4.424822270476776
2705.0,5.803513135515787
2710.0,5.448837697076707
2715.0,5.434302681624301
2720.0,4.898029848544333
2725.0,4.571441458322167
2730.0,4.238075614393569
2735.0,5.685504475483486
2740.0,4.840070159351312
2745.0,5.7079121054278215
2750.0,5.127934948153054
2755.0,33.37122890583429
2760.0,31.939577121267867
2765.0,31.9056022834665
2770.0,31.671354240925673
2775.0,34.31561251843973
2780.0,33.056469030192744
2785.0,33.202405109405625
2790.0,30.884205078194732
2795.0,32.84788999473515
2800.0,33.69500780353489
2805.0,31.28816472000159
2810.0,31.887907684994012
2815.0,33.1261216478992
2820.0,33.702707471187814
2825.0,32.50301485689098
2830.0,34.432740797271244
2835.0,30.627638824853555
2840.0,31.075138942456466
2845.0,32.31085805175733
2850.0,32.00446696763812
2855.0,31.095148399548158
2860.0,32.242114241505114
2865.0,32.509336646462394
2870.0,31.7239483539225
2875.0,31.956713190184324
2880.0,30.9048770051963
2885.0,32.636712994515825
2890.0,30.962374718100374
2895.0,32.460300628827255
2900.0,30.282403957989327
2905.0,29.566276216542224
2910.0,27.958581461186196
2915.0,30.49748218310894
2920.0,28.353082261612805
2925.0,33.00431623496273
2930.0,30.283186547653248
2935.0,31.366282650565886
2940.0,29.06615597850767
2945.0,30.275281208714734
2950.0,29.336393268739194
2955.0,25.502496931396514
2960.0,28.748475421301237
2965.0,29.98546417812718
2970.0,27.08143840585542
2975.0,25.043627396322513
2980.0,24.054802476426996
2985.0,24.245301269692057
2990.0,22.646673773569592
2995.0,23.571503006883454
3000.0,22.784977513884478
3005.0,20.82705584761992
3010.0,21.232101199767293
3015.0,18.763358868599262
3020.0,17.960973518666016
3025.0,15.8115895871182
3030.0,14.234850446250828
3035.0,12.022747416039678
3040.0,9.46424414529201
3045.0,8.550017128808424
3050.0,4.292412034757588
3055.0,32.76008153751832
3060.0,30.376841621865537
3065.0,28.905467874016203
3070.0,27.9834414077525
3075.0,26.065057513171887
3080.0,26.676145551755848
3085.0,24.50072504479937
3090.0,23.992013175879624
3095.0,22.349095448838195
3100.0,22.06632761682081
3105.0,19.81692771463614
3110.0,21.36406504964219
3115.0,19.31277134495088
3120.0,17.067726429077297
3125.0,17.13535640152957
3130.0,18.023997636997997
3135.0,16.648038525513773
3140.0,17.352604323400502
3145.0,16.742266842764497
3150.0,15.59184836739951
3155.0,14.349789958505017
3160.0,14.918064457012004
3165.0,13.444496997485754
3170.0,13.718075020561539
3175.0,13.073774810207615
3180.0,13.148930081567988
3185.0,10.958402991307015
3190.0,11.360361945040008
3195.0,12.304977630424258
3200.0,10.993347670229458
3205.0,10.920680228358133
3210.0,11.556859878972004
3215.0,9.803538518255163
3220.0,10.346223350600429
3225.0,9.746205655932613
3230.0,10.071833188721808
3235.0,10.137379701705088
3240.0,8.0336805491353
3245.0,7.8897218989029625
3250.0,8.685188589683824
3255.0,8.965938587806143
3260.0,8.535023826471148
3265.0,8.742438230851374
3270.0,8.945026812029942
3275.0,6.91807901991532
3280.0,7.331543674139821
3285.0,9.314733131084504
3290.0,7.3495705665453075
3295.0,7.557037989314982
3300.0,7.481920281463459
3305.0,6.901628287965936
3310.0,6.631135241832548
3315.0,6.856201035244294
3320.0,6.277136565273624
3325.0,7.489866416592724
3330.0,6.43589536418221
3335.0,6.137871205876907
3340.0,5.961836085457866
3345.0,6.868845073052354
3350.0,6.794473445160209
3355.0,4.457904492152479
3360.0,5.0072843651234535
3365.0,4.761578733894728
3370.0,4.800420011349436
3375.0,5.603325764490489
3380.0,4.769473704409664
3385.0,5.760615098711815
3390.0,5.390131707834415
3395.0,4.567071420297608
3400.0,4.746279503311081
3405.0,4.5355414097899125
3410.0,5.234650240365075
3415.0,4.8700675504894475
3420.0,5.103965477240744
3425.0,4.2799334130499185
3430.0,5.836676326924039
3435.0,5.483462098441152
3440.0,4.941008608646643
3445.0,4.008226461078809
3450.0,5.266663950430538
3455.0,4.527990633589296
3460.0,5.624738608267082
3465.0,5.053663835509857
3470.0,5.057149318348691
3475.0,5.965826519756682
3480.0,3.9031254736446144
3485.0,5.123771220833484
3490.0,5.50406155931666
3495.0,4.481262861158453
3500.0,4.155682610124577
3505.0,5.584128672954117
3510.0,4.942928203077726
3515.0,4.859677159046198
3520.0,4.988228652825841
3525.0,5.5860857926426295
3530.0,5.4366572401233455
3535.0,3.775108453484974
3540.0,5.136060100646878
3545.0,5.322203748881663
3550.0,3.860093715000594
3555.0,5.23835914226525
3560.0,6.777042147246901
3565.0,4.785045335258062
3570.0,4.493671208867223
3575.0,3.9989799560614356
3580.0,5.549382631710134
3585.0,5.013764985827271
3590.0,5.070257634359679
3595.0,5.427779352503837
3600.0,4.380065707923628
3605.0,4.76813689767792
3610.0,4.571067506454179
3615.0,5.213073446472302
3620.0,4.789190218643649
3625.0,5.073167726731271
3630.0,4.713508716604374
3635.0,4.630990926533103
3640.0,6.021164478545479
3645.0,4.753201397882124
3650.0,6.050961302977145
3655.0,5.222504065775046
3660.0,4.335622390407495
3665.0,5.382389203817967
3670.0,3.5577099652335726
3675.0,5.003047105101764
3680.0,4.686109865590384
3685.0,4.757474049496716
3690.0,5.139769415746775
3695.0,5.597892233328813
3700.0,3.967927176257966
3705.0,4.640715451368686
3710.0,4.2098290900788395
3715.0,5.28905193968872
3720.0,5.382613512586184
3725.0,4.621339748404101
3730.0,4.963834709089919
3735.0,5.8067849336110475
3740.0,5.437857720708047
3745.0,4.944039100453585
3750.0,5.494761580232344
3755.0,5.397874791299008
3760.0,5.548091957215071
3765.0,5.333016070379809
3770.0,5.01479380480828
3775.0,5.743428910404427
3780.0,5.393495056108156
3785.0,4.595930434502495
3790.0,4.637500112207682
3795.0,5.329738138700724
3800.0,4.388752163524085
3805.0,4.292345085240667
3810.0,4.469717231483506
3815.0,5.041300819453013
3820.0,5.2275180025128
3825.0,4.906939110231625
3830.0,5.1828028601171905
3835.0,3.8450711417643406
3840.0,6.286264052182068
3845.0,4.602569755524769
3850.0,4.8905399244811445
3855.0,4.39112567119529
3860.0,5.455435853858685
3865.0,4.718029307038691
3870.0,5.493325560438725
3875.0,4.919266379779529
3880.0,5.616351369946936
3885.0,4.986270782063419
3890.0,5.39941088776238
3895.0,5.061917877385037
3900.0,5.099238683674821
3905.0,5.285711008019588
3910.0,4.021276059634898
3915.0,5.274525730609301
3920.0,5.085120717785064
3925.0,4.942385233620892
3930.0,4.334623198783559
3935.0,5.213046502952748
3940.0,5.941596823605055
3945.0,4.780663966261565
3950.0,5.229463654581744
3955.0,5.867217822987533
3960.0,5.337079918184626
3965.0,6.046014745659052
3970.0,4.923419259903205
3975.0,4.725575217315631
3980.0,4.188015675684918
3985.0,5.788462089262689
3990.0,5.097756781908957
3995.0,5.581455886249158
4000.0,5.07153077400761
4005.0,5.062043918486382
4010.0,4.475788413228565
4015.0,6.219125225949499
4020.0,5.708188309422701
4025.0,5.0346054009455905
4030.0,5.20307428329958
4035.0,3.10887090120559
4040.0,5.2449209258081515
4045.0,5.047416455117873
4050.0,6.261454762207291
4055.0,5.206209657301462
4060.0,4.493191165262115
4065.0,5.00751949870517
4070.0,4.0945485686107785
4075.0,4.981584656154725
4080.0,4.99495633885392
4085.0,4.827550532094639
4090.0,5.448889844492676
4095.0,5.887564129736492
4100.0,4.332523075421113
4105.0,5.018743331504083
4110.0,5.127937865563331
4115.0,5.205248856428991
4120.0,5.468934296342317
4125.0,4.6468170408070835
4130.0,5.088296058843175
4135.0,4.995131297032151
4140.0,4.05873620118636
4145.0,4.805877032233505
4150.0,4.68609143298538
4155.0,5.506748726710478
4160.0,5.536535222846635
4165.0,5.371558106721317
4170.0,5.085987612092675
4175.0,5.304446244147298
4180.0,5.256462847389374
4185.0,5.070531375678658
4190.0,5.432427845916053
4195.0,5.15423579125814
4200.0,5.43439957915711
4205.0,4.960384110933471
4210.0,4.905350519780183
4215.0,4.492990816996807
4220.0,4.673705251889147
4225.0,4.964199188127457
4230.0,5.217433220779649
4235.0,5.300770442717329
4240.0,5.417174172989368
4245.0,5.636605886106831
4250.0,4.685005162080856
4255.0,4.462727946527095
4260.0,4.958503596671961
4265.0,4.51666099172785
4270.0,6.182711486681634
4275.0,3.4191280738981895
4280.0,5.85776629626446
4285.0,5.90111350032124
4290.0,5.371065423943505
4295.0,5.054449502261483
4300.0,4.972489549297496
4305.0,5.030826746266197
4310.0,5.9420252624704935
4315.0,4.883444125750978
4320.0,5.172180846279231
4325.0,4.632558092776147
4330.0,3.6667663277133977
4335.0,6.351160097136897
4340.0,4.397230226431772
4345.0,4.3142120139330284
4350.0,16.614826956880496
4355.0,16.837382178948552
4360.0,16.1357657173801
4365.0,16.415415145362367
4370.0,16.306810068699058
4375.0,16.247470800427955
4380.0,16.505546969431222
4385.0,17.010516379361142
4390.0,16.705448863346902
4395.0,17.60785052916257
4400.0,16.102561857687682
4405.0,15.89509812455682
4410.0,16.441007913489877
4415.0,16.28129151374103
4420.0,15.189775293132064
4425.0,15.689100164477045
4430.0,15.82801836841866
4435.0,16.59856388402788
4440.0,17.125320345234762
4445.0,17.05810155829184
4450.0,17.38707678152565
4455.0,16.697846239563006
4460.0,17.151047754153463
4465.0,14.729848684405528
4470.0,14.554245767287872
4475.0,16.251819984147502
4480.0,15.798813950018976
4485.0,16.206712288468825
4490.0,15.382342877984962
4495.0,17.016312463117906
4500.0,15.980740591642753
4505.0,16.176227182563064
4510.0,16.499427606020095
4515.0,14.892373724402614
4520.0,15.644249513254223
4525.0,14.595131521470018
4530.0,13.896430295573714
4535.0,15.188249325463854
4540.0,14.7179003982735
4545.0,12.399689146887658
4550.0,12.96097273283716
4555.0,14.774770247470792
4560.0,13.902496672742444
4565.0,12.499186217786534
4570.0,12.255842543350505
4575.0,12.999924931615888
4580.0,11.725368406826947
4585.0,13.462150690754182
4590.0,11.892914448705046
4595.0,10.82566694936334
4600.0,9.946714316874894
4605.0,10.492223322665904
4610.0,10.53470423316126
4615.0,8.92141233485727
4620.0,9.126766252512974
4625.0,8.6897247920278
4630.0,6.89929627966996
4635.0,7.112352710185047
4640.0,5.475242093701551
4645.0,5.1742366956864965
4650.0,16.00535384165335
4655.0,16.160109934412265
4660.0,15.554299209933115
4665.0,15.703211569322155
4670.0,14.94959331826199
4675.0,14.412825420830416
4680.0,14.344131992106862
4685.0,14.270077091418653
4690.0,12.508860859289246
4695.0,12.704128203470892
4700.0,11.556587839455167
4705.0,12.793303998647463
4710.0,10.27442563064557
4715.0,11.355873942443932
4720.0,11.063158678677436
4725.0,10.50556598047986
4730.0,9.19807357097481
4735.0,10.70415282021646
4740.0,9.709897053221264
4745.0,8.188493670969901
4750.0,9.46540514230768
4755.0,9.199138036034169
4760.0,8.906670428180888
4765.0,7.7485160173709815
4770.0,8.115427254423752
4775.0,8.692809143883519
4780.0,8.255947257968339
4785.0,8.523819147370983
4790.0,7.497206888705404
4795.0,7.022040850282423
4800.0,8.0128637254758
4805.0,8.006855200479794
4810.0,7.8526483848620785
4815.0,7.3187918930118725
4820.0,5.963435116837873
4825.0,8.603410386277664
4830.0,7.040168092147295
4835.0,7.0178543705958045
4840.0,6.552198201916447
4845.0,6.823280459546351
4850.0,6.592914831322825
4855.0,7.307504836407361
4860.0,6.829224700814838
4865.0,6.714602831965462
4870.0,6.722143435874206
4875.0,5.920323877193201
4880.0,7.4210199155249
4885.0,6.345058058384785
4890.0,6.186544299312762
4895.0,7.088227153317784
4900.0,6.428049920531665
4905.0,5.9670350170373485
4910.0,6.862529825431598
4915.0,6.238860604098408
4920.0,5.80469675691273
4925.0,6.280291577473081
4930.0,5.9528158851862525
4935.0,5.642059913215081
4940.0,5.285221041521482
4945.0,5.678624258768124
4950.0,4.126938381967929
4955.0,5.412571805014599
4960.0,5.41011738646767
4965.0,5.034943373126309
4970.0,4.988369906355638
4975.0,4.930233495428915
4980.0,5.879934292450317
4985.0,4.60080238423366
4990.0,5.35103867878105
4995.0,5.511494088782009
5000.0,5.329364920309585
5005.0,5.073932927613928
5010.0,5.088626611136563
5015.0,5.557869158420628
5020.0,4.192814138415999
5025.0,5.109112033973092
5030.0,4.470386351499794
5035.0,5.5093492696560356
5040.0,6.059310037858829
5045.0,4.4902625364223585
5050.0,4.566778181350576
5055.0,4.870432903575631
5060.0,4.991976736294573
5065.0,5.421894002049515
5070.0,5.783786687779578
5075.0,4.689370221589331
5080.0,5.125414905313518
5085.0,4.888440284510922
5090.0,4.955632924658294
5095.0,5.500611490491269
5100.0,5.587752650204388
5105.0,5.767602252222788
5110.0,5.449190568394686
5115.0,4.638996251705423
5120.0,5.061906692605421
5125.0,4.720779449830123
5130.0,5.396246784585538
5135.0,5.127367448792662
5140.0,4.69355523156378
5145.0,5.264978487767513
5150.0,4.555320849796194
5155.0,4.1115359276044074
5160.0,4.655750155484126
5165.0,5.307390142302787
5170.0,5.612619473436725
5175.0,5.692735397743588
5180.0,5.059570735475704
5185.0,4.648661923757817
5190.0,4.856684418899282
5195.0,4.3616765909127695
5200.0,4.971423742077512
5205.0,5.199980357288019
5210.0,4.738255981976783
5215.0,4.4974530167132425
5220.0,4.270462474267609
5225.0,5.822545288110426
5230.0,4.743187754670136
5235.0,3.705494097682487
5240.0,4.085603276540718
5245.0,5.239195229123658
5250.0,4.714958842334642
5255.0,4.786054924303242
5260.0,5.137990186624242
5265.0,4.790362836620553
5270.0,5.444097166622411
5275.0,5.213041699719399
5280.0,5.040081832598016
5285.0,6.009577567241214
5290.0,5.216065495597267
5295.0,5.527359912818725
5300.0,5.392067548860105
5305.0,4.960044186738806
5310.0,4.52673181284999
5315.0,4.400558357677818
5320.0,4.849257524265667
5325.0,5.080890094255329
5330.0,5.494163502309975
5335.0,5.364896080131762
5340.0,4.862167167994219
5345.0,4.484990765805056
5350.0,5.63649225531063
5355.0,4.929928499578189
5360.0,5.24435429145845
5365.0,5.735414457922521
5370.0,5.114468572661015
5375.0,5.251410931913255
5380.0,5.296295736009286
5385.0,4.041721753015791
5390.0,5.247301110891729
5395.0,5.092057717255998
5400.0,4.863048591746057
5405.0,5.4440848021215515
5410.0,4.383883125737233
5415.0,5.637595163434685
5420.0,4.935834105812062
5425.0,5.029241976613635
5430.0,5.237312786751355
5435.0,5.520911496540563
5440.0,4.835596033400833
5445.0,4.558269628830661
5450.0,4.809129920265267
5455.0,5.113775178191396
5460.0,5.045057860771721
5465.0,4.599010504893612
5470.0,3.8332319006235287
5475.0,4.8185657199021845
5480.0,4.802673942221624
5485.0,5.267601929276909
5490.0,5.4513651617147385
5495.0,4.418416893820006
5500.0,5.948212481812414
5505.0,4.993236218580483
5510.0,5.1618204097445135
5515.0,4.836474893304047
5520.0,5.451837085532965
5525.0,5.267139921153289
5530.0,4.439265343136791
5535.0,3.6850174561896827
5540.0,5.5772140205262755
5545.0,4.946708158399466
5550.0,5.630664507512964
5555.0,4.700044798361911
5560.0,5.271742415720437
5565.0,5.144295905023802
5570.0,4.3406143205872025
5575.0,4.979133773976317
5580.0,4.659355912730217
5585.0,5.7503401833735195
5590.0,4.967710595799314
5595.0,5.5197805505306246
5600.0,4.6286576348071655
5605.0,5.8314569545696715
5610.0,5.678019253266653
5615.0,5.447738123684916
5620.0,5.066147529705521
5625.0,5.505710692977914
5630.0,4.254179628972533
5635.0,5.5468537233927
5640.0,4.843535934151511
5645.0,20.797083232337776
5650.0,21.01047268696784
5655.0,19.23287355011471
5660.0,20.641024232676344
5665.0,21.284446489028266
5670.0,19.73073324062647
5675.0,20.690149075706284
5680.0,19.05213594743326
5685.0,21.037134050780217
5690.0,20.524806916216924
5695.0,19.62332824178691
5700.0,20.247169941329904
5705.0,19.464751046413905
5710.0,19.329729674169982
5715.0,19.559572039623347
5720.0,20.85265449821659
5725.0,19.818331195243537
5730.0,19.109692260067852
5735.0,19.135906037895744
5740.0,18.97223129392198
5745.0,19.542008550441565
5750.0,19.353275582657243
5755.0,18.932794257327295
5760.0,18.634151601995647
5765.0,17.895094070962642
5770.0,18.057437709494657
5775.0,18.562188772180352
5780.0,18.243085948384675
5785.0,19.18715108453559
5790.0,18.193328254549677
5795.0,18.64014148460979
5800.0,16.98777174728749
5805.0,18.597770026669902
5810.0,16.737487757797673
5815.0,17.018920202478352
5820.0,16.46334124533586
5825.0,15.808869877682067
5830.0,16.172987901121534
5835.0,15.722292807891524
5840.0,16.14314661094436
5845.0,16.25815892872794
5850.0,14.327326232591284
5855.0,14.737076494003853
5860.0,14.729665796254693
5865.0,14.5037504747556
5870.0,13.135032681180927
5875.0,13.815435968597068
5880.0,12.804044271952256
5885.0,14.13879678713621
5890.0,11.33701444864489
5895.0,11.26281163594599
5900.0,10.370743531867339
5905.0,10.156940852171253
5910.0,10.40919208626867
5915.0,9.008998201563877
5920.0,8.859362073485666
5925.0,7.081622072450941
5930.0,7.269864319128496
5935.0,6.074636535052305
5940.0,5.1762670143296114
5945.0,20.89130996564326
5950.0,18.743986631335904
5955.0,18.520617979270586
5960.0,17.687469254930726
5965.0,16.925687393131213
5970.0,17.32843883781938
5975.0,16.208341708096405
5980.0,14.97410826865871
5985.0,15.297103991785903
5990.0,14.15780672658688
5995.0,14.51836678150546
6000.0,13.950070369498553
6005.0,13.494052689992282
6010.0,13.128713110016156
6015.0,13.01387450917996
6020.0,12.559863217127912
6025.0,10.95938425735424
6030.0,12.573189460570442
6035.0,10.209799418359198
6040.0,10.951725227181207
6045.0,9.307992319149578
6050.0,9.329640258382955
6055.0,10.409238265334489
6060.0,9.360475526244718
6065.0,10.223721006614785
6070.0,9.812154674790971
6075.0,10.038653710238929
6080.0,9.521264060861629
6085.0,8.238937871244557
6090.0,8.731978968822457
6095.0,9.68806664808437
6100.0,7.112829383542366
6105.0,7.855194468923154
6110.0,8.447284295304774
6115.0,7.294021479145305
6120.0,7.920685844041612
6125.0,7.767397327000758
6130.0,7.550707246912054
6135.0,7.180876645228281
6140.0,6.935710426699774
6145.0,7.703186238754093
6150.0,7.22243794838096
6155.0,5.6314907765139175
6160.0,5.8888391069513
6165.0,7.094575374034186
6170.0,6.358347515950857
6175.0,7.232188068231272
6180.0,6.4492713172050005
6185.0,6.068314059023286
6190.0,6.197832755790145
6195.0,6.550850370461116
6200.0,5.892554386368284
6205.0,5.155442591365074
6210.0,7.243557817744209
6215.0,5.996080365447889
6220.0,5.810879861301294
6225.0,6.360747395791087
6230.0,5.838472757965998
6235.0,5.399102252278796
6240.0,5.541734698682667
6245.0,4.615858660946396
6250.0,5.718151296555547
6255.0,3.9461855592675064
6260.0,5.115922095443555
6265.0,4.838613168811593
6270.0,4.564406396924646
6275.0,4.4524512776698995
6280.0,4.510099565828717
6285.0,5.234870774662882
6290.0,4.676230363663446
6295.0,4.507968194406251
6300.0,5.334164783086491
6305.0,4.914988547253483
6310.0,5.231120847688594
6315.0,4.763518579389084
6320.0,6.032387118740637
6325.0,4.806857125667077
6330.0,5.03050579892574
6335.0,5.461906971743873
6340.0,4.742380990884924
6345.0,6.1137778143539565
6350.0,5.593952458455339
6355.0,5.373063875408026
6360.0,4.959212873470806
6365.0,5.337243256586883
6370.0,4.888116072540198
6375.0,5.455177353922805
6380.0,5.3807085082896435
6385.0,5.072450004000197
6390.0,5.4268650076608544
6395.0,5.718670300887482
6400.0,5.811218341593096
6405.0,4.789045833162856
6410.0,5.735763585257867
6415.0,4.8028174104186
6420.0,5.222730823320856
6425.0,4.997166770960788
6430.0,4.681960639284104
6435.0,4.980637032774689
6440.0,4.479947233145362
6445.0,6.444838274287429
6450.0,5.211491948070141
6455.0,4.822930925789479
6460.0,5.507160179290012
6465.0,4.170273709551673
6470.0,5.228683903742983
6475.0,5.259549685306866
6480.0,5.197388393071849
6485.0,4.588481644523383
6490.0,4.717835698421839
6495.0,4.281360012993978
6500.0,5.565456706434326
6505.0,5.046333757315246
6510.0,4.759491538842233
6515.0,5.342564113552315
6520.0,4.824418742709762
6525.0,4.741107043729921
6530.0,4.536076620508569
6535.0,4.61596866317607
6540.0,5.241833574917424
6545.0,4.577265307807107
6550.0,4.82858074045488
6555.0,5.7136273566908695
6560.0,5.361814275030698
6565.0,5.471099260719014
6570.0,5.552889536001752
6575.0,5.461798946565697
6580.0,6.479201131069951
6585.0,5.569220376240059
6590.0,4.604221400796208
6595.0,4.8831018602998135
6600.0,5.745793982634913
6605.0,4.761839703504214
6610.0,6.572720404471724
6615.0,4.23592177278715
6620.0,5.0758421520249035
6625.0,5.369272846668159
6630.0,4.482930288664409
6635.0,4.763888493169003
6640.0,4.939979443644075
6645.0,6.2024685841863265
6650.0,5.068956735671148
6655.0,5.365790495000519
6660.0,4.817100363271947
6665.0,5.336934605194882
6670.0,4.940362884672112
6675.0,4.642589719848812
6680.0,5.404030331221915
6685.0,4.8659207070960555
6690.0,5.576380631225051
6695.0,5.406649870354407
6700.0,4.658773664282708
6705.0,4.482648453497067
6710.0,4.876905020551023
6715.0,5.74973511332986
6720.0,5.930669430374916
6725.0,5.456014026407192
6730.0,5.173729900899309
6735.0,5.265885337167272
6740.0,4.184048267587157
6745.0,5.518166700193757
6750.0,4.197710010702981
6755.0,4.905676145367751
6760.0,4.564011950988781
6765.0,5.591213306072662
6770.0,4.293392882699836
6775.0,5.326664167271097
6780.0,5.2085409518800585
6785.0,4.948862776886193
6790.0,5.210408000484684
6795.0,5.817601646838616
6800.0,4.772200151251794
6805.0,5.229335630856956
6810.0,6.252192010607311
6815.0,5.15923769246578
6820.0,5.055660624456226
6825.0,5.074515699701619
6830.0,5.033724596339907
6835.0,5.834015534606698
6840.0,5.600724224113338
6845.0,4.394457856561079
6850.0,4.14025005193474
6855.0,5.221756045612766
6860.0,5.053759126335846
6865.0,5.9667594106328945
6870.0,5.947121803133671
6875.0,5.184728209111564
6880.0,5.147012252689889
6885.0,5.175630699298144
6890.0,4.780043242728944
6895.0,4.885291787902313
6900.0,4.91225576411478
6905.0,4.902989837909452
6910.0,4.585315368121815
6915.0,4.975494244979317
6920.0,4.83013483530572
6925.0,5.444373138198869
6930.0,5.709964089530196
6935.0,5.0977515838929826
6940.0,4.422050051190551
6945.0,5.171930493030414
6950.0,5.378918197133314
6955.0,5.104028021494593
6960.0,5.092296734698435
6965.0,5.20285642183196
6970.0,6.0853470996300905
6975.0,5.04173483716064
6980.0,4.607556068224655
6985.0,5.1201909588985455
6990.0,5.302003274197181
6995.0,5.011438669675396
7000.0,4.935325408403447
7005.0,4.462647742250096
7010.0,4.76533150082655
7015.0,5.854126384305772
7020.0,5.097701536685227
7025.0,4.829183203625382
7030.0,5.180870682174463
7035.0,4.944686019340226
7040.0,3.743845208090299
7045.0,4.977712959194937
7050.0,5.430695775053622
7055.0,4.7064872457324505
7060.0,5.65289293723074
7065.0,5.002184845112653
7070.0,4.626214257270766
7075.0,4.265749156784817
7080.0,5.777277429149068
7085.0,4.305281252585173
7090.0,5.132032738313431
7095.0,5.7436221904158575
7100.0,4.813190450116336
7105.0,3.9508580907291053
7110.0,5.249833276644136
7115.0,4.832521274347188
7120.0,5.730895976845046
7125.0,4.446457041503555
7130.0,5.79522218958443
7135.0,5.150413717367272
7140.0,5.125149291662307
7145.0,5.432006353627668
7150.0,4.2567232812703
7155.0,4.90365457309254
7160.0,5.9470714079079405
7165.0,5.54834597748355
7170.0,4.997090744267106
7175.0,5.165964940922974
7180.0,6.0637691034886725
7185.0,4.523739704405881
7190.0,4.799795400346861
7195.0,4.6462949565338985
7200.0,3.9801809919849207
7205.0,4.957972228603273
7210.0,5.385492131834259
7215.0,4.897233075044324
7220.0,5.5971562464034275
7225.0,5.264463905965173
7230.0,4.633628842555836
7235.0,4.939259618162558
7240.0,5.7736028129744215
7245.0,5.395618057821752
7250.0,4.677624369771251
7255.0,4.379838433328092
7260.0,4.8146139358839175
7265.0,4.947686567583451
7270.0,19.23522323848348
7275.0,16.067083929951302
7280.0,17.7962727311363
7285.0,17.403522478155136
7290.0,17.739844969232365
7295.0,17.389755929841858
7300.0,17.534436572008943
7305.0,18.231796449530115
7310.0,18.49234696786465
7315.0,17.22819687559194
7320.0,16.854127328705157
7325.0,18.285454511530784
7330.0,18.727583989432954
7335.0,17.92941920462301
7340.0,17.617548260534726
7345.0,17.984843240875453
7350.0,18.862861831033573
7355.0,16.605084151779785
7360.0,16.82089313138871
7365.0,17.779059545433803
7370.0,17.332631856683438
7375.0,17.459220495679567
7380.0,17.13471564649256
7385.0,15.87176580054015
7390.0,16.27851560573398
7395.0,16.428355966730482
7400.0,16.75514109796692
7405.0,15.142106270676072
7410.0,16.908881580504637
7415.0,16.560827583426615
7420.0,16.440552400215704
7425.0,16.381944967997025
7430.0,15.119629724889046
7435.0,15.431137010283058
7440.0,15.621449096359502
7445.0,15.759439445723217
7450.0,15.332954783291887
7455.0,14.00944378516624
7460.0,15.084422576995987
7465.0,15.187633841875098
7470.0,12.832246040461408
7475.0,14.232854427409915
7480.0,13.966341601737287
7485.0,12.969163320666812
7490.0,12.702022398002176
7495.0,12.463344505250065
7500.0,13.12819343954782
7505.0,13.003697827182332
7510.0,12.913691811954418
7515.0,11.74985783637577
7520.0,10.444014738601265
7525.0,10.943071159154197
7530.0,10.226072103285192
7535.0,9.504102854426948
7540.0,8.624904227879682
7545.0,8.73197564062078
7550.0,7.806061572099319
7555.0,7.2325204862195545
7560.0,6.814921005724322
7565.0,5.690901895066557
7570.0,18.92599669782004
7575.0,17.375202266678816
7580.0,17.197743658216297
7585.0,16.132993180091535
7590.0,16.32114166046201
7595.0,15.844834565824211
7600.0,14.355223788401066
7605.0,13.615980932144783
7610.0,12.814723442441982
7615.0,12.128040084648374
7620.0,13.109803394567233
7625.0,11.928426582864175
7630.0,11.72756643777873
7635.0,11.025922868960818
7640.0,11.53086529731752
7645.0,9.346001666999928
7650.0,10.601256590955375
7655.0,11.009917717048152
7660.0,9.493208625901907
7665.0,9.785059189376614
7670.0,10.350974382716661
7675.0,9.865680726608039
7680.0,8.250677743620795
7685.0,9.513865890691275
7690.0,9.57537411097299
7695.0,9.630870138146635
7700.0,7.887368096101033
7705.0,8.957550462251039
7710.0,7.611440688953971
7715.0,8.376702616832011
7720.0,8.10480266068361
7725.0,7.43359749633405
7730.0,8.448318248662478
7735.0,7.377277518802941
7740.0,7.305631018390644
7745.0,6.5854195645977684
7750.0,7.728394915169575
7755.0,7.107186254156863
7760.0,6.74367094325852
7765.0,7.2726171246201785
7770.0,7.13755368127875
7775.0,7.4083641722713365
7780.0,6.593101285743987
7785.0,6.364848044870861
7790.0,7.028135126352228
7795.0,7.102236803629756
7800.0,6.304015406637218
7805.0,6.414446122559227
7810.0,6.090739199188112
7815.0,7.148036737276975
7820.0,6.0712099293721575
7825.0,6.337790897132182
7830.0,5.545111616623996
7835.0,4.669872930411055
7840.0,6.908094554210344
7845.0,6.073882777666295
7850.0,6.725259185191137
7855.0,6.101120692940181
7860.0,5.943342156374291
7865.0,5.439844079222101
7870.0,4.771844670755822
7875.0,4.497642381807995
7880.0,5.3742231526113295
7885.0,4.75673471038061
7890.0,4.697715478583985
7895.0,4.051784234839135
7900.0,5.01134311563159
7905.0,5.0098477153944465
7910.0,5.569670426933252
7915.0,4.983021593999047
7920.0,4.873450729585102
7925.0,5.80086718251254
7930.0,4.427862599704353
7935.0,5.3825075936104065
7940.0,3.8656621237409907
7945.0,5.0077534958085534
7950.0,4.975040005763732
7955.0,4.114261348144029
7960.0,5.594600112912202
7965.0,4.773618548326535
7970.0,5.223984380098626
7975.0,5.651041691889785
7980.0,4.42308340563415
7985.0,4.784791998293407
7990.0,4.85056071065584
7995.0,5.2306131629083215
8000.0,5.130679827331127
8005.0,4.240576937793026
8010.0,5.5155219129909945
8015.0,4.846328313554521
8020.0,4.082298793997074
8025.0,5.096579093610958
8030.0,4.784998805840864
8035.0,4.32110719710594
8040.0,4.754593468524709
8045.0,5.382030277803965
8050.0,4.570031925678033
8055.0,4.119980732495479
8060.0,4.47765326616746
8065.0,4.746151381752976
8070.0,4.518894927956303
8075.0,4.889897167584213
8080.0,5.282980586930398
8085.0,5.266971175091343
8090.0,5.5065974053757065
8095.0,4.963354307043173
8100.0,5.4414552040493405
8105.0,5.4634222118886315
8110.0,4.513692934360961
8115.0,5.4886101115099635
8120.0,3.9232335216921514
8125.0,4.683518907768416
8130.0,4.651375713179868
8135.0,5.292260023383389
8140.0,5.127637274669454
8145.0,5.149387610250864
8150.0,5.642532823167379
8155.0,4.944310040682614
8160.0,5.155511235038227
8165.0,5.032132161561671
8170.0,4.280359823704151
8175.0,4.305046274515538
8180.0,4.741004810910715
8185.0,5.916903813467185
8190.0,5.633675328926477
8195.0,5.388585052519746
8200.0,4.741729770356598
8205.0,5.064654094972321
8210.0,5.739017228372443
8215.0,4.606716623889245
8220.0,5.4793904590210865
8225.0,4.332332599308404
8230.0,4.344439460266488
8235.0,5.402827316173701
8240.0,5.82207372327061
8245.0,5.647086829883821
8250.0,4.7457772678484
8255.0,5.2804663116424875
8260.0,4.683140687427907
8265.0,4.851338344850366
8270.0,6.1862526219265055
8275.0,5.061936438885688
8280.0,5.196508881707413
8285.0,5.091506784970717
8290.0,5.265350702817914
8295.0,4.8538732351511005
8300.0,5.655286251242033
8305.0,4.388486977496094
8310.0,5.250940579901664
8315.0,4.866208622386506
8320.0,5.397180079441775
8325.0,5.028608808387435
8330.0,4.598467636781566
8335.0,4.820983860707523
8340.0,5.1140447689403725
8345.0,5.48095029047339
8350.0,4.276604395233042
8355.0,5.950822977733781
8360.0,5.089041482030102
8365.0,5.341769449758945
8370.0,4.542648513017935
8375.0,5.5939554587486935
8380.0,3.241640500151592
8385.0,5.168876514090138
8390.0,4.59521207217481
8395.0,4.691802025880714
8400.0,5.245309173932648
8405.0,4.98581739503372
8410.0,4.932491223896209
8415.0,5.726517083821212
8420.0,5.487525119435134
8425.0,4.3849607681605445
8430.0,4.629898710977082
8435.0,3.48183641232903
8440.0,4.380302162887096
8445.0,4.98759091696102
8450.0,4.678631039368031
8455.0,5.091440518761017
8460.0,5.606001185298878
8465.0,4.884476691717408
8470.0,4.837231603662522
8475.0,6.705376805087885
8480.0,5.425983607565814
8485.0,5.56117431120544
8490.0,4.937339944891104
8495.0,4.884780474049816
8500.0,5.381636780379798
8505.0,4.702313445463429
8510.0,5.695718147010534
8515.0,4.9155698521342615
8520.0,5.581718309642728
8525.0,5.782034704545699
8530.0,5.280291392184658
8535.0,4.909247875980472
8540.0,4.581640759930877
8545.0,6.009199842845818
8550.0,5.425321422128831
8555.0,4.373257287676005
8560.0,5.294502427151503
8565.0,4.442287725555486
8570.0,4.194778169754353
8575.0,4.4777153852725835
8580.0,4.47638366939993
8585.0,4.934723899967165
8590.0,5.090759515107439
8595.0,5.847561098746416
8600.0,4.507951515890357
8605.0,4.074604335815353
8610.0,5.364202214061327
8615.0,4.745971205372027
8620.0,4.3121263005077175
8625.0,4.7718240654448545
8630.0,4.789304036339147
8635.0,4.1747866888521905
8640.0,4.602401934539104
8645.0,5.713096946072756
8650.0,5.465462109638296
8655.0,5.5772431019444735
8660.0,4.39309554913934
8665.0,4.400176602950164
8670.0,4.911037379478228
8675.0,4.674718072163963
8680.0,5.585224507868614
8685.0,5.46628383969698
8690.0,4.971016940021199
8695.0,4.4749284770875
8700.0,4.87712297001868
8705.0,5.235595751467323
8710.0,4.427012328202147
8715.0,26.52811658448696
8720.0,27.102836637108915
8725.0,25.191826908193775
8730.0,26.279949527606192
8735.0,27.412688980825997
8740.0,26.32710749159715
8745.0,28.273771187114498
8750.0,27.10228119252779
8755.0,25.328511601631057
8760.0,27.608911737901302
8765.0,26.559519587595503
8770.0,27.375826514867526
8775.0,25.105232517939864
8780.0,24.5296373662485
8785.0,25.057447075404472
8790.0,26.467555728357997
8795.0,24.413819792815573
8800.0,26.071269096415648
8805.0,25.671012384807664
8810.0,26.717229780997236
8815.0,24.986255759813787
8820.0,24.59841987189529
8825.0,24.870244153851367
8830.0,25.847610563968505
8835.0,26.440917517933052
8840.0,25.224893924782286
8845.0,25.61432902842325
8850.0,24.371323532508082
8855.0,24.558211107436215
8860.0,23.622321342244597
8865.0,23.85507275020182
8870.0,24.119848859792334
8875.0,24.584186686482525
8880.0,24.616006754607838
8885.0,22.174080761207513
8890.0,23.542586588992982
8895.0,23.130818280762476
8900.0,22.629434194402812
8905.0,21.21801300214631
8910.0,21.551592233604435
8915.0,21.057283572633086
8920.0,21.61310634684123
8925.0,21.430676616918408
8930.0,20.50809933608599
8935.0,18.690537426220956
8940.0,19.36517376819653
8945.0,18.23788717463446
8950.0,17.019233522509534
8955.0,16.079481609570283
8960.0,14.958458494583919
8965.0,16.980392665676316
8970.0,14.258971187259684
8975.0,14.005654908018617
8980.0,11.885649737512216
8985.0,12.223957112039583
8990.0,9.720336282996604
8995.0,10.487043026887108
9000.0,8.19999108208856
9005.0,6.880278702138199
9010.0,6.250594089311918
9015.0,27.761330279624826
9020.0,26.074110252948554
9025.0,25.090805758716556
9030.0,23.372365898503062
9035.0,22.272627572457207
9040.0,21.069691841414446
9045.0,19.978300387487852
9050.0,19.898367966704388
9055.0,18.64520004214871
9060.0,18.745252977341444
9065.0,17.558054958412967
9070.0,17.896476384504716
9075.0,16.1526444013988
9080.0,16.830949418869864
9085.0,14.444542287843518
9090.0,15.561812428425906
9095.0,14.383685092067282
9100.0,15.087747965960606
9105.0,13.776590394136637
9110.0,13.871724809093028
9115.0,12.600423889779591
9120.0,12.064892411144813
9125.0,12.942273605578967
9130.0,11.624365758697794
9135.0,12.2107760296898
9140.0,12.130330801014384
9145.0,11.326715902426052
9150.0,10.21477698552042
9155.0,10.787945577539432
9160.0,10.35179849633615
9165.0,9.84568420660163
9170.0,9.966281601908516
9175.0,9.632022669890896
9180.0,8.690505470860533
9185.0,8.48453813894903
9190.0,8.68907326563356
9195.0,9.213165561778247
9200.0,9.233130891774746
9205.0,7.621936529383153
9210.0,9.309374233797794
9215.0,9.249778128316944
9220.0,8.005485269107744
9225.0,7.860484940714602
9230.0,6.372369118243581
9235.0,7.643964207302704
9240.0,7.382410348001659
9245.0,7.151250273245378
9250.0,7.539623054272741
9255.0,7.488598093032458
9260.0,7.6661048715902735
9265.0,5.822788139558039
9270.0,6.639568792159645
9275.0,6.28727261449897
9280.0,5.9726835671292795
9285.0,6.343673434700187
9290.0,6.397906819707112
9295.0,6.2646813669164345
9300.0,6.413616653969621
9305.0,6.3249665224914455
9310.0,6.930442041377335
9315.0,5.620538958646984
9320.0,5.631552351507436
9325.0,5.020788424395606
9330.0,5.569478851800119
9335.0,4.600641223283833
9340.0,5.264669789514956
9345.0,5.745960617610879
9350.0,5.389132210975502
9355.0,5.044327211856691
9360.0,5.057577297780751
9365.0,5.485015444818151
9370.0,5.984332649108383
9375.0,4.700277370058273
9380.0,5.37645095941444
9385.0,5.015422920607454
9390.0,4.521978568153329
9395.0,5.00511370922189
9400.0,4.401474952095723
9405.0,5.433879411633806
9410.0,5.551938276330318
9415.0,4.8643274199120405
9420.0,4.932505447064853
9425.0,4.677422031636079
9430.0,5.532427806117403
9435.0,5.199159879949711
9440.0,5.606760878294092
9445.0,5.182831670130837
9450.0,5.329969872796049
9455.0,5.385338667507921
9460.0,4.826101923012909
9465.0,5.7919887293221475
9470.0,5.222861339825516
9475.0,5.369538771393863
9480.0,5.443539639504152
9485.0,4.919363774957145
9490.0,4.257105160929617
9495.0,5.3951676381055815
9500.0,4.788664241943724
9505.0,4.830447362331118
9510.0,4.420574289068074
9515.0,5.230519456610375
9520.0,5.879991582501989
9525.0,4.294560843214035
9530.0,4.574731060450434
9535.0,5.680904072899069
9540.0,5.0222126826301
9545.0,4.427353727459542
9550.0,4.6346829256235065
9555.0,3.724300074317784
9560.0,5.4289482777888995
9565.0,5.384385828967315
9570.0,4.6817712187396285
9575.0,5.150874906970602
9580.0,4.421934652737253
9585.0,5.359790927370139
9590.0,5.132486735975381
9595.0,4.196327698363207
9600.0,4.639093097416445
9605.0,4.38742140875481
9610.0,5.358360014198011
9615.0,4.740586034000939
9620.0,4.513074217292482
9625.0,5.306425224607528
9630.0,4.996840524607062
9635.0,5.323340340343405
9640.0,4.668024865447256
9645.0,5.107490510707623
9650.0,5.447688623577452
9655.0,5.442546449022632
9660.0,4.470792989585689
9665.0,5.013359654303004
9670.0,5.209123050248478
9675.0,5.4898771188144675
9680.0,5.223403694189793
9685.0,5.15707038384029
9690.0,4.2302406069615
9695.0,3.821693853988868
9700.0,4.682309641800635
9705.0,4.936221328925103
9710.0,5.259711327731319
9715.0,5.336833628613656
9720.0,3.641887391845578
9725.0,5.22186865515559
9730.0,5.255259517767326
9735.0,4.410507310115903
9740.0,3.2501485917558517
9745.0,5.069770852224391
9750.0,5.518613700849394
9755.0,4.698609776745654
9760.0,5.093936278800581
9765.0,4.59132064331316
9770.0,5.027028845462801
9775.0,4.795636582621916
9780.0,5.308432900696201
9785.0,5.4368923155072855
9790.0,4.792457514050224
9795.0,5.346457648534517
9800.0,5.029246507809043
9805.0,4.2247967175357655
9810.0,5.047817812000727
9815.0,4.222194645594594
9820.0,4.98520905584402
9825.0,4.839437739207031
9830.0,3.4324430870587173
9835.0,5.0513726088009125
9840.0,5.378973278146648
9845.0,5.0852793357573125
9850.0,4.968892009989276
9855.0,5.587295643518518
9860.0,4.500725978719838
9865.0,5.245435084816064
9870.0,4.69554471361836
9875.0,5.055092190338608
9880.0,5.769836538723409
9885.0,5.172626943489171
9890.0,4.561187467593603
9895.0,3.8664569631276193
9900.0,5.078663924670146
9905.0,5.188957922511749
9910.0,4.517726546715059
9915.0,4.707253752874433
9920.0,5.153147509977391
9925.0,4.502618795032479
9930.0,5.168957189449007
9935.0,4.829367681340779
9940.0,5.379641351353827
9945.0,4.870757392649191
9950.0,5.052436114109125
9955.0,4.848350561954895
9960.0,4.293130112255902
9965.0,4.751598582170995
9970.0,5.292677347703423
9975.0,4.174808613938798
9980.0,5.888647894016786
9985.0,4.387995882682861
9990.0,4.756123201574416
9995.0,4.854716623682796
10000.0,5.0517786595866445
10005.0,4.878744894090999
10010.0,5.556688198588333
10015.0,4.73301531168351
10020.0,5.987109958089286
10025.0,5.198765978208913
10030.0,5.121717139422215
10035.0,5.267403554177833
10040.0,4.768140081107129
10045.0,4.557273366042177
10050.0,5.679480408918702
10055.0,5.751599628139326
10060.0,5.3370556266691835
10065.0,4.706349093173402
10070.0,4.822659290632868
10075.0,4.86620027350473
10080.0,6.12884849582319
10085.0,5.940737200030567
10090.0,4.5698513169701185
10095.0,5.204454990810676
10100.0,4.186945099570168
10105.0,6.247466143368417
10110.0,4.799389240177627
10115.0,4.498735812041077
10120.0,4.690187805829387
10125.0,3.9022239293260577
10130.0,5.387923831936072
10135.0,4.980489082654369
10140.0,4.027218484063766
10145.0,4.663561473370369
10150.0,4.008623691190418
10155.0,6.385681559726214
10160.0,4.361002968117454
10165.0,5.025145817887111
10170.0,5.651896563936313
10175.0,5.089829390133029
10180.0,5.527681041323783
10185.0,5.092194807550635
10190.0,4.90050937920423
10195.0,4.864703075214154
10200.0,5.729803123514884
10205.0,4.720714604262648
10210.0,6.159557198215797
10215.0,5.011038406394553
10220.0,5.144534219817413
10225.0,4.860521520613338
10230.0,5.588366862771325
10235.0,4.325676941493698
10240.0,4.613397462650331
10245.0,5.766379492311324
10250.0,5.416528077907527
10255.0,4.760828626777735
10260.0,4.903785665254529
10265.0,4.149116324630826
10270.0,5.339955484162063
10275.0,14.982497769822427
10280.0,13.493063192097324
10285.0,14.391693322705805
10290.0,14.752864044282362
10295.0,15.21466618380624
10300.0,14.141310899704905
10305.0,15.161177046353885
10310.0,15.589750676540081
10315.0,14.812611732965731
10320.0,14.626626047304853
10325.0,13.91508854881234
10330.0,15.615704946154745
10335.0,14.955737360923901
10340.0,14.137495981130442
10345.0,13.847832830470256
10350.0,15.02884625104071
10355.0,14.418528495092243
10360.0,14.13859442545306
10365.0,14.938968142910152
10370.0,13.336760383941279
10375.0,14.536159837392256
10380.0,13.152662168950462
10385.0,13.574742663774668
10390.0,13.26094634766081
10395.0,13.478223855579799
10400.0,12.781999837116503
10405.0,13.3874125290657
10410.0,13.563221085951279
10415.0,13.855165510451878
10420.0,13.22437244654984
10425.0,13.021980375117153
10430.0,13.229272452396296
10435.0,12.32316364445418
10440.0,11.349477272765352
10445.0,11.827220111816269
10450.0,10.427596409725684
10455.0,12.509413225760834
10460.0,11.47997265629154
10465.0,11.940473499253118
10470.0,12.189274304466126
10475.0,11.8551622787919
10480.0,11.49756980538081
10485.0,11.30364923110437
10490.0,9.721543156892432
10495.0,10.017020464068846
10500.0,9.718347661778562
10505.0,9.032675428326739
10510.0,9.595864777340928
10515.0,10.229594176776194
10520.0,8.177545851593473
10525.0,9.315472516015081
10530.0,7.787903401938722
10535.0,7.50393647915182
10540.0,7.268135102180034
10545.0,7.611835766069658
10550.0,7.348941567779148
10555.0,7.441982862899444
10560.0,6.098733930794604
10565.0,5.5716308962504595
10570.0,5.353712430793252
10575.0,15.644835068982928
10580.0,12.781278004702973
10585.0,15.030984372824648
10590.0,14.152749780219077
10595.0,13.084917769063171
10600.0,13.61802525209065
10605.0,12.023025389459871
10610.0,13.399876033201204
10615.0,12.394347441303243
10620.0,11.665888003250581
10625.0,10.189501089206326
10630.0,10.621951309074245
10635.0,10.944254577157796
10640.0,9.987332270071919
10645.0,9.638201911879149
10650.0,10.19799293709173
10655.0,9.701783415126958
10660.0,9.265382233986632
10665.0,9.796983156407505
10670.0,9.041021176262513
10675.0,9.918428755458082
10680.0,8.057480374785616
10685.0,8.074066599371397
10690.0,8.369858603216448
10695.0,7.348097520626084
10700.0,7.563450947192026
10705.0,7.5724315965373235
10710.0,6.102474725225891
10715.0,6.422928434698025
10720.0,7.442808882481226
10725.0,6.804046310091823
10730.0,8.14452326922169
10735.0,8.01557242858031
10740.0,7.216090305898112
10745.0,7.056564622903376
10750.0,6.77878983238237
10755.0,6.112329805184452
10760.0,5.687940085315645
10765.0,6.659674513842295
10770.0,5.448949393797753
10775.0,6.307009363169543
10780.0,5.680791719047108
10785.0,6.620936288159595
10790.0,5.428750434277099
10795.0,6.020145685555116
10800.0,6.309798154029418
10805.0,5.881186418202072
10810.0,5.197247376028078
10815.0,5.468548988395835
10820.0,6.771376775483047
10825.0,5.211742006099555
10830.0,5.772611379915395
10835.0,6.051650304075219
10840.0,5.907308241444122
10845.0,5.880286481817084
10850.0,5.281410713540284
10855.0,5.743487778716771
10860.0,5.262570067095219
10865.0,6.513532787156237
10870.0,6.16952138072639
10875.0,5.71198435200445
10880.0,5.096993453168808
10885.0,5.1004512298649205
10890.0,5.825659185730491
10895.0,5.226622662917103
10900.0,4.9464170319148995
10905.0,5.223666598003165
10910.0,5.294544215651407
10915.0,4.917551655051193
10920.0,4.992792680901894
10925.0,4.4634019144546535
10930.0,5.347242025187249
10935.0,6.033220445459561
10940.0,5.42839514762697
10945.0,4.687622735467028
10950.0,5.686167559303229
10955.0,5.477709543861358
10960.0,5.776807652689323
10965.0,4.661321110345614
10970.0,5.126472147327403
10975.0,4.855095139907671
10980.0,5.085975841135824
10985.0,5.973614929770603
10990.0,5.801550782909495
10995.0,5.560606441535279
11000.0,4.84712454161892
11005.0,5.9846243953190275
11010.0,5.646336298052652
11015.0,5.470287456641221
11020.0,5.918159855393839
11025.0,4.5201507748265035
11030.0,3.905882677057176
11035.0,5.770844131807302
11040.0,5.63583498133039
11045.0,5.364283809699584
11050.0,5.015122152731428
11055.0,5.245547138249025
11060.0,5.796083566942637
11065.0,5.546886489985069
11070.0,4.988459946895708
11075.0,4.817090875070674
11080.0,5.704350518395708
11085.0,5.7312472391950795
11090.0,4.664358342608618
11095.0,5.282687365840372
11100.0,5.393682199880188
11105.0,5.241141957956295
11110.0,4.819169144033204
11115.0,4.474960400571743
11120.0,5.148822996912326
11125.0,5.3540720474674695
11130.0,5.16184043340331
11135.0,4.902313814510923
11140.0,5.663177458673008
11145.0,4.969116284739481
11150.0,5.501839659195949
11155.0,4.499715642235335
11160.0,5.505050613882505
11165.0,4.65517061535243
11170.0,4.8464129155756925
11175.0,5.487694596196976
11180.0,5.632666594728829
11185.0,4.954413723786029
11190.0,5.274444566306157
11195.0,4.893716648871225
11200.0,4.746691675693773
11205.0,4.148966098924427
11210.0,6.296269355575204
11215.0,4.806422104791699
11220.0,5.41924161068776
11225.0,5.30821908506778
11230.0,5.281513072817144
11235.0,4.643904116295488
11240.0,4.696578523069759
11245.0,4.376214456705303
11250.0,5.826214747193203
11255.0,4.817592637007361
11260.0,4.416511714184752
11265.0,5.648188270552032
11270.0,5.1445322863943215
11275.0,5.113440191769621
11280.0,5.574864348512892
11285.0,4.540308070780912
11290.0,4.5282772608420405
11295.0,4.089089024459379
11300.0,5.849786047524406
11305.0,5.026834256640827
11310.0,4.823446473717611
11315.0,5.060540370455994
11320.0,4.652024063381666
11325.0,4.833795406977957
11330.0,4.620826935074511
11335.0,5.402298292159176
11340.0,5.067103711018819
11345.0,4.980416810574684
11350.0,5.2399915229653535
11355.0,5.461749484422324
11360.0,4.90112002086414
11365.0,5.741727706332438
11370.0,5.054670483790195
11375.0,5.3730186342896715
11380.0,4.9557800704730735
11385.0,5.193373620120052
11390.0,4.144965341782249
11395.0,4.790566491453695
11400.0,5.382128167931073
11405.0,5.761451879929999
11410.0,4.8203451541416245
11415.0,5.010320347158752
11420.0,5.149021214136586
11425.0,5.137144219867903
11430.0,4.904801745191238
11435.0,5.340145424723312
11440.0,4.8022765268008865
11445.0,5.236057888992837
11450.0,5.713158062992262
11455.0,4.816140273525255
11460.0,4.355953252781694
11465.0,4.816984818585745
11470.0,5.058189565242467
11475.0,5.006115569356653
11480.0,5.778295815538942
11485.0,4.733140707841289
11490.0,5.040712911080607
11495.0,5.522518209095849
11500.0,4.192249072114214
11505.0,4.641045737026107
11510.0,4.106932728659542
11515.0,5.627110708494039
11520.0,4.982210871611164
11525.0,5.03600981926246
11530.0,5.146563529974019
11535.0,4.590909319961107
11540.0,3.6089222212876697
11545.0,4.75388767596198
11550.0,4.74352183441819
11555.0,4.570133171169684
11560.0,4.751400299963548
11565.0,29.32178725147113
11570.0,29.689011422450513
11575.0,29.68784833511034
11580.0,31.559965758230152
11585.0,30.615283373521226
11590.0,29.57459566367199
11595.0,27.503813648645764
11600.0,27.072524589819256
11605.0,28.01121157702848
11610.0,28.27000197005386
11615.0,26.119942836539316
11620.0,26.96250020828423
11625.0,28.062434103740628
11630.0,29.05073905976412
11635.0,26.59846577762887
11640.0,26.94127776024326
11645.0,29.207308951631227
11650.0,27.81384837779378
11655.0,26.404444053546477
11660.0,27.161909464658766
11665.0,25.656753429349624
11670.0,25.963084248668956
11675.0,24.7114844910979
11680.0,26.036118416434892
11685.0,25.830451726201897
11690.0,25.01965819626944
11695.0,22.69831418824377
11700.0,24.843539778578553
11705.0,24.36733561466119
11710.0,23.65770383589416
11715.0,23.04060374922236
11720.0,23.207659571193346
11725.0,21.86088876198496
11730.0,23.90778510499376
11735.0,21.482310515535044
11740.0,20.09131471796883
11745.0,21.259693100470408
11750.0,20.687818458505895
11755.0,21.592678455269088
11760.0,21.409873850863214
11765.0,19.505591605257308
11770.0,18.025511787282582
11775.0,18.258651647054975
11780.0,17.817444268543092
11785.0,19.150884368115378
11790.0,16.59765077426544
11795.0,15.247083880975879
11800.0,15.923345835715239
11805.0,14.183575039763147
11810.0,13.473499558397867
11815.0,13.201196325572743
11820.0,12.098488474152804
11825.0,12.01324193626124
11830.0,11.680972412350885
11835.0,10.950386948151756
11840.0,9.062666363547532
11845.0,8.319719081252684
11850.0,7.987649723754819
11855.0,6.318539419000253
11860.0,6.550290916249766
11865.0,32.16093651105113
11870.0,33.24444539899836
11875.0,30.133768945778098
11880.0,28.869842394577244
11885.0,28.619809455412557
11890.0,28.111912205793534
11895.0,27.892156995801706
11900.0,25.28338335660466
11905.0,24.591052317345902
11910.0,23.621774744288572
11915.0,22.080349959241037
11920.0,21.432920256630602
11925.0,21.497077104146666
11930.0,20.12952266725044
11935.0,19.162556357890878
11940.0,18.160442457268953
11945.0,17.406500099495307
11950.0,17.568875193335366
11955.0,16.25014597080297
11960.0,16.28070718466289
11965.0,16.13518137658867
11970.0,15.896495517002933
11975.0,15.839065609563225
11980.0,14.30022508190387
11985.0,12.786640923613772
11990.0,14.24886614184446
11995.0,13.226573825045085
12000.0,12.692568050675506
12005.0,12.167424461516548
12010.0,12.29803598171609
12015.0,11.461071658556314
12020.0,11.480857359581552
12025.0,11.219333794404495
12030.0,11.544670380156507
12035.0,11.601766411889479
12040.0,9.448742599175398
12045.0,9.332434030136778
12050.0,10.472370623160021
12055.0,9.321230642298946
12060.0,8.494010855139503
12065.0,8.940184053982911
12070.0,8.410183172313088
12075.0,8.19769345417335
12080.0,8.55658272689317
12085.0,8.436894392783646
12090.0,7.139659490253313
12095.0,7.8114563364683445
12100.0,7.603281977946463
12105.0,7.475535616611232
12110.0,7.603777286952085
12115.0,7.448815557624319
12120.0,7.443763457172037
12125.0,7.099605464847866
12130.0,6.695036109450944
12135.0,7.116870181613672
12140.0,7.023644479282415
12145.0,7.1662265406214285
12150.0,6.358472286053663
12155.0,5.79170080750478
12160.0,6.341404680168674
12165.0,4.984057009520105
12170.0,4.732739614798986
12175.0,4.7204152035781135
12180.0,5.213830200640929
12185.0,5.226979045604052
12190.0,4.0774769067283545
12195.0,4.6466013643659005
12200.0,5.590298418737902
12205.0,5.417570762564793
12210.0,4.911705873755691
12215.0,5.702760966421642
12220.0,5.126717289197509
12225.0,4.588942286577635
12230.0,5.178516591627087
12235.0,4.490140375314182
12240.0,5.088365109353872
12245.0,4.907911307775477
12250.0,4.50392561779748
12255.0,5.599271764609087
12260.0,5.065028208923783
12265.0,4.620755371522972
12270.0,4.689764812713191
12275.0,4.900323219264399
12280.0,4.534918897931885
12285.0,4.770014470716328
12290.0,5.078471998627165
12295.0,5.595379766986371
12300.0,5.659717113928164
12305.0,5.106276335263549
12310.0,5.018033298179256
12315.0,4.514052422237835
12320.0,5.269502772841578
12325.0,5.504195506432945
12330.0,4.424676878932784
12335.0,5.815708511504339
12340.0,5.522464830707301
12345.0,5.2318570761971905
12350.0,4.317952874716856
12355.0,4.793038295832921
12360.0,4.830232117248533
12365.0,5.13953114967495
12370.0,4.79498156704266
12375.0,5.376101443602084
12380.0,4.750660758292106
12385.0,4.19882315888953
12390.0,5.277904349463082
12395.0,5.593550642454707
12400.0,4.267230842638253
12405.0,4.791002683127649
12410.0,5.415967345961464
12415.0,5.090782102536504
12420.0,5.667994204919177
12425.0,4.811921623861581
12430.0,6.507620472918111
12435.0,3.586977117554981
12440.0,5.063813981915593
12445.0,4.636165624867941
12450.0,4.8605709328619415
12455.0,5.2161266846920045
12460.0,4.573209643378082
12465.0,5.730001359283117
12470.0,4.835253748104579
12475.0,5.408340446225326
12480.0,4.715552249478713
12485.0,5.271701661305904
12490.0,5.242570534103975
12495.0,5.121856597304359
12500.0,4.334327253339738
12505.0,5.312119375383303
12510.0,4.317630056186699
12515.0,5.071547994030967
12520.0,5.301390028886766
12525.0,4.739870146032215
12530.0,5.762431399109632
12535.0,5.1809157362546
12540.0,5.888829152794758
12545.0,6.294770795625343
12550.0,4.23166441992848
12555.0,5.327344903770376
12560.0,5.901728357827834
12565.0,5.936055602064462
12570.0,5.443845832042236
12575.0,4.762823022941522
12580.0,5.319664458380962
12585.0,4.429668366388796
12590.0,4.45439501741644
12595.0,4.8037983024849975
12600.0,4.711829570503598
12605.0,5.259949735900504
12610.0,4.782240588180863
12615.0,5.03635353184803
12620.0,4.88567091144176
12625.0,5.216688923437775
12630.0,4.523367759042373
12635.0,4.349653275112596
12640.0,4.694797792884343
12645.0,5.6674227815801785
12650.0,5.316320586061205
12655.0,5.291496147575576
12660.0,5.406839674557844
12665.0,3.790594866304178
12670.0,5.392002798879849
12675.0,4.830566278578017
12680.0,4.631030273178153
12685.0,4.639321975172372
12690.0,5.704557062308522
12695.0,4.355878264370937
12700.0,5.391298181103851
12705.0,5.702979129158055
12710.0,4.577474340050144
12715.0,4.318499688070143
12720.0,5.810904433673698
12725.0,4.980420494359696
12730.0,4.694389735769489
12735.0,4.789833835999293
12740.0,5.301795238571734
12745.0,4.791301513756142
12750.0,6.126015082741262
12755.0,5.055870741014809
12760.0,4.593362770478481
12765.0,4.525597215090789
12770.0,5.010103595350756
12775.0,5.477699236597448
12780.0,5.566681890883598
12785.0,4.693428877269483
12790.0,5.14112062422995
12795.0,5.567461283734144
12800.0,5.078299885671281
12805.0,4.335386669258721
12810.0,4.858404386949159
12815.0,4.4960378888723564
12820.0,4.554028817271833
12825.0,5.017430713007031
12830.0,4.123726015239344
12835.0,5.580008508434377
12840.0,4.84284008857721
12845.0,5.459214229549894
12850.0,4.890813638236317
12855.0,3.8845555678039174
12860.0,5.317727816809237
12865.0,4.198442663094999
12870.0,4.134517920287706
12875.0,5.028893923852189
12880.0,5.403445777291958
12885.0,5.332100787683858
12890.0,4.448571822551535
12895.0,5.2589193044124425
12900.0,3.1166575291615706
12905.0,5.573936259877941
12910.0,6.006671266629842
12915.0,4.918015827731304
12920.0,4.828605870990963
12925.0,5.825213885277174
12930.0,4.185251568536705
12935.0,5.113935272202676
12940.0,5.333216746420453
12945.0,4.559291960835406
12950.0,7.058893274501457
12955.0,4.701503843670448
12960.0,4.350200115006203
12965.0,5.665709042684972
12970.0,4.999036678683517
12975.0,4.836021878201747
12980.0,4.866339261682634
12985.0,4.652574583885844
12990.0,5.486391448416863
12995.0,5.826515661080019
13000.0,4.537922755829351
13005.0,4.484950625296449
13010.0,4.45665493375333
13015.0,5.167768196450458
13020.0,4.744623635903237
13025.0,5.614284219967045
13030.0,4.280191711476114
13035.0,5.566339645059172
13040.0,4.754878145769475
13045.0,5.47249220684936
13050.0,3.830002562705291
13055.0,4.5537073916594855
13060.0,4.90988859818556
13065.0,5.442013551471794
13070.0,5.028830364910418
13075.0,4.159203284045789
13080.0,5.1162080867635265
13085.0,4.684802397922716
13090.0,4.753866750072134
13095.0,4.964200502509799
13100.0,4.798759210824686
13105.0,5.510138499596222
13110.0,5.506008771807219
13115.0,3.6549915524716274
13120.0,5.1692132432369355
13125.0,5.363110758283822
13130.0,4.2559519169081685
13135.0,5.822867422493964
13140.0,4.470105434378457
13145.0,5.090715550525161
13150.0,5.276308418811978
13155.0,5.325527475650338
13160.0,4.731312393099272
13165.0,5.530189009102977
13170.0,16.85846484262113
13175.0,18.870468617637016
13180.0,16.60678691850661
13185.0,16.709291969172835
13190.0,18.54665881701949
13195.0,18.550488819069564
13200.0,17.372727894998338
13205.0,16.878285970246004
13210.0,16.113347324007957
13215.0,16.234697297524658
13220.0,16.257122441020183
13225.0,17.19359719316761
13230.0,17.088544258574228
13235.0,16.44309887951235
13240.0,16.131136979320097
13245.0,16.503059692835595
13250.0,17.17170060420693
13255.0,15.660264869701603
13260.0,17.19425490098438
13265.0,17.261393006293165
13270.0,16.261204408163643
13275.0,16.52748954469057
13280.0,16.126241077222097
13285.0,16.074760570109294
13290.0,14.924528294734017
13295.0,15.890522873852015
13300.0,15.477099305942389
13305.0,15.99068835960017
13310.0,14.594798417947846
13315.0,14.503104718966181
13320.0,14.145282128071424
13325.0,14.545217686656178
13330.0,14.72015534719641
13335.0,14.507219901709671
13340.0,13.85397511502392
13345.0,12.044487608019486
13350.0,12.139959318911345
13355.0,13.231289132521672
13360.0,11.831259828280173
13365.0,12.931765873982979
13370.0,11.77767320255577
13375.0,11.964585398896556
13380.0,12.472689866495333
13385.0,11.515633186277721
13390.0,11.622504333102079
13395.0,11.172142613255824
13400.0,10.435207960097248
13405.0,10.415137389463627
13410.0,10.6668449234111
13415.0,9.755178281239697
13420.0,9.81204614256805
13425.0,8.402612413014063
13430.0,8.70455636441436
13435.0,8.728082117061552
13440.0,8.01489398454012
13445.0,6.71013266851091
13450.0,6.9626849630582885
13455.0,6.2312339839308155
13460.0,5.481671337152941
13465.0,4.661354437764021
13470.0,18.488185352936448
13475.0,18.035368531620193
13480.0,15.915444749288671
13485.0,15.550485859773383
13490.0,15.968417919055454
13495.0,15.016284089357157
13500.0,15.131647997808354
13505.0,13.739851693023937
13510.0,14.400135835703754
13515.0,13.944774387495887
13520.0,12.615669657997461
13525.0,12.454581944680443
13530.0,11.57897720847664
13535.0,11.68161851202765
13540.0,9.932646081436562
13545.0,11.695046408645847
13550.0,11.223588346224563
13555.0,10.823422250873907
13560.0,11.828866090351482
13565.0,9.300111289621885
13570.0,10.144283228447513
13575.0,10.11158264720186
13580.0,8.435179657986277
13585.0,9.17087700281725
13590.0,7.851867849329464
13595.0,8.840786036902479
13600.0,8.27807760662018
13605.0,7.5067543045153045
13610.0,8.237686470804942
13615.0,8.346101258047849
13620.0,8.182737392862826
13625.0,7.760817582877744
13630.0,7.356376841111674
13635.0,8.30345379433965
13640.0,8.306823425204646
13645.0,6.871628367996751
13650.0,7.149865293057411
13655.0,7.490049726309415
13660.0,6.502686239662279
13665.0,7.073854494617659
13670.0,6.726217070676897
13675.0,6.589237185153911
13680.0,5.837167894762268
13685.0,6.683430718627898
13690.0,6.802663733795332
13695.0,6.507418282681073
13700.0,6.452797646113774
13705.0,5.947543030554583
13710.0,6.646828043291175
13715.0,5.953113980008694
13720.0,6.198746140867972
13725.0,5.511927343582963
13730.0,5.2999744356628575
13735.0,6.8305821123831
13740.0,6.684471920021103
13745.0,7.12192543113227
13750.0,5.90971953471379
13755.0,5.441860802059109
13760.0,5.458285060943668
13765.0,5.452325529053011
13770.0,4.982784628365685
13775.0,5.708738961240821
13780.0,4.567439739261795
13785.0,4.499149016969591
13790.0,5.5803657384153045
13795.0,5.005055204570388
13800.0,6.589293837762604
13805.0,4.093468428823969
13810.0,4.8295158720855005
13815.0,4.469003756396792
13820.0,5.498286610209219
13825.0,5.724618004875572
13830.0,4.709076244765926
13835.0,5.3742663310228815
13840.0,4.91126697729378
13845.0,5.714222068667951
13850.0,4.581193558520228
13855.0,5.423571203846626
13860.0,4.993449257641739
13865.0,4.174480930398039
13870.0,5.1020799737038445
13875.0,5.070440395682944
13880.0,5.460114274085131
13885.0,4.559062555607501
13890.0,4.7557364870014025
13895.0,5.039088894067169
13900.0,4.136980168990632
13905.0,4.6017028795656705
13910.0,4.272530074124693
13915.0,6.343499969540687
13920.0,4.834856184917754
13925.0,5.090690002692943
13930.0,5.585507378510851
13935.0,4.685341415046486
13940.0,4.8202117730862994
13945.0,5.024615361328692
13950.0,5.413917694743121
13955.0,5.580943685451382
13960.0,5.406808151434854
13965.0,4.135503974026005
13970.0,5.119898037309218
13975.0,5.293946134866333
13980.0,5.82185901264514
13985.0,4.8780594983179935
13990.0,5.125505440654248
13995.0,3.9912156506834493
14000.0,4.306091661199975
14005.0,5.373649987431908
14010.0,4.842082640400765
14015.0,5.573003401439108
14020.0,4.845804985689578
14025.0,4.852688469612443
14030.0,5.428675449582315
14035.0,5.297161735275948
14040.0,4.700592220859655
14045.0,3.739673804312722
14050.0,4.2819682141794635
14055.0,5.080462374711869
14060.0,5.9077588491841615
14065.0,5.030436050297548
14070.0,4.256850842327743
14075.0,3.9142429157650285
14080.0,4.742709523517338
14085.0,4.686816100370478
14090.0,4.688296549323891
14095.0,4.691943155605019
14100.0,4.992825003219045
14105.0,4.3581961832960046
14110.0,5.084774629593925
14115.0,4.353349207888361
14120.0,5.639003836949824
14125.0,4.659358434247521
14130.0,4.935985235658404
14135.0,4.8884641664834145
14140.0,4.834320014149268
14145.0,4.834581358358095
14150.0,5.376036544427416
14155.0,4.771340204461657
14160.0,4.075032895271535
14165.0,4.991431398329491
14170.0,5.673863530316561
14175.0,5.094274216464087
14180.0,4.958961479731272
14185.0,4.679000667143183
14190.0,4.733672259726232
14195.0,4.973864644756098
14200.0,5.157950845646827
14205.0,4.636056752146861
14210.0,5.210925598125757
14215.0,5.109071149570251
14220.0,5.263081004835506
14225.0,4.898847117575238
14230.0,5.179349479236797
14235.0,4.885340479163519
14240.0,5.139569939286182
14245.0,4.931572037021038
14250.0,5.285229824561369
14255.0,5.252661988105327
14260.0,4.520701280050353
14265.0,4.48296031375097
14270.0,4.84180379961745
14275.0,4.6939025244133425
14280.0,4.863194087368075
14285.0,5.436238525489245
14290.0,5.205621500334863
14295.0,4.824438760163129
14300.0,4.570985175606116
14305.0,4.8597060964596555
14310.0,5.62113789006217
14315.0,5.720650111596783
14320.0,4.691020934728877
14325.0,5.532839375644977
14330.0,5.0287241234121165
14335.0,5.19557297188504
14340.0,4.5368235753873325
14345.0,5.477968942044052
14350.0,4.381989022541501
14355.0,5.239079414134644
14360.0,4.646137413060228
14365.0,5.29249771609163
14370.0,5.259525021864534
14375.0,5.394105277885566
14380.0,4.446529689863314
14385.0,5.163201458115447
14390.0,4.907865567118428
14395.0,5.1378902036996905
14400.0,5.062263194426647
14405.0,5.537614717145266
14410.0,5.173045115580917
14415.0,5.344701966338705
14420.0,5.603825708991284
14425.0,4.880016984034691
14430.0,4.1822066221949745
14435.0,5.240026682155994
14440.0,5.307736208110442
14445.0,5.028236797918605
14450.0,4.319406244938685
14455.0,5.392581133341439
14460.0,4.89350444235417
14465.0,6.205010457475852
14470.0,3.868414774590937
14475.0,5.693885750345695
14480.0,4.700388116516425
14485.0,6.001518908941682
14490.0,4.944320376772149
14495.0,5.492918731138035
14500.0,4.870097369314753
14505.0,5.792549613989369
14510.0,5.0189547377307875
14515.0,4.161236605227788
14520.0,5.121333564849949
14525.0,5.510044969310767
14530.0,4.39031881221648
14535.0,5.8802927340233
14540.0,4.653347249580143
14545.0,4.844056058646448
14550.0,5.33746897199741
14555.0,5.091093476762209
14560.0,5.306456152243111
14565.0,5.486240732307563
14570.0,4.70680263007595
14575.0,5.988881004534205
14580.0,5.082845167919073
14585.0,5.42412978660043
14590.0,4.724987232291062
14595.0,4.089892990035933
14600.0,29.067099605995217
14605.0,29.40202784071436
14610.0,27.2444316674743
14615.0,29.028758201750584
14620.0,28.656479757047567
14625.0,27.980998903552397
14630.0,28.18731982279735
14635.0,29.247120990592077
14640.0,28.788626839018967
14645.0,28.33969068962503
14650.0,27.14200060172297
14655.0,26.57722978681671
14660.0,27.835490348772236
14665.0,28.49250447460954
14670.0,28.441521227211915
14675.0,29.399713275731443
14680.0,29.394941292984043
14685.0,28.225758820698314
14690.0,29.25700649253131
14695.0,28.013356595079095
14700.0,29.37974877543587
14705.0,26.24218987696374
14710.0,28.163339229711614
14715.0,26.46416057502815
14720.0,26.66815813511339
14725.0,28.702122640274546
14730.0,26.709498665211477
14735.0,27.8341512292322
14740.0,26.590449652306052
14745.0,26.93643173750189
14750.0,25.873350930712455
14755.0,27.614538934357807
14760.0,26.682330038434788
14765.0,26.107352102761375
14770.0,26.710221014451328
14775.0,24.92474765303705
14780.0,25.46973666603143
14785.0,25.411120465233957
14790.0,26.334485317923498
14795.0,24.525774434649296
14800.0,26.025566861389244
14805.0,25.348937321239525
14810.0,23.320549818940023
14815.0,24.522240744902984
14820.0,24.051491805605444
14825.0,22.448654979635666
14830.0,21.16794829671118
14835.0,20.287160495791387
14840.0,20.461821386947097
14845.0,19.636362455242434
14850.0,19.10116913404333
14855.0,16.843548127826743
14860.0,17.490318017599428
14865.0,15.425056650580538
14870.0,14.363281269181362
14875.0,12.09420087161372
14880.0,11.114022023531081
14885.0,9.612703429380336
14890.0,8.017870348107433
14895.0,5.093777717596067
14900.0,27.699956533938195
14905.0,27.11853336124064
14910.0,25.382145893457214
14915.0,24.884504056143513
14920.0,24.291207894789572
14925.0,23.126150219717182
14930.0,21.667143184524654
14935.0,22.18680376516591
14940.0,20.538951496168462
14945.0,20.059417040697348
14950.0,20.662807693565046
14955.0,18.150919068987687
14960.0,17.276311217638355
14965.0,16.841023143472583
14970.0,16.993642140732728
14975.0,16.07518208171528
14980.0,15.102032067253422
14985.0,14.353519894334735
14990.0,15.583248440382667
14995.0,15.003046307722844
15000.0,13.856559034181368
15005.0,12.550481416055147
15010.0,12.325003544127782
15015.0,12.602691404251773
15020.0,11.361047698667402
15025.0,12.339501955495189
15030.0,11.977782840111093
15035.0,11.188613414561722
15040.0,10.940047765850261
15045.0,10.347256671726303
15050.0,10.766512540052936
15055.0,8.95000974150933
15060.0,10.72212911744233
15065.0,9.510877051854752
15070.0,8.192043812804695
15075.0,8.441047646828768
15080.0,8.419879573771663
15085.0,8.812332347872808
15090.0,8.316109989104145
15095.0,7.058660783512063
15100.0,8.665898092575555
15105.0,7.87578358468418
15110.0,7.898764185303594
15115.0,7.571629098417899
15120.0,7.95256857993097
15125.0,7.658701295458944
15130.0,7.947840077874171
15135.0,8.450598527149511
15140.0,7.4340840245013
15145.0,7.115234112035807
15150.0,7.052819418379572
15155.0,7.596160160258154
15160.0,6.75143020830261
15165.0,6.2984035840028465
15170.0,6.390435367561571
15175.0,6.385000694606319
15180.0,5.925841926975674
15185.0,6.349049191657416
15190.0,6.965084649574807
15195.0,6.446634823167588
15200.0,5.430249182960773
15205.0,5.2525506296618145
15210.0,4.852318564991139
15215.0,4.073676133576867
15220.0,4.583182606381954
15225.0,5.169779594571264
15230.0,5.685212624435273
15235.0,5.250338210487863
15240.0,5.091136104377551
15245.0,5.438827553485556
15250.0,4.210602315662834
15255.0,5.3532789431587595
15260.0,4.496200997561926
15265.0,4.729026716167055
15270.0,5.830667878451252
15275.0,4.1910907980247245
15280.0,4.604288611439883
15285.0,5.919587724257343
15290.0,4.941206193740345
15295.0,6.030866348940728
15300.0,4.161143355977676
15305.0,4.528066286726329
15310.0,5.934717948924764
15315.0,5.264796738901152
15320.0,5.153329975631236
15325.0,5.130513369318611
15330.0,4.568617446037809
15335.0,4.11738548937784
15340.0,5.070935648845561
15345.0,4.91302942921255
15350.0,5.564961546007531
15355.0,4.840640327096382
15360.0,5.726224454248033
15365.0,4.906088037083789
15370.0,3.7189376982374633
15375.0,5.100406929391663
15380.0,4.880924669334986
15385.0,5.33010259163043
15390.0,4.251444337222317
15395.0,4.964595740177829
15400.0,4.2569274016574905
15405.0,5.330628788820123
15410.0,4.721136649161999
15415.0,5.754333356126789
15420.0,4.655810289872855
15425.0,5.416899465514776
15430.0,4.261572995058355
15435.0,6.200811996236942
15440.0,4.804366704833008
15445.0,5.594527064620357
15450.0,4.1947210019107555
15455.0,4.375664748602114
15460.0,6.6462792654599525
15465.0,4.546533259944566
15470.0,4.394123482442044
15475.0,5.607117805263603
15480.0,4.846184426023945
15485.0,4.944550846950977
15490.0,5.330181973147179
15495.0,5.3257797732529735
15500.0,4.647951972203814
15505.0,5.4145803319372545
15510.0,4.396623928190287
15515.0,4.720928059735671
15520.0,4.971060587808903
15525.0,5.699534533229134
15530.0,5.44365492348754
15535.0,4.616862379731282
15540.0,5.568323932808515
15545.0,5.934251101103079
15550.0,4.9123138901071615
15555.0,4.7915052177892585
15560.0,4.752554428672972
15565.0,5.048276939095004
15570.0,5.429644219656462
15575.0,6.196838876375622
15580.0,4.896633064160821
15585.0,4.779145582698808
15590.0,4.823346778889053
15595.0,5.0920563143159985
15600.0,4.197716177127619
15605.0,5.179459025965807
15610.0,5.164573884718231
15615.0,4.89360503679112
15620.0,4.420530964797885
15625.0,5.073363832318311
15630.0,4.797964911299395
15635.0,4.664132707641278
15640.0,5.293138874619121
15645.0,4.592830532044216
15650.0,5.084340137724572
15655.0,4.855509513521935
15660.0,5.107271035358247
15665.0,4.17178332291963
15670.0,5.804776056826556
15675.0,5.275068499451718
15680.0,4.414368204432747
15685.0,4.541780942659581
15690.0,5.106346518252083
15695.0,5.036709375691122
15700.0,5.539334364520279
15705.0,5.449265072679243
15710.0,5.7991539688058635
15715.0,4.596646661556262
15720.0,5.278089193954102
15725.0,5.083548789277331
15730.0,4.969353554498733
15735.0,5.568904488229246
15740.0,4.286373947052778
15745.0,5.636490343038571
15750.0,4.576992990073675
15755.0,5.067414530345578
15760.0,4.4635079833048845
15765.0,4.973605015723136
15770.0,5.631164581617898
15775.0,5.847519789810071
15780.0,5.747306015121151
15785.0,4.693557443320558
15790.0,5.239217303992064
15795.0,5.050609337922669
15800.0,4.885725487641918
15805.0,5.122096949620494
15810.0,4.319787039752424
15815.0,4.305745134705872
15820.0,5.159307292415049
15825.0,4.366449283750996
15830.0,4.917989024727489
15835.0,5.737682236041747
15840.0,5.494670109884234
15845.0,5.0729047950626684
15850.0,4.72037196011808
15855.0,4.6252039021226965
15860.0,5.038407158671581
15865.0,4.403654668037974
15870.0,5.22282527570948
15875.0,5.440371416362785
15880.0,4.8344391265752416
15885.0,5.259191033275617
15890.0,4.657469388698156
15895.0,4.493237663544891
15900.0,4.920555260612077
15905.0,5.2560516689365695
15910.0,5.9262049580667435
15915.0,5.471877649417138
15920.0,5.539204508961726
15925.0,4.038007473353193
15930.0,4.031892410780466
15935.0,4.838104755989724
15940.0,5.399189118553294
15945.0,6.2867234941378936
15950.0,4.808564362554376
15955.0,4.500257616416021
15960.0,4.538498323478563
15965.0,5.719292568711051
15970.0,4.386196121087176
15975.0,5.6104143778894455
15980.0,4.884862293081623
15985.0,5.221458186861784
15990.0,5.64088010811667
15995.0,6.087296268169266
16000.0,5.853564647225674
16005.0,5.617272357338896
16010.0,5.075588939482399
16015.0,4.896366433911071
16020.0,5.50877265677743
16025.0,4.462393607813196
16030.0,4.46319663981949
16035.0,5.206271466348021
16040.0,4.853828359393726
16045.0,4.350058720839336
16050.0,5.259357336894578
16055.0,4.628463512358761
16060.0,5.259271012258126
16065.0,5.623183128457219
16070.0,4.943000535551266
16075.0,5.909230784593243
16080.0,5.835489709534164
16085.0,5.733153235667398
16090.0,5.380550356618633
16095.0,5.0614701533050575
16100.0,5.378204547046756
16105.0,5.102593581457482
16110.0,5.86477162203567
16115.0,5.818001506557754
16120.0,5.1407916854391145
16125.0,4.812740001423373
16130.0,4.700428617415662
16135.0,4.764657804004018
16140.0,5.136281386314019
16145.0,4.93021413713568
16150.0,5.608683930053522
16155.0,5.569969486019845
16160.0,24.436121506418903
16165.0,24.9267648224938
16170.0,24.357977849886986
16175.0,25.959954330668985
16180.0,24.746235072022458
16185.0,24.27718105564079
16190.0,24.429121249054997
16195.0,23.70841989503427
16200.0,24.49898124810081
16205.0,24.013386774890595
16210.0,24.1260743377881
16215.0,24.97871360285337
16220.0,23.996565835440304
16225.0,24.473202317035895
16230.0,24.473323314257502
16235.0,25.112378323941506
16240.0,23.43397687857692
16245.0,23.477955411962046
16250.0,23.096662380199625
16255.0,23.202668448280065
16260.0,23.011466493930847
16265.0,24.111826667394393
16270.0,23.965725569829214
16275.0,23.48407858878233
16280.0,23.190616105853746
16285.0,22.967268142953113
16290.0,22.717660771268235
16295.0,21.643444187585523
16300.0,21.87736486279746
16305.0,22.55600395742707
16310.0,22.05975018741141
16315.0,22.3883285860903
16320.0,21.37107673275736
16325.0,22.182853251292265
16330.0,21.641297399933425
16335.0,22.225914764481242
16340.0,20.183725931130976
16345.0,20.902317260280064
16350.0,19.777505155776943
16355.0,20.68794917948093
16360.0,19.063666243044974
16365.0,19.843390417971175
16370.0,17.60298153321623
16375.0,18.635656105765154
16380.0,16.817015160228337
16385.0,17.74521343711258
16390.0,15.821827926843312
16395.0,15.368923906808035
16400.0,15.455191091505075
16405.0,15.581215794975325
16410.0,14.63024720606769
16415.0,13.420758035904147
16420.0,11.362993313497707
16425.0,11.361029299896611
16430.0,11.092216080224434
16435.0,9.867039016246657
16440.0,8.47036222892877
16445.0,7.456675542430342
16450.0,5.721229397150703
16455.0,4.908879426654612
16460.0,25.454323553683956
16465.0,23.739093450129083
16470.0,23.08932292617592
16475.0,23.65173383793373
16480.0,20.701569979117608
16485.0,20.94776345531151
16490.0,21.33392895936614
16495.0,18.907422368074627
16500.0,18.224528874504433
16505.0,18.01292960512206
16510.0,17.820636556549292
16515.0,16.204961500160625
16520.0,15.605905534971484
16525.0,15.305665881657816
16530.0,16.002342959588614
16535.0,14.240689782530458
16540.0,14.26797616634031
16545.0,13.228562783883675
16550.0,12.786779223533829
16555.0,13.327068856627381
16560.0,11.704671672884412
16565.0,12.10754177158059
16570.0,11.514153593012725
16575.0,11.991546875061859
16580.0,11.04947445860336
16585.0,10.18673876102758
16590.0,10.741119128612642
16595.0,10.323149053673498
16600.0,9.649798573429807
16605.0,9.58998276650139
16610.0,9.18892772037653
16615.0,8.520814127492283
16620.0,8.674465522404997
16625.0,8.589482842722523
16630.0,7.674492279297122
16635.0,8.393282938290957
16640.0,7.6881747306635715
16645.0,8.457804758578266
16650.0,7.095746192542073
16655.0,7.579853540545686
16660.0,7.197007011448655
16665.0,7.3916955849563095
16670.0,6.774184340720718
16675.0,6.99971043730186
16680.0,7.09690429704187
16685.0,6.448692852066744
16690.0,7.32339419025117
16695.0,6.764539740685137
16700.0,5.768227079100085
16705.0,7.739655770224031
16710.0,7.371906273747489
16715.0,5.692814956554465
16720.0,6.199107464781201
16725.0,6.8409331584701025
16730.0,6.353318417096338
16735.0,5.330357449157523
16740.0,5.949466761966221
16745.0,6.519897643983451
16750.0,5.941430719083391
16755.0,5.495188525594108
16760.0,5.024166462413872
16765.0,5.185750092370471
16770.0,3.822770136629129
16775.0,5.561114941137741
16780.0,5.160254810850943
16785.0,5.0664420307524995
16790.0,4.644312078776339
16795.0,5.290396969672993
16800.0,3.7866394010027706
16805.0,5.278175152917661
16810.0,4.948955393287976
16815.0,5.62939582918018
16820.0,5.255010974313558
16825.0,4.5613432207891496
16830.0,4.612150086561538
16835.0,5.022383313947726
16840.0,4.750494665709548
16845.0,5.154468134881165
16850.0,4.273355281267889
16855.0,5.007461259464179
16860.0,3.9282195744354467
16865.0,4.631075248829409
16870.0,4.918398137821066
16875.0,5.721551304670598
16880.0,6.204145026076768
16885.0,5.052608196272281
16890.0,5.211105180969084
16895.0,5.525255856620055
16900.0,5.377609489900333
16905.0,4.264923667895799
16910.0,6.378027012076753
16915.0,4.998627480651572
16920.0,5.84985643868309
16925.0,5.770646762937363
16930.0,4.587582743434304
16935.0,4.741989630527026
16940.0,6.128548334181269
16945.0,5.086802300456332
16950.0,4.347846737033353
16955.0,4.833675172191098
16960.0,4.648444086235875
16965.0,4.424809886558576
16970.0,5.427713630872372
16975.0,4.009296754057586
16980.0,5.2445081582262105
16985.0,4.980919634694098
16990.0,4.643026770849273
16995.0,5.0849682556422815
17000.0,5.072852352554201
17005.0,4.534500243055008
17010.0,5.121104684520173
17015.0,4.667757300378508
17020.0,4.365689110135672
17025.0,4.423394935697924
17030.0,5.8493506598987555
17035.0,5.320395052289943
17040.0,4.033061023095933
17045.0,5.863764799874798
17050.0,5.533141260795362
17055.0,4.2158909405791825
17060.0,5.537171508761323
17065.0,5.896107918261424
17070.0,5.073122456774206
17075.0,4.2953858738075725
17080.0,4.800304076068947
17085.0,4.949285355828671
17090.0,5.51422157402841
17095.0,5.902953358669398
17100.0,4.752444647120489
17105.0,4.7808205145527465
17110.0,5.135868552079079
17115.0,5.632630472485185
17120.0,4.708033485647897
17125.0,4.6448510758976385
17130.0,5.920643841890267
17135.0,5.92456457635417
17140.0,5.059903986421982
17145.0,4.471173688222788
17150.0,5.018553461140511
17155.0,4.810705737543183
17160.0,4.7969419970293865
17165.0,5.118588078224165
17170.0,5.121351342033671
17175.0,4.994959738131516
17180.0,4.591377128377473
17185.0,4.121848813486802
17190.0,4.350782336738019
17195.0,4.018638001571914
17200.0,5.564838918574425
17205.0,5.272338723514414
17210.0,5.23013576812588
17215.0,4.78775062873393
17220.0,5.168853698651533
17225.0,5.802258420261591
17230.0,5.320553007295326
17235.0,5.070033075691123
17240.0,5.923022133174324
17245.0,4.4586405041346255
17250.0,5.219099238945547
17255.0,4.84974861233062
17260.0,6.00337657073701
17265.0,5.781791831280466
17270.0,4.578484670868844
17275.0,5.248131928055603
17280.0,5.486289998751779
17285.0,5.038978100692036
17290.0,5.07503156642906
17295.0,5.640343876791064
17300.0,5.151449165867155
17305.0,4.25131742915183
17310.0,4.843143043593693
17315.0,5.124730030360949
17320.0,5.377557356815892
17325.0,4.7541352940146435
17330.0,5.161195974917256
17335.0,6.209764589118473
17340.0,5.683422575774689
17345.0,4.089268072414324
17350.0,5.317755867509545
17355.0,4.814645942578739
17360.0,4.956783528978378
17365.0,4.662037949636235
17370.0,6.429866914307938
17375.0,5.499088045790827
17380.0,3.430800930280963
17385.0,4.890783073262615
17390.0,5.612971009463449
17395.0,4.543225116200582
17400.0,5.652390094508527
17405.0,5.24415977376103
17410.0,5.2703121456624284
17415.0,4.459594143820515
17420.0,5.26042854999343
17425.0,4.596861045055688
17430.0,4.799142234618696
17435.0,4.420068969385314
17440.0,5.277562732547804
17445.0,5.139593296182812
17450.0,4.377866543621694
17455.0,5.051460336735801
17460.0,5.041034302093125
17465.0,4.140938926992364
17470.0,5.017274216296904
17475.0,4.921992622548982
17480.0,5.386240917162054
17485.0,5.2274443808005255
17490.0,4.228992835025084
17495.0,5.363843789506655
17500.0,4.355038805897911
17505.0,4.795604607469093
17510.0,5.334282797398288
17515.0,5.107210473255697
17520.0,5.516432265950692
17525.0,5.958780148169618
17530.0,4.412647703806567
17535.0,5.018919043689709
17540.0,5.055320883409694
17545.0,5.466728112848896
17550.0,6.167837555094294
17555.0,4.9366737529534355
17560.0,4.733243942521673
17565.0,5.108655148540194
17570.0,5.49941233612836
17575.0,5.073666382288634
17580.0,5.735511354259555
17585.0,4.414633444535915
17590.0,5.514355132627997
17595.0,4.336071859917039
17600.0,4.751561532692263
17605.0,5.8966896887394515
17610.0,5.7505705661982605
17615.0,5.65959854318722
17620.0,5.303848619742849
17625.0,4.189713676464661
17630.0,6.1897804369781175
17635.0,5.441340302812003
17640.0,4.420518772260671
17645.0,5.249814662540305
17650.0,4.627522274449086
17655.0,5.456639687587671
17660.0,4.675061856218366
17665.0,6.023367288800438
17670.0,5.426207422572463
17675.0,5.249121238090005
17680.0,5.388891336398003
17685.0,4.862479844800175
17690.0,4.635946884077958
17695.0,5.507486175335344
17700.0,4.774750170654949
17705.0,5.074049661319953
17710.0,5.381079448248807
17715.0,6.368932092428581
17720.0,4.66459692974991
17725.0,4.921498461327574
17730.0,5.269682860961089
17735.0,4.879528498403369
17740.0,5.841413331044273
17745.0,6.413007899978362
17750.0,5.279229678784355
17755.0,4.887827869923837
17760.0,5.236926877677033
17765.0,5.4938946554245485
17770.0,5.405016895884576
17775.0,4.944351605925503
17780.0,22.07865614403526
17785.0,19.599849720583038
17790.0,20.43419644683692
17795.0,19.754132870602724
17800.0,20.782001383673652
17805.0,20.40415619212242
17810.0,19.738898616708333
17815.0,21.29614109719709
17820.0,21.25989704937857
17825.0,19.65871049892744
17830.0,20.226657158235216
17835.0,19.12916446529413
17840.0,19.531164857227463
17845.0,18.412372720495288
17850.0,17.57419836786404
17855.0,18.983524156537634
17860.0,18.625265798509965
17865.0,17.940957328792233
17870.0,17.444191369584146
17875.0,17.04607421878879
17880.0,16.553347464398573
17885.0,17.623659873129544
17890.0,18.49234942943057
17895.0,16.951823763122885
17900.0,17.320141750821787
17905.0,17.892675567644453
17910.0,16.241788349820933
17915.0,16.50496285649549
17920.0,15.730399419404176
17925.0,16.8581008513412
17930.0,16.33038572347552
17935.0,16.63107441606217
17940.0,15.361332314628878
17945.0,15.340431457665172
17950.0,15.56040070193205
17955.0,15.12634012452169
17960.0,15.38890907408953
17965.0,14.789089917603977
17970.0,14.494362302455196
17975.0,13.545581665866308
17980.0,13.112983586112545
17985.0,12.514835970170155
17990.0,12.705403211615236
17995.0,12.696712776396637
18000.0,11.809581275688156
18005.0,11.825541004298099
18010.0,10.924367203724636
18015.0,11.398805543051893
18020.0,11.827269319754361
18025.0,10.779932490667893
18030.0,10.661214671225782
18035.0,9.131070166628202
18040.0,9.32922919638452
18045.0,8.22786951957487
18050.0,7.225443313432914
18055.0,7.358946414935315
18060.0,6.5649935148745495
18065.0,5.882978374660488
18070.0,6.227796565179871
18075.0,5.713830639409057
18080.0,23.623367698590524
18085.0,22.196147631665664
18090.0,21.41485948378137
18095.0,22.185468104970706
18100.0,18.08476119732616
18105.0,20.018996771950704
18110.0,18.545129476928544
18115.0,17.95313402192516
18120.0,16.22107161812327
18125.0,16.02517729827553
18130.0,15.785922063672663
18135.0,14.949236493270982
18140.0,15.616359430072219
18145.0,14.331544333783564
18150.0,13.035602909965093
18155.0,14.016110659271579
18160.0,13.751295414730318
18165.0,11.958876700119886
18170.0,12.87090756316853
18175.0,12.423319314997975
18180.0,10.9019659655129
18185.0,10.699730845704792
18190.0,10.092138834212667
18195.0,10.392306897417889
18200.0,10.13691651412465
18205.0,10.137953748569553
18210.0,10.202831956116446
18215.0,9.401542112883247
18220.0,9.839401614123753
18225.0,9.503202598750764
18230.0,7.992153075458115
18235.0,8.121179235931034
18240.0,8.864698201948302
18245.0,7.48263202006496
18250.0,9.438126525803153
18255.0,9.571605702862309
18260.0,7.935077542377743
18265.0,8.591493022298511
18270.0,6.677198513666878
18275.0,7.51592915453968
18280.0,6.665053019186733
18285.0,7.115871335545004
18290.0,7.888213008635484
18295.0,7.17795388404912
18300.0,6.418436697358989
18305.0,6.803434914577268
18310.0,6.5700917037662405
18315.0,7.174065108671871
18320.0,6.575267095014479
18325.0,6.025029616479164
18330.0,6.707483780676112
18335.0,6.971637620959629
18340.0,6.411560452912298
18345.0,6.953716184586727
18350.0,6.216385640359851
18355.0,6.5208625611433275
18360.0,6.767727523230937
18365.0,5.663749532271182
18370.0,6.7383100052118765
18375.0,5.886946306073229
18380.0,5.0384908839358244
18385.0,5.430145277816238
18390.0,5.324754854737966
18395.0,4.632031552249794
18400.0,5.104357537836417
18405.0,5.236739606406355
18410.0,4.0090354245365045
18415.0,4.900216736041388
18420.0,5.541789550866446
18425.0,5.217147780526938
18430.0,5.093066360458632
18435.0,6.457818996975369
18440.0,5.306274500964591
18445.0,6.13579489244368
18450.0,4.961927202744226
18455.0,5.138781382071725
18460.0,5.472793738461695
18465.0,5.38203842449998
18470.0,4.865200539709579
18475.0,4.40543653039226
18480.0,5.064626577305922
18485.0,5.148353661727631
18490.0,4.910036020378808
18495.0,4.879590906098576
18500.0,5.900191643181988
18505.0,4.628984003850097
18510.0,6.2240797702484665
18515.0,5.079620003841683
18520.0,5.0512736541145085
18525.0,6.044522777952672
18530.0,5.4428964846948436
18535.0,5.039985258787072
18540.0,6.216422929756886
18545.0,5.54310602188529
18550.0,4.473928968735129
18555.0,5.47002165200818
18560.0,5.463511096923301
18565.0,4.617043698259925
18570.0,5.267270408556274
18575.0,4.339931036399735
18580.0,4.838848985608875
18585.0,5.563768166903764
18590.0,4.640410595108563
18595.0,4.523021364833174
18600.0,5.42459276583152
18605.0,4.843165541173036
18610.0,5.355238948827315
18615.0,5.1988788619776285
18620.0,5.413100315412359
18625.0,4.9083497677558166
18630.0,4.123870967514243
18635.0,4.655038117389685
18640.0,5.272247528702993
18645.0,4.877525526397209
18650.0,5.517392279477821
18655.0,5.141266013189911
18660.0,5.700766818655525
18665.0,5.3147802878432575
18670.0,5.056261526441365
18675.0,4.728585551774233
18680.0,6.0580514777337005
18685.0,5.381788882634668
18690.0,3.959436522181074
18695.0,4.989181841812494
18700.0,5.034033967291778
18705.0,4.757792250634453
18710.0,4.905092290852481
18715.0,4.174048705634432
18720.0,4.948137602573203
18725.0,4.300422182221054
18730.0,4.624388098057716
18735.0,5.90458404161788
18740.0,4.747758364890206
18745.0,5.43019973555391
18750.0,4.505198971366082
18755.0,5.982891520948647
18760.0,3.8849999576445127
18765.0,4.8235453706096925
18770.0,5.078368108574412
18775.0,4.7440833763140375
18780.0,4.48082700616416
18785.0,5.212082486965725
18790.0,4.821174785006204
18795.0,4.921647921372185
18800.0,5.401772088609588
18805.0,5.050784032678016
18810.0,4.5813215744070375
18815.0,4.969581726869805
18820.0,4.454917270309168
18825.0,3.874885662515917
18830.0,4.707296137185477
18835.0,3.9248899452851895
18840.0,4.0585620257828605
18845.0,4.505455962146132
18850.0,4.053082453448404
18855.0,4.590719070591279
18860.0,4.643841341075992
18865.0,4.218018218743228
18870.0,4.588853915899035
18875.0,4.696979806821306
18880.0,5.05302021621942
18885.0,5.646847037622325
18890.0,4.797676788936165
18895.0,4.671575471864366
18900.0,4.929218195667228
18905.0,5.820378505591249
18910.0,4.645759147788633
18915.0,5.054467661102542
18920.0,4.333086885013289
18925.0,4.872433606243018
18930.0,5.349583111336931
18935.0,4.596109137861696
18940.0,5.331574177294401
18945.0,5.453051118698834
18950.0,4.899220939430704
18955.0,4.412981652796199
18960.0,4.903315641051092
18965.0,5.172477723521538
18970.0,4.617688990441854
18975.0,6.095487704416699
18980.0,4.781351470459085
18985.0,5.772820798757063
18990.0,5.3471830417986395
18995.0,5.817712005529571
19000.0,5.332705596329329
19005.0,4.945315718169093
19010.0,4.353815419628164
19015.0,5.509820234358956
19020.0,5.08376584372859
19025.0,4.945416700721701
19030.0,4.6546611202752555
19035.0,5.6378744313945655
19040.0,4.438782644120615
19045.0,6.511515686752136
19050.0,5.69887797719266
19055.0,5.161555383647356
19060.0,4.772406187133359
19065.0,5.225962053023505
19070.0,4.847228583623858
19075.0,5.1931870240031595
19080.0,5.184503129024478
19085.0,5.464765478731988
19090.0,5.089885330845011
19095.0,5.393449600203804
19100.0,4.85883412307011
19105.0,4.693860805378879
19110.0,4.775866699930046
19115.0,5.579579327154439
19120.0,6.167214453645736
19125.0,5.6874519816682225
19130.0,5.02626184961114
19135.0,4.728787641189806
19140.0,5.5664298283141
19145.0,5.440718287617708
19150.0,4.315401899706975
19155.0,5.193798441092524
19160.0,4.687879400715628
19165.0,5.597676482320725
19170.0,5.613916708325838
19175.0,4.596923062866987
19180.0,5.108063316045693
19185.0,4.3049312607039765
19190.0,5.049915270317209
19195.0,4.688083754773584
19200.0,5.078495545873538
19205.0,5.512511298751291
19210.0,5.171115207587925
19215.0,4.806079862827617
19220.0,5.3757523949443975
19225.0,4.36982833797768
19230.0,4.947296440010457
19235.0,4.620021616558829
19240.0,5.6382595837749445
19245.0,4.139774801530767
19250.0,5.154982418047185
19255.0,4.566437519998278
19260.0,5.085466575985575
19265.0,5.694493500294569
19270.0,4.539527929205276
19275.0,4.610532871244407
19280.0,4.487845730192065
19285.0,5.8946721234908335
19290.0,5.5475434921969065
19295.0,4.796029811100721
19300.0,5.535974113028135
19305.0,5.615889076885832
19310.0,5.662129846457009
19315.0,5.347281280482019
19320.0,5.080395656433213
19325.0,4.7811019192906326
19330.0,4.185119268301473
19335.0,4.954661159006756
19340.0,4.583781762714628
19345.0,4.455164479028477
19350.0,5.380870250168633
19355.0,4.580375372911691
19360.0,4.601843568814184
19365.0,5.221120977181804
19370.0,4.278145338785215
19375.0,5.760476801299292
19380.0,4.97236183170733
19385.0,4.209704391732912
19390.0,4.433942672121574
19395.0,4.572261840050892
19400.0,5.756928712902642
19405.0,5.284200869463666
19410.0,4.699185719213717
19415.0,4.713207203045707
19420.0,4.523864484297526
19425.0,3.3449676118699827
19430.0,4.699541248912448
19435.0,4.650594210254246
19440.0,32.19148979606159
19445.0,33.11502383523571
19450.0,31.535932218972285
19455.0,32.08470329248758
19460.0,30.821237822252936
19465.0,30.485693351414643
19470.0,32.684043939297624
19475.0,33.22980316075614
19480.0,31.16504069791684
19485.0,31.602266404163714
19490.0,29.996563198170783
19495.0,31.269669367348484
19500.0,30.636886178334784
19505.0,30.114475260526326
19510.0,31.77966115317916
19515.0,30.098911219567515
19520.0,30.43242541985408
19525.0,28.31631400158769
19530.0,31.211253552893083
19535.0,29.78625903917411
19540.0,29.44287835143009
19545.0,29.76386079185549
19550.0,28.654062771701756
19555.0,29.13574580848599
19560.0,28.565587100112857
19565.0,28.250295519340312
19570.0,27.525337503485833
19575.0,27.51772265668736
19580.0,27.028794213103037
19585.0,27.381960017784415
19590.0,27.519444754740295
19595.0,26.63907859917448
19600.0,26.68330211422612
19605.0,25.768664464752675
19610.0,25.92926937734895
19615.0,26.626291133612234
19620.0,25.51985443122033
19625.0,25.732775547069632
19630.0,23.205034269779837
19635.0,23.80293244660392
19640.0,21.95632547948867
19645.0,22.590017932255257
19650.0,20.697207194934496
19655.0,21.342897664686067
19660.0,23.024508575877995
19665.0,19.663782896386834
19670.0,18.611768705286448
19675.0,18.34886013218888
19680.0,18.106795319714227
19685.0,16.024004738544487
19690.0,15.660845869927693
19695.0,15.228906657907851
19700.0,13.912812389356201
19705.0,12.981790442074239
19710.0,12.196700735085535
19715.0,10.957042345630658
19720.0,9.301183518073975
19725.0,8.446916238447567
19730.0,7.489405731243364
19735.0,6.343704426703406
19740.0,35.74245184143098
19745.0,32.60247821260962
19750.0,33.29959137718393
19755.0,32.33262938151502
19760.0,28.205535933631598
19765.0,28.861432182809487
19770.0,26.53210503119982
19775.0,25.658903469626626
19780.0,26.264741101710012
19785.0,24.35689647638545
19790.0,23.197595202918627
19795.0,22.631223459786582
19800.0,20.92443814888847
19805.0,20.536172973361523
19810.0,19.940593248055624
19815.0,19.163514004740954
19820.0,17.450105436525703
19825.0,18.471406072727802
19830.0,16.022647965444463
19835.0,16.735141570975266
19840.0,14.437962142705052
19845.0,16.987572443901417
19850.0,15.246153806682614
19855.0,13.274977647860407
19860.0,14.169510431030835
19865.0,13.623242731914553
19870.0,13.320701049440823
19875.0,13.38860794969593
19880.0,12.941685710082265
19885.0,12.299198568191098
19890.0,11.350957299684177
19895.0,10.325032787030782
19900.0,10.255490318005801
19905.0,11.008540676334809
19910.0,10.202817904844691
19915.0,9.709963580824125
19920.0,10.687219102257004
19925.0,9.916470399023021
19930.0,9.871487477928913
19935.0,9.422739997711608
19940.0,9.083178601355229
19945.0,9.659744578739959
19950.0,8.619988672507777
19955.0,9.170970297101794
19960.0,8.919832593188477
19965.0,7.829510645299459
19970.0,8.162621071435604
19975.0,7.1657348415356
19980.0,6.651885622895373
19985.0,7.233131077817501
19990.0,7.555286825963158
19995.0,7.178386914153245
20000.0,6.732752872073965
20005.0,7.143749970698034
20010.0,6.416379082628188
20015.0,7.0421805531678086
20020.0,6.652698293389669
20025.0,6.909397546667225
20030.0,7.181844529473854
20035.0,6.138950765132352
20040.0,4.578316344220135
20045.0,4.584949185168727
20050.0,4.441498839301987
20055.0,4.951789522425864
20060.0,5.0633175758857965
20065.0,5.134939190954041
20070.0,5.199629129167623
20075.0,5.567656285906254
20080.0,4.792414432790546
20085.0,4.8937225671017455
20090.0,4.623398399032915
20095.0,4.878090854729322
20100.0,4.717082230070648
20105.0,4.088260704455939
20110.0,5.201889108976962
20115.0,4.203991825346524
20120.0,3.647852098160777
20125.0,4.745892137472959
20130.0,5.553559571035452
20135.0,4.953640432786282
20140.0,4.524139315372187
20145.0,4.962455992194139
20150.0,4.233555859347172
20155.0,4.4886618271103025
20160.0,4.5725391903626456
20165.0,4.643412599827778
20170.0,4.814093675844141
20175.0,5.043664432846746
20180.0,4.5562976377404
20185.0,5.137665539028549
20190.0,5.170385819055704
20195.0,4.524904157190756
20200.0,5.262627296943546
20205.0,5.549818778551475
20210.0,4.357783012166552
20215.0,5.513920681457281
20220.0,4.952894285061749
20225.0,4.562332905692036
20230.0,6.008648592888434
20235.0,5.549912882278102
20240.0,4.903298754820703
20245.0,5.040576494265801
20250.0,5.627225052759533
20255.0,4.712789317660125
20260.0,4.9399387741752045
20265.0,4.924879609302968
20270.0,4.538742993346278
20275.0,4.863183883561979
20280.0,4.9277541941850656
20285.0,5.076426919117619
20290.0,5.354180121602296
20295.0,4.4761859988792585
20300.0,5.302130610018767
20305.0,5.028885800560188
20310.0,5.700322417336071
20315.0,5.0230914631642625
20320.0,5.008851971639262
20325.0,4.741212999427711
20330.0,5.933465399237777
20335.0,5.412656447514404
20340.0,4.420429744791982
20345.0,5.521542653291859
20350.0,5.449064960429216
20355.0,5.542627969431213
20360.0,4.243252159843722
20365.0,5.18695255229046
20370.0,5.547681570081585
20375.0,5.418056499452868
20380.0,4.169587134296551
20385.0,4.57309169561717
20390.0,4.191697874866913
20395.0,4.241097840593361
20400.0,5.384468207351487
20405.0,4.712770902788163
20410.0,4.286029576226398
20415.0,4.230590178547037
20420.0,4.975194474738046
20425.0,5.632150259185716
20430.0,4.726540037787947
20435.0,5.3274565048025755
20440.0,4.722902189639252
20445.0,4.972212687721046
20450.0,4.780727033546283
20455.0,4.714340366908878
20460.0,5.09076139677045
20465.0,4.69083184973627
20470.0,5.1687086013822
20475.0,5.704029607865624
20480.0,5.03762683878058
20485.0,4.999329589002846
20490.0,4.631698812462043
20495.0,5.775867826044911
20500.0,4.942641720317356
20505.0,5.217698592849423
20510.0,4.783479847365397
20515.0,5.7690407005403
20520.0,4.382250154941041
20525.0,4.186456038092187
20530.0,4.941061804149088
20535.0,4.458809521854216
20540.0,5.398368268866026
20545.0,5.917476123274822
20550.0,5.4484833619007835
20555.0,5.769729697995044
20560.0,5.57018326105099
20565.0,5.08715548706219
20570.0,4.597820827388701
20575.0,5.214692052826178
20580.0,4.8063517223605015
20585.0,5.104974056049267
20590.0,5.681784930450694
20595.0,4.661913074682571
20600.0,4.227144633528712
20605.0,19.20177330544036
20610.0,17.171358304547503
20615.0,17.71005266876789
20620.0,19.108635666440478
20625.0,18.700222308010424
20630.0,17.512844230128284
20635.0,18.892959908393216
20640.0,17.803919687231783
20645.0,18.469160152388508
20650.0,18.79276783901871
20655.0,18.98959640836778
20660.0,19.12589215483243
20665.0,19.506670297182033
20670.0,19.876130238361817
20675.0,17.828368990772137
20680.0,19.198735870817817
20685.0,16.194814732209743
20690.0,19.04893693302062
20695.0,17.237556000094795
20700.0,17.04030877356847
20705.0,18.313784575048835
20710.0,16.618723958415377
20715.0,17.771992584281644
20720.0,20.627552484209538
20725.0,19.040692562700617
20730.0,18.561666944017034
20735.0,18.02111188181171
20740.0,17.571269772923703
20745.0,17.195772492699206
20750.0,16.269802361200355
20755.0,16.950370546732834
20760.0,18.595584941872293
20765.0,16.53296100950582
20770.0,15.93196173525995
20775.0,17.184284735936156
20780.0,17.525699681191647
20785.0,15.623950877990868
20790.0,16.308635979327597
20795.0,17.066255023184528
20800.0,15.657922106111684
20805.0,16.082790113284624
20810.0,15.441454287072997
20815.0,17.795340671911923
20820.0,15.050837598097562
20825.0,15.896035491841918
20830.0,15.36242384552769
20835.0,14.345715228586318
20840.0,15.057037774362618
20845.0,13.482342842653157
20850.0,13.509486658311213
20855.0,12.300897696047631
20860.0,11.755495952690362
20865.0,11.93438060006606
20870.0,10.775459889216323
20875.0,10.510182849969727
20880.0,10.078283469951788
20885.0,9.172463239405179
20890.0,8.146764118136412
20895.0,6.612461412203072
20900.0,6.2412975431613615
20905.0,17.601689874222412
20910.0,17.531808715102688
20915.0,16.57357914210781
20920.0,16.05529868029574
20925.0,16.286644932599607
20930.0,14.867812650116335
20935.0,15.481769204939619
20940.0,14.668953141958607
20945.0,14.063993964712054
20950.0,12.816816221351914
20955.0,11.95784483129666
20960.0,12.242929852885785
20965.0,13.300043310160675
20970.0,11.525184654631877
20975.0,10.968281089605542
20980.0,11.331891622583198
20985.0,10.731841082715347
20990.0,9.528678886240582
20995.0,10.388492763999187
21000.0,9.560282047259836
21005.0,9.485130892043305
21010.0,9.467227958245129
21015.0,9.806426502281798
21020.0,9.689467072794773
21025.0,8.25164904567868
21030.0,8.23283901632796
21035.0,8.729858875731065
21040.0,8.489058171439654
21045.0,8.312709310623763
21050.0,8.312343520325468
21055.0,8.334512352327328
21060.0,8.191085049759092
21065.0,7.30435073585152
21070.0,7.768424047884158
21075.0,7.096332986666686
21080.0,7.0078030467920485
21085.0,7.326633209237853
21090.0,6.2580498093270815
21095.0,6.83318566591705
21100.0,7.188611565868065
21105.0,7.32883496125213
21110.0,6.602588777585349
21115.0,5.816412288684979
21120.0,6.363408795039746
21125.0,5.921705594497531
21130.0,6.461638313612999
21135.0,6.039241924102998
21140.0,5.887702639608573
21145.0,5.859011515916713
21150.0,6.14845146990993
21155.0,6.504880823096599
21160.0,5.716883781811846
21165.0,5.504480413638275
21170.0,6.473199741323842
21175.0,6.094170727634422
21180.0,5.251493712402379
21185.0,5.958729640463078
21190.0,5.617350176140638
21195.0,5.839548051623256
21200.0,6.018294484163349
21205.0,4.9504038913298825
21210.0,5.4089980970842655
21215.0,5.023098020131487
21220.0,4.937875886260976
21225.0,4.844107632311694
21230.0,4.832651001735581
21235.0,4.082096649815176
21240.0,5.339738700744276
21245.0,5.5443979129959065
21250.0,5.035827461295841
21255.0,4.922175361878986
21260.0,5.404740890263581
21265.0,4.688304762315778
21270.0,4.328072576240121
21275.0,5.176633017630223
21280.0,5.363182358132308
21285.0,5.534183530455218
21290.0,4.578644118043121
21295.0,5.459473772337332
21300.0,4.444860736736177
21305.0,4.537860994743526
21310.0,5.74877268118737
21315.0,4.747397986646175
21320.0,4.764007401820982
21325.0,5.264841092305743
21330.0,4.602110137099048
21335.0,4.7135396267665035
21340.0,5.117416782424131
21345.0,4.226767017802868
21350.0,4.442915675815131
21355.0,5.11629977758634
21360.0,4.130770709223341
21365.0,4.983026097480108
21370.0,3.8774616223035223
21375.0,5.394958900060306
21380.0,4.7827238269211545
21385.0,4.0719054355456965
21390.0,4.825724450668603
21395.0,5.41811347283373
21400.0,4.612432493779703
21405.0,5.317179099907287
21410.0,4.3540118578214955
21415.0,4.1801726089350595
21420.0,5.619477458972475
21425.0,5.241261484744664
21430.0,5.3784623022297255
21435.0,6.123790304707464
21440.0,4.942043300653292
21445.0,3.5757856629968976
21450.0,4.8148140873282
21455.0,4.878938829166455
21460.0,5.127748096639897
21465.0,4.705422400071643
21470.0,5.614921765362515
21475.0,5.067724155135614
21480.0,4.4947468134833155
21485.0,5.8534907268549015
21490.0,5.133828425442339
21495.0,4.966254539836889
21500.0,4.9532596464630725
21505.0,4.640399107680879
21510.0,5.09182916954727
21515.0,4.503515809789812
21520.0,5.02603616849434
21525.0,5.902530879375661
21530.0,4.897650851355875
21535.0,5.828087600116279
21540.0,5.320789927955495
21545.0,5.501495779739703
21550.0,4.6736927678331295
21555.0,5.61557062135452
21560.0,4.833210509094295
21565.0,4.723952432452359
21570.0,4.751013483934551
21575.0,6.330216979248839
21580.0,5.608815628122508
21585.0,5.900974741174972
21590.0,4.766496356429142
21595.0,5.716825654173581
21600.0,4.835526998259705
21605.0,4.530883689653748
21610.0,5.668976283182261
21615.0,5.145820424927711
21620.0,4.2595592058098894
21625.0,4.8403053432402015
21630.0,5.251408493543549
21635.0,5.394412737501752
21640.0,4.854329531957427
21645.0,5.338806218550685
21650.0,5.52641600056075
21655.0,4.977612890584847
21660.0,4.323863178825217
21665.0,4.829824944660181
21670.0,5.391824934926435
21675.0,4.920315906427928
21680.0,4.305874645914005
21685.0,4.5091176695044775
21690.0,5.2693526007383396
21695.0,4.539945433163042
21700.0,5.0755518317375765
21705.0,4.830717043411226
21710.0,4.857784299544322
21715.0,4.791936692049943
21720.0,4.950500434858464
21725.0,5.050927224291824
21730.0,5.224461538191904
21735.0,4.2131040563622
21740.0,4.273244505825375
21745.0,5.555719779934424
21750.0,4.786253687507239
21755.0,5.333693624170598
21760.0,4.537042368640423
21765.0,4.749573593900726
21770.0,5.3090198390700465
21775.0,5.607627654670096
21780.0,4.839814388698947
21785.0,4.852379167223196
21790.0,4.670956620310633
21795.0,5.753741851406238
21800.0,4.672462303950413
21805.0,5.885982235898867
21810.0,4.8194605912667035
21815.0,3.8685364843569388
21820.0,5.384970647581056
21825.0,5.794899619128706
21830.0,4.8253668325545025
21835.0,5.3033650149395095
21840.0,4.395384691416341
21845.0,5.434546273375622
21850.0,4.882128869016281
21855.0,4.681240409778996
21860.0,5.74345099943963
21865.0,4.700525021398926
21870.0,5.484896438883442
21875.0,5.531385629138882
21880.0,4.878914713256845
21885.0,3.369898701388594
21890.0,4.890496209730841
21895.0,3.927784723445467
21900.0,5.224335144139266
21905.0,4.401497654301163
21910.0,5.126313500959784
21915.0,5.182807084969535
21920.0,5.541378386759243
21925.0,4.80744774052146
21930.0,5.177697182020823
21935.0,5.346981707058472
21940.0,5.491099179580477
21945.0,4.442173849795645
21950.0,4.250094984644478
21955.0,4.517482552480152
21960.0,5.189873631436181
21965.0,4.972746505416829
21970.0,5.561705197058612
21975.0,3.9981797017437835
21980.0,5.482849292908564
21985.0,4.726323266618142
21990.0,5.025013414571562
21995.0,5.844541043659595
22000.0,3.929012626650261
22005.0,4.705524268653353
22010.0,5.400225007562409
22015.0,5.47664485618765
22020.0,4.654208088217021
22025.0,5.110459899660792
22030.0,5.466166032475845
22035.0,5.634134379104434
22040.0,5.693585234134818
22045.0,5.237188927141212
22050.0,5.0402673088796845
22055.0,4.327185472436321
22060.0,5.68910315240476
22065.0,5.555480400594071
22070.0,4.742257292003577
22075.0,5.002040391967531
22080.0,5.146600127857578
22085.0,5.781299612693367
22090.0,4.853888992468512
22095.0,4.939196952346527
22100.0,5.7194579386929885
22105.0,5.434925001916733
22110.0,4.21040240820197
22115.0,4.21998640945938
22120.0,4.989715623519835
22125.0,6.131677939353679
22130.0,5.294348993497791
22135.0,6.123512519209823
22140.0,5.0136277990630544
22145.0,5.261783408020529
22150.0,4.6835570038452
22155.0,5.478903535309113
22160.0,4.413016085320772
22165.0,4.176852492532316
22170.0,5.158138008038635
22175.0,4.926923327958641
22180.0,4.986886349612212
22185.0,4.15981965668073
22190.0,4.579503349254289
22195.0,4.375434226424166
22200.0,5.011667050084752
22205.0,4.9993703601013735
22210.0,5.37587960908071
22215.0,4.455784147929522
22220.0,5.148677065940807
22225.0,4.428650792045071
22230.0,18.210626176251395
22235.0,17.90851466939315
22240.0,16.792369390498777
22245.0,18.68169876641306
22250.0,18.330380416182727
22255.0,16.714487433983102
22260.0,16.393421364715483
22265.0,17.269045940770916
22270.0,17.714951157416607
22275.0,18.216690142306213
22280.0,17.59177002044757
22285.0,17.904917548358515
22290.0,17.03374124838661
22295.0,18.167182669036315
22300.0,16.337673689953682
22305.0,17.70421663542021
22310.0,16.67815630331006
22315.0,16.627489328265035
22320.0,16.031453015021743
22325.0,15.704566071292897
22330.0,16.061550914631766
22335.0,16.29734649571838
22340.0,16.85768824219785
22345.0,16.237856380232635
22350.0,15.570168853400498
22355.0,15.40869658539207
22360.0,16.219737580304724
22365.0,15.691476540359158
22370.0,15.537481288718444
22375.0,14.554126087165773
22380.0,14.858608303359171
22385.0,14.060486144801441
22390.0,14.755335730961551
22395.0,12.549962641701544
22400.0,14.876571022033108
22405.0,12.797118346180628
22410.0,14.480892995741764
22415.0,13.12198655820811
22420.0,12.396031420394568
22425.0,14.061287904582258
22430.0,13.550844578938571
22435.0,11.269431290812994
22440.0,10.614687944528047
22445.0,11.969715213981772
22450.0,11.267101827597145
22455.0,11.793127885512716
22460.0,10.83337992316274
22465.0,10.24969238635996
22470.0,9.403755703654635
22475.0,9.830706228151374
22480.0,8.466448511453963
22485.0,9.05759215641935
22490.0,8.941853383246608
22495.0,6.600739874539293
22500.0,7.353426766755507
22505.0,6.907822098700086
22510.0,7.21182494240838
22515.0,5.8768928750934
22520.0,5.521899937996733
22525.0,4.683057945178948
22530.0,19.325105062823503
22535.0,17.544959941454973
22540.0,18.357458110251635
22545.0,17.794545713383936
22550.0,15.78090752575783
22555.0,16.556887274140845
22560.0,15.717082319976507
22565.0,14.128322300520832
22570.0,13.575663333093098
22575.0,14.28226753765944
22580.0,12.910899925256626
22585.0,13.862216371663582
22590.0,13.24136984900108
22595.0,12.711965343245664
22600.0,11.68760183617358
22605.0,13.140030592901159
22610.0,11.638519747041734
22615.0,11.051229113133466
22620.0,10.359026463844105
22625.0,11.344043362588053
22630.0,10.777384962877822
22635.0,9.718189375162028
22640.0,9.83313264364974
22645.0,9.017556300258352
22650.0,9.422961874558487
22655.0,9.090544735104498
22660.0,8.887521644447906
22665.0,9.175650709358234
22670.0,9.760126458713234
22675.0,8.953734300178565
22680.0,8.086296771535434
22685.0,7.207282196742595
22690.0,7.937051451871173
22695.0,7.847591960300432
22700.0,7.926919562011082
22705.0,8.054428743332704
22710.0,6.78438151483279
22715.0,7.11154238254467
22720.0,6.852592333907927
22725.0,7.310855717126856
22730.0,6.994080929925353
22735.0,6.902542893347063
22740.0,7.566356590387487
22745.0,7.352908952369374
22750.0,6.299565735317183
22755.0,5.760054310492176
22760.0,6.643700253489248
22765.0,6.68222142280098
22770.0,6.002604586931734
22775.0,6.636077062339998
22780.0,6.221650755904777
22785.0,5.981372633801852
22790.0,6.295111036866429
22795.0,6.116924130486243
22800.0,6.0063034898523044
22805.0,6.206281937424847
22810.0,6.27910291215939
22815.0,6.445940757265612
22820.0,6.998974978273803
22825.0,5.017050344591496
22830.0,5.398425177981123
22835.0,5.160165709883072
22840.0,5.290494891957492
22845.0,5.450333858422382
22850.0,5.174881455248281
22855.0,5.1535678629201245
22860.0,5.576679014239984
22865.0,4.659343996263347
22870.0,5.340991736411345
22875.0,4.361171020462516
22880.0,4.03044191294014
22885.0,5.097624192988142
22890.0,3.8681580499361212
22895.0,5.782508865084237
22900.0,5.235776524152083
22905.0,4.583606559675803
22910.0,5.007971304687297
22915.0,4.965245122776954
22920.0,4.9454754631114195
22925.0,5.977368488232659
22930.0,4.390953035151663
22935.0,5.902746819785098
22940.0,5.628518855344903
22945.0,5.006022176282115
22950.0,4.56448067242205
22955.0,5.166324376858908
22960.0,4.761566595329908
22965.0,4.562114832940379
22970.0,5.474699199327995
22975.0,4.414041060699805
22980.0,4.552305196763523
22985.0,4.675338844214221
22990.0,4.932234334439794
22995.0,5.435966999736033
23000.0,5.2838782666458135
23005.0,5.683522644980704
23010.0,5.195367260330299
23015.0,5.104611877844931
23020.0,5.4493349985041935
23025.0,4.530801358729304
23030.0,6.019532962132274
23035.0,5.0624849981169
23040.0,5.637302621090636
23045.0,4.668149037801051
23050.0,4.452897328315753
23055.0,5.265259415383926
23060.0,5.481073105956098
23065.0,5.32809706531017
23070.0,5.899614286753873
23075.0,5.327102086995696
23080.0,4.599083586989255
23085.0,4.985663695633884
23090.0,3.866858038741492
23095.0,4.762186872308053
23100.0,4.597446528389139
23105.0,5.2571882648716235
23110.0,4.715945747536034
23115.0,4.984028942777234
23120.0,3.8200714257102213
23125.0,4.414433008220055
23130.0,5.07171270412813
23135.0,5.595091781574752
23140.0,4.737003486957104
23145.0,4.409635255471412
23150.0,5.396373725245032
23155.0,5.0457175586639
23160.0,5.134842944465435
23165.0,4.348459051928631
23170.0,5.441767122009464
23175.0,5.406255594209567
23180.0,4.766581965035144
23185.0,5.087078908430515
23190.0,4.438429633775703
23195.0,5.297678353711733
23200.0,5.625166401461488
23205.0,5.270922875501161
23210.0,4.5640456290476
23215.0,5.739707558864052
23220.0,5.005078659441795
23225.0,4.440297618749801
23230.0,5.354886778715086
23235.0,5.834681840030459
23240.0,5.544990933355987
23245.0,5.227457268849023
23250.0,4.516573155745997
23255.0,5.368608992579833
23260.0,5.361568878727015
23265.0,5.5201902355738905
23270.0,4.9763053275019455
23275.0,4.971547213325359
23280.0,5.665202527869367
23285.0,5.205479538610106
23290.0,4.988195845511649
23295.0,4.916555297620407
23300.0,4.995009399055993
23305.0,4.615110410812639
23310.0,4.711784944064943
23315.0,5.218224630684163
23320.0,5.019763963946305
23325.0,4.995193291787837
23330.0,5.030318521275264
23335.0,4.891120779195759
23340.0,4.5925193252747984
23345.0,4.780638963564855
23350.0,5.521021345557656
23355.0,4.569908222353903
23360.0,5.414603886585766
23365.0,4.758345909804584
23370.0,4.257094796063606
23375.0,4.807058454323964
23380.0,3.8452160422080035
23385.0,5.1211939613760915
23390.0,4.8909411571938435
23395.0,5.069075696704942
23400.0,5.726185179454846
23405.0,5.000546098906539
23410.0,5.1754085883395575
23415.0,5.455541363263052
23420.0,4.827074629015174
23425.0,6.396721564978884
23430.0,4.328248598520696
23435.0,4.453107725559369
23440.0,4.682970401650037
23445.0,4.842458026099868
23450.0,5.219807439362259
23455.0,5.035057932530621
23460.0,4.917219142158508
23465.0,5.254272571296823
23470.0,5.096727795154861
23475.0,5.4283331816401255
23480.0,5.235940361834658
23485.0,6.038752726066823
23490.0,5.833688881197107
23495.0,5.414619642683927
23500.0,4.8680042007927256
23505.0,4.260678152081156
23510.0,4.922263482398984
23515.0,4.627265686373569
23520.0,5.752960303169865
23525.0,4.742439908806866
23530.0,4.391690639014916
23535.0,4.588264710568488
23540.0,4.447154755927367
23545.0,6.092506844901687
23550.0,5.299640355218416
23555.0,6.235232005748407
23560.0,4.460727717767789
23565.0,5.423789228469208
23570.0,3.9771865408259437
23575.0,5.360339747020518
23580.0,4.824795384295769
23585.0,4.471982881377929
23590.0,4.592064908248314
23595.0,5.712645577775044
23600.0,4.465869798839822
23605.0,3.9833769422481886
23610.0,5.693578171019931
23615.0,5.381055303508551
23620.0,5.11407443705129
23625.0,5.811467545494024
23630.0,4.841497030652694
23635.0,4.7319499457505545
23640.0,4.407175478202783
23645.0,4.243006976380945
23650.0,4.882627569905928
23655.0,5.025483699888152
23660.0,4.309032037401069
23665.0,5.544330250575853
23670.0,4.808346291352934
23675.0,5.332470024788641
23680.0,4.5579249080905
23685.0,5.001662130389819
23690.0,25.248771154130207
23695.0,27.85870217560379
23700.0,29.35644988496593
23705.0,27.302714176613335
23710.0,28.99631490882576
23715.0,28.517359294734092
23720.0,28.710423105057835
23725.0,27.65150464614313
23730.0,28.273050801941412
23735.0,26.95810257333961
23740.0,27.771763221438384
23745.0,25.992911103919106
23750.0,28.010083254018326
23755.0,25.99432516694396
23760.0,27.726481586189056
23765.0,27.49426053161909
23770.0,27.239416481279846
23775.0,28.477313820791533
23780.0,24.861221762918518
23785.0,27.721877927216912
23790.0,26.405750655701873
23795.0,27.04166573846636
23800.0,25.90871476681183
23805.0,26.887504778930897
23810.0,25.518627964269523
23815.0,25.993966556968502
23820.0,26.78886222548212
23825.0,27.259666801757838
23830.0,26.95198443339053
23835.0,26.741144981712626
23840.0,25.066755687554412
23845.0,25.291274576473732
23850.0,25.622878424452445
23855.0,25.005939226469494
23860.0,25.266035018742038
23865.0,27.78709365408823
23870.0,22.983422698604763
23875.0,24.330196933378687
23880.0,23.01073091192635
23885.0,22.890467004455296
23890.0,23.35699082071593
23895.0,22.618312869091866
23900.0,21.2514202828033
23905.0,22.885974495262182
23910.0,22.58707833308646
23915.0,20.961040774451625
23920.0,20.911263023418595
23925.0,19.610269126209026
23930.0,18.42218547643555
23935.0,18.96554509812868
23940.0,18.224525560045016
23945.0,16.431067434711434
23950.0,15.245908715337558
23955.0,14.323555086696254
23960.0,14.192327581826712
23965.0,12.935794892562566
23970.0,10.89387221101946
23975.0,11.232349167472488
23980.0,7.964743256211648
23985.0,7.240278809531906
23990.0,27.93455502906439
23995.0,28.05278495931101
24000.0,26.731739939463846
24005.0,25.644120040940265
24010.0,24.745406148749066
24015.0,24.067572376515137
24020.0,24.348209799774956
24025.0,21.189064967788322
24030.0,19.29287232071733
24035.0,20.821174260428684
24040.0,18.308824673967713
24045.0,18.620476818387996
24050.0,17.851696839892632
24055.0,16.529425531152107
24060.0,15.400400334823837
24065.0,16.402308505601514
24070.0,16.537590693000915
24075.0,15.528028162118437
24080.0,14.93280323919286
24085.0,14.425245504788274
24090.0,13.596283179038327
24095.0,12.421951571436821
24100.0,13.165325890564898
24105.0,12.549417482885703
24110.0,12.567351009012896
24115.0,11.550169299967632
24120.0,10.490461931077938
24125.0,10.34892463368952
24130.0,10.364129836909713
24135.0,10.279351037365009
24140.0,10.400258074201558
24145.0,9.77082162106213
24150.0,9.67526972960461
24155.0,8.356686842383123
24160.0,9.815627591917737
24165.0,8.145749923040146
24170.0,8.205057966228678
24175.0,9.704257639905954
24180.0,9.064244151423768
24185.0,9.022929348430498
24190.0,8.29666353954656
24195.0,7.9819197063647795
24200.0,7.1544991245256
24205.0,7.611246154944732
24210.0,7.965789818576906
24215.0,7.4699087947906975
24220.0,7.351449572645324
24225.0,6.208456995892769
24230.0,6.592491891433229
24235.0,6.825376604036796
24240.0,6.734577309413583
24245.0,6.509921452592775
24250.0,6.454319839693203
24255.0,6.960996905394332
24260.0,6.183826270701537
24265.0,6.011829728808577
24270.0,5.425355117731793
24275.0,6.327291444649044
24280.0,6.822431598710803
24285.0,7.232000830640745
24290.0,4.123882931240657
24295.0,5.286258866615886
24300.0,5.269923041926
24305.0,4.708499978762727
24310.0,5.4925385680454335
24315.0,5.708253539831327
24320.0,5.220687654261182
24325.0,5.5673382664770505
24330.0,4.904987234859798
24335.0,4.1721069238605155
24340.0,5.246220778643208
24345.0,4.823426102978448
24350.0,4.670493971378546
24355.0,5.197611409227055
24360.0,4.594026132716907
24365.0,5.181941664517298
24370.0,5.110356971260304
24375.0,5.794902486844693
24380.0,4.93747746744422
24385.0,4.8637333647683345
24390.0,3.9366975310675576
24395.0,4.2583754255334165
24400.0,5.827745543884927
24405.0,5.483246208448808
24410.0,5.088303443390549
24415.0,5.150659303866307
24420.0,5.276391693801225
24425.0,4.576890700738975
24430.0,4.265411593593669
24435.0,4.223201705503968
24440.0,5.5401535029795195
24445.0,5.300843848526478
24450.0,5.294747999722328
24455.0,4.81182892744671
24460.0,4.92355177442705
24465.0,5.2693243213334
24470.0,4.172336752722826
24475.0,5.588299094323741
24480.0,5.123135388235137
24485.0,4.673123704241525
24490.0,5.167606047422895
24495.0,4.552904404441713
24500.0,3.9379409760007675
24505.0,4.783306370045072
24510.0,5.941287737165927
24515.0,5.061063406194772
24520.0,5.626903041623133
24525.0,4.874846079973919
24530.0,4.907298528932634
24535.0,4.916468056411814
24540.0,5.138332882967633
24545.0,4.035980181501504
24550.0,5.143573349078272
24555.0,4.9161193303544115
24560.0,4.421458575260358
24565.0,5.75397037433044
24570.0,5.404636771442217
24575.0,5.3715753069096355
24580.0,5.163012180637189
24585.0,5.560583881791881
24590.0,4.9195605079807825
24595.0,5.7902162144488365
24600.0,4.7164409812676
24605.0,5.065384174343034
24610.0,3.9936754797939216
24615.0,5.482576687920285
24620.0,4.632907791059405
24625.0,5.1918281352435125
24630.0,4.664119146880358
24635.0,4.494116844830603
24640.0,4.681125089466888
24645.0,4.908922907405872
24650.0,4.667939283455034
24655.0,4.535637829579392
24660.0,5.51837979994569
24665.0,4.883007850678206
24670.0,5.907097007377107
24675.0,5.581937714353889
24680.0,4.944830501897465
24685.0,4.226200523953479
24690.0,4.827244865706578
24695.0,4.684240571690835
24700.0,5.414571075240214
24705.0,4.738663348516296
24710.0,5.517640156277039
24715.0,4.765403190105409
24720.0,4.574673636652767
24725.0,5.427153879858334
24730.0,4.5225895943542325
24735.0,4.677006044366263
24740.0,4.6227295972833655
24745.0,5.307031042816128
24750.0,4.2181790559687675
24755.0,5.099494837840213
24760.0,5.4214353256901315
24765.0,4.25930999433013
24770.0,4.932433910750195
24775.0,5.052872793190847
24780.0,5.560285457509531
24785.0,5.239411284709171
24790.0,4.958814480093936
24795.0,5.237497677770336
24800.0,4.739818481006101
24805.0,5.651697599053091
24810.0,5.517835262064702
24815.0,4.529119990806869
24820.0,5.281476213933024
24825.0,4.609760352670754
24830.0,4.526315536102494
24835.0,4.62501777519069
24840.0,4.5199637469776555
24845.0,4.004152853657557
24850.0,4.547021759761731
24855.0,5.161916818849829
24860.0,4.719547533287006
24865.0,4.9446822978933564
24870.0,4.575439626730506
24875.0,4.969854027676187
24880.0,4.715771812648234
24885.0,5.662436373902083
24890.0,4.441601692235066
24895.0,5.766111894412608
24900.0,4.738758196268998
24905.0,5.018096461007172
24910.0,4.494157163087689
24915.0,5.773127348003792
24920.0,4.715785882167122
24925.0,5.253628947563238
24930.0,4.757689210062244
24935.0,5.166704144098484
24940.0,6.155779258009888
24945.0,3.57225849261719
24950.0,4.2153159819889865
24955.0,6.314745110228454
24960.0,5.582444557483596
24965.0,4.658192170497429
24970.0,5.4054624497048085
24975.0,4.422083617249915
24980.0,4.731351582473058
24985.0,4.706299129076711
24990.0,5.266417233584167
24995.0,4.62775081609856
25000.0,4.4567988502695695
25005.0,5.310759584223616
25010.0,5.072578578693301
25015.0,5.025531964417263
25020.0,5.05384191170168
25025.0,4.517446048166952
25030.0,5.335165893623818
25035.0,5.262447152531325
25040.0,5.954283351181681
25045.0,4.60597039545746
25050.0,4.405636183307234
25055.0,4.656961395714695
25060.0,4.092550887524554
25065.0,5.174259397934617
25070.0,5.0867203218796195
25075.0,4.580580001701097
25080.0,5.384414043317904
25085.0,4.608377217098016
25090.0,4.714866662546014
25095.0,5.360058810701191
25100.0,4.144798434338222
25105.0,5.577379671436068
25110.0,5.289848255029511
25115.0,23.141326367006858
25120.0,21.980266300250282
25125.0,20.93473064062515
25130.0,24.282566313699824
25135.0,21.725499054977938
25140.0,21.540142305666656
25145.0,20.334212078998995
25150.0,21.831986685361578
25155.0,20.73564477707331
25160.0,23.0337559344867
25165.0,20.66304983079565
25170.0,20.6198070155018
25175.0,21.812674514908274
25180.0,20.35892759220272
25185.0,21.252869444748914
25190.0,20.722302156979627
25195.0,22.07759559639399
25200.0,20.86678400454204
25205.0,19.83163899931629
25210.0,19.55789057929228
25215.0,18.99926927221349
25220.0,20.18252615502233
25225.0,19.315139820095457
25230.0,19.227991822687173
25235.0,18.6853201843692
25240.0,20.592953069851703
25245.0,18.49639662187612
25250.0,18.180218422524153
25255.0,18.398282605331964
25260.0,18.340162868184464
25265.0,19.764456424487776
25270.0,16.912983670841065
25275.0,16.360195361914954
25280.0,17.652251906006185
25285.0,16.953036979695558
25290.0,16.351655371700993
25295.0,16.40264694427598
25300.0,16.462966211166993
25305.0,16.61583594454054
25310.0,16.110846708342446
25315.0,15.297050035487269
25320.0,14.603118010616521
25325.0,15.07705579388598
25330.0,13.332404959005279
25335.0,13.367071071996099
25340.0,12.793469693031629
25345.0,13.705019132624168
25350.0,11.720108264746997
25355.0,12.584040534935218
25360.0,11.990352210745929
25365.0,9.650079005458329
25370.0,10.403905427112695
25375.0,9.422227341700788
25380.0,9.025818353500723
25385.0,7.450583006364465
25390.0,7.8798407645107345
25395.0,6.644441018215298
25400.0,6.564864747602454
25405.0,5.9858815062164386
25410.0,5.7686690886571625
25415.0,22.911740991583464
25420.0,23.024299648469437
25425.0,21.94172707941994
25430.0,22.32729176307679
25435.0,19.142946553558613
25440.0,18.003251949687183
25445.0,17.9280100115109
25450.0,18.264138433592798
25455.0,16.769616251553494
25460.0,15.686116588895212
25465.0,16.54313139369053
25470.0,16.104584689913406
25475.0,15.4946035048201
25480.0,14.18321581344416
25485.0,13.333610110212168
25490.0,12.318797151242652
25495.0,13.261897739241068
25500.0,12.67657254560567
25505.0,11.741712473235763
25510.0,12.052315234155957
25515.0,11.23716900098558
25520.0,11.228292342815212
25525.0,10.869765068470363
25530.0,11.223889502152893
25535.0,10.55688575790587
25540.0,11.173398796663854
25545.0,10.67113100408811
25550.0,8.947493710295387
25555.0,9.1159975425712
25560.0,9.512173159262993
25565.0,9.554472202602433
25570.0,8.085035999796265
25575.0,8.579855626463628
25580.0,8.528971284097564
25585.0,7.957314418656256
25590.0,7.7409756182356775
25595.0,8.112970809743647
25600.0,8.351943948446245
25605.0,7.288320270859446
25610.0,7.137923467948431
25615.0,7.413488438558362
25620.0,8.003213312392202
25625.0,7.75531861171654
25630.0,7.764566072235084
25635.0,5.9914671364362375
25640.0,7.0693809659225195
25645.0,7.391067715227931
25650.0,5.988461993006775
25655.0,6.226956232173064
25660.0,7.105363381299448
25665.0,5.773307698159799
25670.0,6.335850913314582
25675.0,6.880143544535072
25680.0,6.201963396215602
25685.0,6.699651279392595
25690.0,5.989858713352971
25695.0,5.795393590868188
25700.0,6.412845432700425
25705.0,5.442672032705838
25710.0,5.88066347804561
25715.0,5.0418748770940205
25720.0,5.355858953910787
25725.0,5.071474567161022
25730.0,5.031475401180559
25735.0,4.78514488609739
25740.0,5.06716912173858
25745.0,5.746371051706295
25750.0,4.938947896913146
25755.0,5.351354384410403
25760.0,4.7369212147478965
25765.0,4.518132977681975
25770.0,4.845220035044218
25775.0,5.331952618410478
25780.0,4.7932599280530415
25785.0,6.5502945293642485
25790.0,5.0989548335361015
25795.0,5.008498966745451
25800.0,4.694695525513434
25805.0,5.003645012459837
25810.0,4.632940778612837
25815.0,4.635272879561599
25820.0,4.399673713949234
25825.0,5.1683442147806495
25830.0,5.288299596165955
25835.0,6.073743998134787
25840.0,3.6946541243673785
25845.0,4.248787144231797
25850.0,5.044386297888486
25855.0,5.327674573429831
25860.0,5.762852201642632
25865.0,4.995184969605219
25870.0,4.982231186128562
25875.0,4.72348969267762
25880.0,5.5455880357722815
25885.0,4.938832366701168
25890.0,5.624069331223008
25895.0,4.028809655414898
25900.0,5.331711879523498
25905.0,4.983229416381049
25910.0,4.91070653154288
25915.0,4.500604874446464
25920.0,4.855771138193441
25925.0,4.6571199024319725
25930.0,5.801594394887507
25935.0,5.1048628211422
25940.0,5.891702196848069
25945.0,5.2991707331101745
25950.0,4.4598855314466155
25955.0,5.070107429793603
25960.0,5.692260641960079
25965.0,4.972325402163485
25970.0,4.745269272672509
25975.0,4.966026737693837
25980.0,5.227968913383883
25985.0,5.673361513259936
25990.0,4.497693840407924
25995.0,5.532508419474389
26000.0,4.394401486766555
26005.0,5.008643839150914
26010.0,5.543515818324483
26015.0,5.269597652121035
26020.0,5.121600103403692
26025.0,5.040582465462117
26030.0,5.140011667173445
26035.0,5.977862231967076
26040.0,4.22180094610214
26045.0,4.962094643058857
26050.0,5.200071877393493
26055.0,4.368776284098963
26060.0,5.6393891954859985
26065.0,5.257801142741466
26070.0,5.182081052945434
26075.0,5.101745409651026
26080.0,4.677555784797188
26085.0,3.619584037436745
26090.0,5.5936083429928845
26095.0,5.969344186058935
26100.0,5.6088519333153695
26105.0,6.307094003082885
26110.0,5.7700270099968
26115.0,4.693872386877901
26120.0,5.224483757629648
26125.0,5.392600815296862
26130.0,5.133636860855014
26135.0,5.60762649114354
26140.0,4.685151084417825
26145.0,5.2133572594553526
26150.0,5.191698554532083
26155.0,6.0458230166830464
26160.0,5.187952049384242
26165.0,5.344403007199754
26170.0,5.629294503768903
26175.0,4.6045807666444585
26180.0,5.6625180819363425
26185.0,5.2854115848805
26190.0,5.115204934907743
26195.0,4.324280162242503
26200.0,5.697695157729742
26205.0,4.380348443559912
26210.0,5.3403173243546975
26215.0,4.373015042085169
26220.0,5.6225137887332775
26225.0,5.2274143274370894
26230.0,3.4572500424814665
26235.0,5.757542995587373
26240.0,5.750372857986538
26245.0,5.310127520184301
26250.0,5.157247091969786
26255.0,5.11764499033814
26260.0,4.974470864643939
26265.0,4.596663861183101
26270.0,5.016199801552672
26275.0,5.300731539799573
26280.0,3.8602278627991518
26285.0,4.347076412011797
26290.0,5.389316111160502
26295.0,5.234045297484541
26300.0,5.01782669819527
26305.0,4.423949078810111
26310.0,5.071589309523645
26315.0,5.214486284055696
26320.0,5.333342425659058
26325.0,4.191771469592993
26330.0,5.453805737338077
26335.0,4.7554152302910495
26340.0,5.470946391267974
26345.0,5.170272487583051
26350.0,4.927999637159968
26355.0,5.3165734071813215
26360.0,5.28315140744836
26365.0,5.3446373560677625
26370.0,4.733949230527893
26375.0,4.747876514277909
26380.0,4.007692251827089
26385.0,4.744411024990254
26390.0,5.5665438798850175
26395.0,4.7167599337448864
26400.0,3.281967453405163
26405.0,5.9298779466647735
26410.0,5.04020324325524
26415.0,4.818742985612666
26420.0,4.594626224258051
26425.0,4.125868372614905
26430.0,4.56889618669576
26435.0,4.797888786754019
26440.0,4.158997956121557
26445.0,5.127947065488284
26450.0,5.831713816537585
26455.0,5.843948844818036
26460.0,4.601089980149395
26465.0,5.444489661068376
26470.0,4.949355706850931
26475.0,5.8681204875476425
26480.0,5.236191105526712
26485.0,4.889297503600459
26490.0,5.323206641688465
26495.0,5.153139788131201
26500.0,4.934385142568261
26505.0,4.343151447688709
26510.0,4.386813096599535
26515.0,5.313741863339944
26520.0,4.9397742508552245
26525.0,5.075981830185955
26530.0,3.892869328606655
26535.0,5.378809250327103
26540.0,5.443755658138134
26545.0,5.585201245235454
26550.0,5.235448000250736
26555.0,4.7804811551462745
26560.0,4.678598700004981
26565.0,5.341182277501897
26570.0,4.203325912810723
26575.0,5.6839759507717975
26580.0,5.446218865756524
26585.0,5.258919176918644
26590.0,29.654797457962378
26595.0,29.612376839088892
26600.0,27.560580883145114
26605.0,29.882545238095297
26610.0,28.72814428580329
26615.0,27.8615481947733
26620.0,28.554511971536737
26625.0,27.076498244147093
26630.0,27.300041923839682
26635.0,28.402168950283265
26640.0,26.153446207079174
26645.0,27.619111873310835
26650.0,27.653002622582733
26655.0,28.24945342037642
26660.0,25.80371606042238
26665.0,27.65114379815779
26670.0,27.604648120486377
26675.0,26.23466088104962
26680.0,27.030548989927336
26685.0,25.706851406936455
26690.0,25.426968138024062
26695.0,25.370920929737245
26700.0,23.949550529744364
26705.0,25.538464361712354
26710.0,23.904618273605905
26715.0,24.901839455368073
26720.0,25.318877326116816
26725.0,23.722751065234377
26730.0,23.839866362054043
26735.0,24.31623518569667
26740.0,23.946623362037478
26745.0,22.453815177919516
26750.0,23.114705632635
26755.0,21.63547821387447
26760.0,22.379530192939534
26765.0,22.361250631070398
26770.0,22.923489241036375
26775.0,18.667999088887747
26780.0,19.64593240983274
26785.0,20.451757962554087
26790.0,19.592793299187942
26795.0,19.315017079711986
26800.0,17.6417059857408
26805.0,18.38217587124352
26810.0,17.038304041479496
26815.0,17.362326414889303
26820.0,15.152512860429145
26825.0,16.19137197155007
26830.0,14.543008628089376
26835.0,13.598540855043804
26840.0,13.781309324176167
26845.0,13.571500184054637
26850.0,12.276264562070287
26855.0,11.281003311568641
26860.0,10.250200503663063
26865.0,10.008299064118969
26870.0,7.916522455713725
26875.0,7.759857344582218
26880.0,6.600655053726956
26885.0,6.520009089360435
26890.0,30.609694882432258
26895.0,30.41193024799685
26900.0,27.05463227087056
26905.0,26.6717370897978
26910.0,25.21896185802336
26915.0,24.034606598565418
26920.0,23.677257123444257
26925.0,22.208488670335065
26930.0,22.253951735972656
26935.0,21.36481149088437
26940.0,20.176550576043176
26945.0,18.406749514203575
26950.0,17.46976654192016
26955.0,17.01341282414031
26960.0,18.290525953948958
26965.0,17.25397520436055
26970.0,16.172691167613685
26975.0,16.341492602371652
26980.0,15.932421550965913
26985.0,15.633084025682802
26990.0,13.764251537678652
26995.0,14.683434864182171
27000.0,12.584934792675284
27005.0,13.42290139030096
27010.0,13.321385683849536
27015.0,11.86974372999231
27020.0,11.25322325027958
27025.0,12.05844141741137
27030.0,11.330504879458532
27035.0,10.701384543842977
27040.0,9.632268035391762
27045.0,11.132128597492787
27050.0,11.093387913890542
27055.0,10.323731253422823
27060.0,9.584687970375054
27065.0,10.665506440247402
27070.0,9.22822494512575
27075.0,7.984879443208987
27080.0,9.533387455513667
27085.0,8.47193170802008
27090.0,8.359083820967161
27095.0,7.698059447652225
27100.0,9.37423219419653
27105.0,8.00507092833217
27110.0,8.302508461866655
27115.0,7.861311494057292
27120.0,7.7875093077939725
27125.0,7.839248654105501
27130.0,6.957601089349128
27135.0,8.13767418704284
27140.0,7.611147196841685
27145.0,6.876811466269357
27150.0,7.521464964642055
27155.0,7.14335950282136
27160.0,6.867247781104636
27165.0,7.517528447338989
27170.0,6.7452734077356435
27175.0,6.854094088697282
27180.0,6.237871401615399
27185.0,6.789969433461326
27190.0,6.013089125680821
27195.0,5.4240205159308
27200.0,4.537474133381443
27205.0,5.019535377702893
27210.0,4.473693879876338
27215.0,4.832570904174315
27220.0,4.720675452878207
27225.0,4.700033783700194
27230.0,5.678482827412421
27235.0,5.01745867552251
27240.0,4.345948859599366
27245.0,4.805287835102058
27250.0,6.274754288908748
27255.0,5.340191677395994
27260.0,5.957186960149094
27265.0,4.602869207771418
27270.0,4.652234498733625
27275.0,4.384144912523473
27280.0,4.531560357763783
27285.0,4.615122670710678
27290.0,5.514465801750525
27295.0,4.860123963885755
27300.0,4.998524435593128
27305.0,5.6111936368248525
27310.0,4.845549944469143
27315.0,5.701065085361907
27320.0,5.575762832780389
27325.0,5.172681158780361
27330.0,4.707871132480545
27335.0,5.134423957534869
27340.0,4.610563197100098
27345.0,5.257105763408971
27350.0,4.710681678487912
27355.0,5.610671320480648
27360.0,5.533251262262097
27365.0,5.059637524868101
27370.0,5.05610288614779
27375.0,4.5793182143152125
27380.0,5.182813342498297
27385.0,5.7095215812713755
27390.0,4.7719191751550305
27395.0,4.9086504951521155
27400.0,4.1878616431970315
27405.0,4.924332893313015
27410.0,5.766823990597699
27415.0,6.027373887546743
27420.0,5.359165214336187
27425.0,6.1117403549496645
27430.0,4.585902800404163
27435.0,4.8232279346891875
27440.0,4.036112082635467
27445.0,5.332691614770972
27450.0,5.233757880656595
27455.0,5.031493677699651
27460.0,4.689661059169085
27465.0,5.300774841964717
27470.0,4.270582685263787
27475.0,5.4624202175294885
27480.0,4.695690969739899
27485.0,5.593055252761245
27490.0,5.416656896831642
27495.0,5.460707338228746
27500.0,5.247729644947825
27505.0,4.03258402999657
27510.0,5.12207420478256
27515.0,5.328488420948097
27520.0,4.757944835287345
27525.0,4.7668751850473265
27530.0,5.9600210327676235
27535.0,4.66267050746742
27540.0,5.174004058868143
27545.0,5.008022273713309
27550.0,4.919789655042849
27555.0,5.111825060181408
27560.0,4.899300118241979
27565.0,4.695824932698809
27570.0,5.867188737395638
27575.0,5.298535834924332
27580.0,4.1761891890710245
27585.0,5.150385007649587
27590.0,5.255837287520041
27595.0,5.789464030999262
27600.0,5.718061338294501
27605.0,4.092735119462381
27610.0,4.318424305118304
27615.0,5.317578906580692
27620.0,4.204817786711818
27625.0,5.071683810540508
27630.0,5.13129553611153
27635.0,4.980484716583891
27640.0,3.994921273799676
27645.0,5.421846764174892
27650.0,4.663302411417894
27655.0,5.966720355446953
27660.0,3.6518803725256648
27665.0,3.766957917074057
27670.0,3.9934473061198523
27675.0,4.4215902544092796
27680.0,5.272974425338096
27685.0,4.963732671477024
27690.0,5.673938403514287
27695.0,4.924910182926926
27700.0,5.0317618144893235
27705.0,5.102349535790572
27710.0,4.046358894393348
27715.0,4.483615899694202
27720.0,5.520490779694574
27725.0,4.653165977024626
27730.0,5.720342270638304
27735.0,4.374638827611243
27740.0,4.729980197006646
27745.0,5.127214448705302
27750.0,6.652760927145046
27755.0,4.983390664225778
27760.0,4.953214124301711
27765.0,4.799489799528495
27770.0,4.342017738600411
27775.0,4.440882490662444
27780.0,4.959895362838642
27785.0,3.9871328582872807
27790.0,5.3181313231536045
27795.0,4.905292771666581
27800.0,4.483414604750555
27805.0,4.941577075235109
27810.0,4.419093142235208
27815.0,5.8118705694938235
27820.0,4.330210687989732
27825.0,5.761323368553097
27830.0,5.691586377777837
27835.0,4.568244628758146
27840.0,4.387751086943657
27845.0,5.261233932842833
27850.0,6.15310253951601
27855.0,4.773228976054012
27860.0,5.542748324900871
27865.0,4.106376985818011
27870.0,6.041801069390138
27875.0,4.822997431086075
27880.0,5.784233092766672
27885.0,4.636550268858992
27890.0,4.732476952317955
27895.0,5.4073038775452895
27900.0,4.91695039930845
27905.0,5.8482927249320715
27910.0,4.982354876350296
27915.0,5.301823063524996
27920.0,5.8034527538753276
27925.0,4.257190840271521
27930.0,5.538917262129454
27935.0,4.77906949098018
27940.0,5.261433542370664
27945.0,4.203640650660926
27950.0,4.330364735751407
27955.0,4.413540852964865
27960.0,5.549880523382437
27965.0,4.426693533135035
27970.0,5.067591992960071
27975.0,5.170853244562798
27980.0,5.4415866130325785
27985.0,4.086414601374148
27990.0,5.154049321950861
27995.0,5.333810865043284
28000.0,5.269323305047042
28005.0,4.82927553385276
28010.0,4.74178983493596
28015.0,4.427455240379935
28020.0,5.434422412665593
28025.0,4.867601665338062
28030.0,5.13798359523261
28035.0,5.0475324249611475
28040.0,5.731876094526132
28045.0,4.929088321036014
28050.0,4.045359027180036
28055.0,6.263041124841488
28060.0,4.596749371913373
28065.0,4.641519853731191
28070.0,4.9941736231134515
28075.0,4.944623942395349
28080.0,4.860504464548969
28085.0,4.407528302235322
28090.0,4.955326961249195
28095.0,5.286656566034696
28100.0,4.664832061329752
28105.0,4.600558379277398
28110.0,4.553300193304972
28115.0,4.889051465068569
28120.0,6.0282361014916646
28125.0,5.303147600612505
28130.0,5.461551631585604
28135.0,5.271405142789706
28140.0,5.622461702697188
28145.0,5.492442450636046
28150.0,5.490411449099728
28155.0,4.362871029301335
28160.0,5.75278349969288
28165.0,3.792110404566796
28170.0,5.3104320791710595
28175.0,5.086780197126448
28180.0,5.395575937431762
28185.0,5.531140821418008
28190.0,5.349033072764632
28195.0,4.7417140009477095
28200.0,4.680123544567419
28205.0,5.2800111924546576
28210.0,4.534869092541087
28215.0,5.096184061073869
28220.0,5.7363666721785584
28225.0,5.774129913562792
28230.0,4.523303709812255
28235.0,3.9427011044148252
28240.0,5.084548517934803
28245.0,4.952340866651766
28250.0,5.228774808281485
28255.0,5.154781334896688
28260.0,4.081758098515342
28265.0,4.712442340346718
28270.0,4.792855488633412
28275.0,5.050180278703395
28280.0,5.052395390055395
28285.0,4.49686057554013
28290.0,5.044404174434011
28295.0,5.6134721299280255
28300.0,4.997290364116461
28305.0,4.8350523367967435
28310.0,4.929522727567764
28315.0,4.774107894698094
28320.0,4.437512060896376
28325.0,5.55357633685353
28330.0,5.235486302435804
28335.0,4.589727548172554
28340.0,5.627715681685226
28345.0,5.368736775153167
28350.0,5.366024994757213
28355.0,5.487446998904609
28360.0,5.489019503249832
28365.0,4.078118399389402
28370.0,4.816882091545446
28375.0,4.233300197925231
28380.0,5.32997503118723
28385.0,4.55508523407202
28390.0,4.3625184396491585
28395.0,5.322887130203993
28400.0,4.496749967559769
28405.0,14.123313058507943
28410.0,13.605882046455624
28415.0,14.556997970430013
28420.0,15.567077696524532
28425.0,13.786144407700352
28430.0,13.478410083944812
28435.0,15.1115512894635
28440.0,16.117300094133395
28445.0,15.534361393066465
28450.0,15.297184960173055
28455.0,14.606671886890647
28460.0,15.260017029431916
28465.0,14.759666073575321
28470.0,15.677049267586517
28475.0,14.616061491505851
28480.0,14.121044819102888
28485.0,13.026851526338117
28490.0,13.613767991528642
28495.0,14.419795129937707
28500.0,13.581589908115859
28505.0,13.774147982869502
28510.0,13.87335479330772
28515.0,13.741338084542434
28520.0,13.07475941182516
28525.0,13.691362152610001
28530.0,13.59229672828707
28535.0,14.52865574102977
28540.0,13.89411996630911
28545.0,13.840006099771852
28550.0,14.066655153914372
28555.0,13.814105905952
28560.0,13.638240464683046
28565.0,13.441808514219835
28570.0,13.111695109348128
28575.0,13.013131000639811
28580.0,12.476746527094162
28585.0,13.645288964897352
28590.0,13.442958791311673
28595.0,12.99549354455275
28600.0,11.047327879411885
28605.0,11.318905071574049
28610.0,11.2751705198238
28615.0,12.62798015774545
28620.0,12.157472882243155
28625.0,10.459911926300553
28630.0,10.20013817432322
28635.0,9.738035219086825
28640.0,9.303497966926415
28645.0,10.461293928065
28650.0,8.717928785163803
28655.0,9.735938593379466
28660.0,7.632393090201089
28665.0,7.601408232523568
28670.0,7.519892631863435
28675.0,8.21298330917745
28680.0,8.087686699679944
28685.0,6.974501637566111
28690.0,6.522895280479474
28695.0,5.3884342655583435
28700.0,5.451365310353273
28705.0,14.346297984779621
28710.0,14.691294287737435
28715.0,12.866374962702006
28720.0,13.505859855208453
28725.0,12.34196154723543
28730.0,12.631104251870902
28735.0,12.679697036144905
28740.0,12.037189182464964
28745.0,11.199586353515972
28750.0,11.19411128418579
28755.0,10.70911548202189
28760.0,10.347573160829816
28765.0,11.086922975005468
28770.0,9.481395954769528
28775.0,10.321657438729819
28780.0,9.26522359555113
28785.0,9.08906499430386
28790.0,9.04993381786624
28795.0,8.699896655593893
28800.0,9.978679106325306
28805.0,9.160639844097066
28810.0,8.877194062420774
28815.0,7.338953838922724
28820.0,7.8165081700823364
28825.0,8.16130625502728
28830.0,7.668050151972186
28835.0,7.1961524503941785
28840.0,8.509166216495975
28845.0,7.760937806295369
28850.0,6.984355723233065
28855.0,7.3200572235059
28860.0,6.3060376774280815
28865.0,6.5122327391229105
28870.0,6.582465440286711
28875.0,7.019718328521991
28880.0,6.127758960311888
28885.0,6.2230374404363635
28890.0,5.468982498504599
28895.0,6.151751596045423
28900.0,6.232268252302268
28905.0,6.826849812937863
28910.0,5.358531423040185
28915.0,5.751558846304332
28920.0,5.925005500261666
28925.0,6.440546410839145
28930.0,5.684749674757397
28935.0,5.596802655464751
28940.0,6.217529546488355
28945.0,5.616403429860672
28950.0,6.152084277872914
28955.0,5.195133916722083
28960.0,6.28800349204767
28965.0,4.3982626329982635
28970.0,6.12358628405396
28975.0,4.574043623346581
28980.0,6.464682013418141
28985.0,6.697098367402065
28990.0,5.582427818750805
28995.0,6.203549322988914
29000.0,5.993139660607733
29005.0,3.7768056779074457
29010.0,5.549379562694672
29015.0,5.643724187840267
29020.0,5.783624787771966
29025.0,4.536991069116007
29030.0,4.334317586577702
29035.0,4.789844928155319
29040.0,5.951961299892728
29045.0,5.295924907139191
29050.0,5.085157989511347
29055.0,5.848007441789969
29060.0,4.912546661925578
29065.0,4.378387885542398
29070.0,4.97439703119637
29075.0,5.586148058355904
29080.0,4.585251928250222
29085.0,4.457242984530356
29090.0,4.3826989640378375
29095.0,5.083624722680106
29100.0,5.298914288567264
29105.0,5.3862295087098975
29110.0,4.061034567511128
29115.0,5.372359820342698
29120.0,5.466910603543933
29125.0,3.532450662527723
29130.0,5.121306342538332
29135.0,5.716765582781288
29140.0,4.37005572947767
29145.0,5.159810864815819
29150.0,4.527603284011199
29155.0,5.533242916921164
29160.0,6.011161527916182
29165.0,4.5317868750331325
29170.0,5.371358736498694
29175.0,3.9103052191631837
29180.0,4.801724825651348
29185.0,5.522981655692336
29190.0,4.414130900641607
29195.0,4.64552123788599
29200.0,3.9032392604443396
29205.0,4.656890790111211
29210.0,4.626472356770842
29215.0,5.026004638677207
29220.0,4.769695666245278
29225.0,4.5019124232577
29230.0,4.631100408489503
29235.0,5.480551149937764
29240.0,5.483384152537856
29245.0,5.921846344819906
29250.0,4.634131921181547
29255.0,5.6218830275747305
29260.0,5.780038403472586
29265.0,4.3381292576558454
29270.0,4.395949940293287
29275.0,4.59834389007374
29280.0,4.47498309983985
29285.0,4.162437749620582
29290.0,4.694634773925314
29295.0,5.330909511900889
29300.0,4.330969512280891
29305.0,4.4513251290125675
29310.0,5.8949893578547465
29315.0,4.019188554452306
29320.0,5.542220656381304
29325.0,4.886841646940763
29330.0,5.161355381034102
29335.0,4.8495832735131
29340.0,4.536994545923264
29345.0,4.6439923376463526
29350.0,4.438835363888416
29355.0,4.923638175923134
29360.0,5.198559967932596
29365.0,5.398331008600979
29370.0,4.375978271471602
29375.0,4.349468380803879
29380.0,5.092908682864232
29385.0,4.5488747648071755
29390.0,4.630623437258127
29395.0,5.086874802102193
29400.0,5.125956503018363
29405.0,5.444553128770482
29410.0,5.427578720599016
29415.0,4.963187500326862
29420.0,5.922199854423769
29425.0,4.430860044281506
29430.0,4.107598132686859
29435.0,5.472935836923926
29440.0,4.952869024298328
29445.0,4.21072791015949
29450.0,5.369968979490795
29455.0,5.184501598246868
29460.0,5.390365214762555
29465.0,4.857773181756688
29470.0,5.2709301993031215
29475.0,4.2344894430375275
29480.0,5.660839006395179
29485.0,4.913432934660401
29490.0,5.031224882504547
29495.0,5.473600581014535
29500.0,4.505276812991908
29505.0,4.412008058424819
29510.0,5.463495568475483
29515.0,4.535163193846869
29520.0,5.094189750941876
29525.0,5.216478893676709
29530.0,5.942599689747557
29535.0,4.628337641826452
29540.0,5.027130698794152
29545.0,4.229794527697238
29550.0,5.497943803728909
29555.0,5.634347086617575
29560.0,4.943033686948329
29565.0,5.369156199519611
29570.0,4.737789438150907
29575.0,4.11946991688536
29580.0,4.81732167276201
29585.0,4.909197143457838
29590.0,6.0214592893897985
29595.0,4.592470834302885
29600.0,5.427372856439861
29605.0,4.328690083622061
29610.0,5.431237456977292
29615.0,5.7322642972481495
29620.0,5.349062724547013
29625.0,4.182924603360414
29630.0,5.655675560797444
29635.0,5.409999725314508
29640.0,5.812791594842712
29645.0,5.131431758143082
29650.0,6.451074224947789
29655.0,4.158813379300426
29660.0,5.049919450593911
29665.0,5.3444805548687295
29670.0,5.0376244181671535
29675.0,4.727445024263819
29680.0,5.990521460661194
29685.0,4.773712687419175
29690.0,4.477946541924254
29695.0,4.691440327748846
29700.0,5.383689772579618
29705.0,5.819088312544542
29710.0,5.024351045783005
29715.0,5.924385698524885
29720.0,4.689977088072542
29725.0,5.188031295434253
29730.0,5.464183142436675
29735.0,5.663632701032364
29740.0,4.968796042588673
29745.0,4.846673254489668
29750.0,4.711834049927861
29755.0,6.4322023238800465
29760.0,4.870904478325112
29765.0,4.752576363011947
29770.0,4.581419847714247
29775.0,5.647362408073546
29780.0,4.565267577395745
29785.0,4.659334508657745
29790.0,4.49609096045109
29795.0,4.901539212056045
29800.0,5.369560062916532
29805.0,5.043465585973888
29810.0,5.187668226070869
29815.0,4.572111309794831
29820.0,4.174173901852162
29825.0,4.268036876677698
29830.0,5.299335954667752
29835.0,4.6654272407926385
29840.0,4.874857254760665
29845.0,4.605214686222314
29850.0,5.673179226827677
29855.0,6.008182424615309
29860.0,5.60893812230838
29865.0,5.4298719443873855
29870.0,4.8214409552820054
29875.0,4.58757535231495
29880.0,4.662110381819646
29885.0,4.287732845584123
29890.0,5.2855381427921015
29895.0,5.461575165945359
29900.0,4.817044910621901
29905.0,4.374860357399096
29910.0,5.054329618293773
29915.0,5.275975975815671
29920.0,4.618203800802556
29925.0,4.958226310838182
29930.0,5.554380695461562
29935.0,4.06067929441508
29940.0,3.9213161950451463
29945.0,5.005477020092185
29950.0,4.8534054643441245
29955.0,5.436063081861699
29960.0,4.607628166235584
29965.0,4.277283618319026
29970.0,5.611321231291903
29975.0,4.235110851628361
29980.0,4.932821416070648
29985.0,5.120624301717644
29990.0,5.073195520300102
29995.0,4.544538993211569
30000.0,4.483219637973755
30005.0,5.547263127756062
30010.0,5.113764493283956
30015.0,4.372641903251671
30020.0,4.117150518733303
30025.0,3.9755608825861004
30030.0,5.699714998836109
30035.0,5.4095792708386465
30040.0,5.973986942696883
30045.0,5.268512153228722
30050.0,4.3630638292779835
30055.0,4.547920412656242
30060.0,4.552200204300132
30065.0,5.5004385066216654
30070.0,3.9834303949010232
30075.0,5.045549969037118
30080.0,5.21370043906875
30085.0,5.547390087264543
30090.0,4.864280060840279
30095.0,5.514295212601392
