timestamp_ms,accel_x_mps2,accel_y_mps2,accel_z_mps2
0,1.376205463641667,1.7163062958567843,1.2245793196328225
5,1.5516669973486508,1.4873421383148329,1.2205485728040406
10,1.431951561814101,1.607476998663701,1.741352879691191
15,1.426434526408319,1.329945283660831,1.0747080584005564
20,1.3164589406775888,1.3415588931323301,1.7535020235832692
25,1.6375571985507336,1.2315846004214641,1.9506310141039793
30,1.4353604029809277,0.8309555091254627,1.5714872442207088
35,1.5901680666987645,1.4598150531344656,0.7862713461204349
40,1.3413810194413764,1.7277645796700871,1.3694843475588205
45,1.2151983893859564,1.7428535629939614,1.5923541425798613
50,1.9903008595834346,1.852064009745896,2.040706495201834
55,2.025194366376547,1.185257594522215,1.2225224305672613
60,1.3943105644291394,1.166363097123351,1.2876676728171779
65,1.1825258168960735,1.6774226509656478,1.1200704893163895
70,1.4656658829099745,1.4458243163410918,1.485395550782503
75,1.5173027528126735,1.7779872674033357,0.8470740528641175
80,1.4753780964048535,1.3457748617895466,1.435270320511496
85,1.7513203037075653,1.670740204379149,1.3269943714227905
90,2.1639468450974055,0.9872166920540811,2.2594833045782594
95,1.6187244247776318,1.5430504371815998,1.4972403453737617
100,1.708996926198256,1.4579349526705665,1.7585970677721474
105,1.3628381565470287,1.5295068103418457,1.7865198258218529
110,2.073656573048802,1.2048995509737361,1.5857891982744974
115,1.2936977639170384,1.951327225208002,1.5027347116234693
120,1.5548504989914136,1.2667979683347417,1.468922048425792
125,1.368574601577169,1.31565736478906,1.1949687338343848
130,1.3299258191435517,2.2260340626220034,1.4539849858750504
135,1.683363985788893,1.5778975298737095,1.404843282835752
140,1.7871644935432993,1.4841514073616653,0.9529174590618215
145,1.4476425758832816,1.5971183435513534,1.2763522017012907
150,1.2964993702202494,1.5236732822686416,2.1578979459493675
155,1.7067668707064148,1.4413621591248003,1.5174535813250807
160,1.5647579128430256,1.0257664278534073,1.5702270434917371
165,1.7792951057695274,1.2899336478348529,1.7106221801091104
170,1.699840077882642,1.921276329029165,1.399100292679575
175,1.9878993873018496,1.8716188119973658,1.6423150408039195
180,1.7164312141096212,1.6150148691279744,1.5459829912815546
185,1.5459373928264448,0.8734253096074037,1.2542285070202486
190,1.3923434643577919,1.9519216331574525,1.0761606472479537
195,1.6099391425313954,1.024106262340296,1.531893089201396
200,1.1394625152244098,1.4703832057906456,1.3281752923358914
205,1.3750497133297854,1.590961689174132,1.2864127771567908
210,1.1793664537030513,1.5330320640857842,1.424979772024626
215,1.419694951406643,1.0706568979520414,1.5374288913950958
220,0.8264230512806977,1.4350017679456415,1.7606915946881627
225,1.5881136835837124,1.5026713564357757,1.8817707537812156
230,1.6074582593571287,1.1949424201204162,1.2859646780406124
235,1.6376503656551054,1.2304231103996863,1.2173202926480222
240,1.1466871859992485,1.5472384933342942,1.4830475601080215
245,1.911507964577339,1.527222850684017,1.1028512944726587
250,1.241721734172398,1.467635904855363,1.4480468655600762
255,1.2245734285273693,1.4328196237204238,1.5729023734790801
260,1.5848612278666332,2.0029003019776095,1.0629725469735545
265,1.2521631453997615,1.506692853735955,1.0775056572204573
270,1.1600911101106122,1.1356519178701032,1.215126046526982
275,1.1919354692525754,1.7563901176159635,2.032691322370567
280,1.1164894193370194,1.4324545897365581,1.1328915362323089
285,1.6830614457529676,2.167662279149117,1.1969302312620025
290,1.575448938072338,2.0877621675982123,1.8570929395061118
295,1.434834447855138,1.814202758392894,1.7956146269233948
300,2.0098217272836782,1.1044474443375374,1.7179312878447306
305,1.165091490166789,1.2497473155115713,1.505075642286196
310,1.3536449477702532,1.2399878602450483,1.44101977267668
315,2.1270987571808018,1.4833534084143254,1.631337565855663
320,1.5523199101621221,1.6097885034633026,1.635075662346982
325,1.9446825366307867,1.9661301324552785,2.000476931015789
330,1.1738287631508377,1.5127077494159955,1.5591248876956652
335,1.7576560547994937,1.1906897678980495,1.299797403645734
340,1.6219636658332828,1.4983011716025625,1.6455253234019094
345,1.3890586078226181,1.3800270877577139,1.145520698516421
350,1.3073846773974869,1.5847613498280528,1.2710309852657673
355,1.6401422361697777,1.2881726957960724,2.0565608793353247
360,1.284562208451799,1.8148622787660087,1.5085204952970863
365,1.3911224987575745,1.454170092638411,1.2278178914498903
370,1.4666412747645032,1.2471199453963937,1.7043828958752716
375,1.2387315794677538,1.5707505909836912,2.2025550200888406
380,1.9938152991874327,1.523490971773243,1.4903444695425534
385,1.7061890879673236,1.234198213199475,1.0234876871324583
390,1.1869409301971097,1.0191720559193165,1.0903524560747204
395,1.8097838627193594,1.4089121625368526,1.2514204314170785
400,1.5788628359226213,1.6751290503762446,1.0770683214770995
405,1.593539507683325,1.8150596575952542,1.5213866881469842
410,1.7418855102860764,1.016988241127274,1.4468762657346896
415,1.1820441296941682,1.116755902283356,1.4644423889175209
420,1.2004625182562016,1.6841126214156266,1.013616328305866
425,1.3686120390673497,1.308766636711111,1.7122284996847246
430,1.4231670205987927,1.750849819798362,1.951203139723502
435,1.672632236742756,1.5481532759743455,1.6360485646925014
440,1.6961753666967205,1.4489843850565838,1.9128194122827418
445,1.6548934657621577,1.2593071973669199,1.1976944931621203
450,1.1988959531778502,1.7821740797772532,1.6741650670776083
455,1.6108704081110716,1.7118603690186451,1.845312879659295
460,1.152660320273518,1.557399168397572,0.948594211859413
465,2.194406711708566,1.1279538564747078,1.0012476340242316
470,1.319048490117899,1.320721068288603,1.747194439096609
475,1.7935801772003215,1.4159674046984403,1.4977716584610905
480,1.4480807229722936,1.367725483116967,1.439796610773199
485,0.7064525169084491,0.8768329274351904,1.0693759004580219
490,1.3670000527126935,1.5122556694858644,1.0850610609406621
495,1.6518159473653948,1.5967981446231267,1.590592338965807
500,1.4809620933632643,1.6810107983542726,1.7226035241418134
505,1.4879671526794793,1.7519410768157155,1.868961014191796
510,1.8956544992900004,1.7459733412736085,0.9788964104204881
515,1.918920872962866,1.4584673462727076,1.3835802955645682
520,1.4465066407687932,1.4350641398935902,1.7106281149844011
525,1.5953504121432631,1.3592803041731474,2.102576820286668
530,1.7525389304842738,1.4848823073715733,1.246459772341628
535,0.9906237298391624,2.192561562080613,1.3525168998140025
540,1.4298794778990624,1.3300349517879142,1.4366257732256087
545,1.403857072998544,1.7269961809254222,1.5262656743899525
550,1.0009137870416713,2.0370928827798296,1.377555520937225
555,1.5558074616284423,1.3491875087430665,1.7016695553095122
560,1.8161881009810905,1.5483522217326529,1.4516443419482519
565,1.8809899135057577,1.5991604781239326,1.4568728879065949
570,2.025293959048371,1.0938885617669536,1.44408558499151
575,1.675180327844697,1.3507971990760976,1.5917189941998136
580,1.7868051755923102,1.5702689936165548,1.0172472122532896
585,1.19841383461163,0.744782491536905,2.0149239852965666
590,1.1952353437119643,1.5091965235013314,1.5448002989477916
595,1.449475181537182,1.7359387086897007,1.395043063645206
600,1.6914816165093904,1.6802853710198544,1.5244505023071622
605,1.299771223189457,1.5275406679499506,1.3619422160954269
610,1.6202689959715568,1.576329627181582,1.466088140841993
615,1.5612508694154397,1.3719423665196737,1.597109212869267
620,1.3663253223447362,1.3003437087272436,1.7621098923794134
625,1.1900350645276545,1.1065242072614936,1.7143927650691486
630,2.127692034269188,1.306306643058736,1.8484400672617807
635,1.0027185236325116,1.944337180121286,1.6175419688577963
640,1.8114179185127557,1.3916374329000745,1.0874807853180808
645,1.5861556425508965,1.0715903749077307,1.3640761245087027
650,1.5074108205976982,2.0520678718482133,0.5215429874320069
655,1.2714933314801877,1.6906435041959396,1.7337321792227613
660,1.6385983712442234,1.5716301111248994,1.6984742260005592
665,2.2989186364397005,1.97958334799785,1.8700681056381183
670,1.2693033752033416,1.8239422560154916,1.5604489919417739
675,2.3868098565253373,1.46502517680204,2.2298589132523112
680,2.1239783575172297,1.7316659828838303,1.5767069171243737
685,1.2051504868496312,1.212949297548719,1.731853154252216
690,1.7717172934962158,1.4610366338950669,1.7804096801293205
695,1.2042314767613251,1.7413389826316685,1.4242969396930343
700,1.517551940149581,1.0504031871786204,1.2911483743714018
705,1.0691672072512257,1.6760285765614829,0.8604476462939831
710,1.3076843260610562,1.492430086744661,1.5699876304164193
715,1.1428165818010692,1.4041892742400837,1.6820838710375128
720,1.376238244914871,1.6174695224842202,1.5404461509681473
725,1.4962219623607074,1.3571232298170617,1.9256717241951624
730,0.9575675332248664,2.1386992015457857,0.9754618484108143
735,1.4209219262656556,1.6932674597632507,1.4687438079814792
740,1.5966419188452061,1.6741076129136483,1.633405718256203
745,1.4753808073398498,1.0724801904008872,2.4322969695923113
750,1.9046643179112008,1.8087868881677414,1.158512619208567
755,1.9956190213195046,1.942584445159044,1.2511312218245214
760,1.6352469482347856,1.4180841367490902,1.84209009113563
765,1.2316560677518869,1.43268110919982,1.6468656286683034
770,1.3895291978781565,1.3999344913955212,1.2474720099996854
775,1.783209470815345,1.6583268452001088,1.71106122733605
780,1.887606524091771,1.6532084957619793,1.6089556700512087
785,1.4212560163428198,1.5052444842683341,1.4694804203915734
790,1.5860852379689692,1.5586094776725623,2.108569671085662
795,2.3401206173463067,0.9811813281735062,1.4777720044179499
800,1.0791958680973657,2.305574488591952,1.0419013065152791
805,1.5969306626923123,1.6158643536841784,1.5542461427346517
810,1.5882659620925257,1.1681399002682746,2.0633255328438667
815,1.854564004752247,1.2639983153404546,1.715909429950097
820,1.4692743583792807,1.5940602190521758,1.5625764618123363
825,1.35044010370517,1.8239417718651583,1.778522284649127
830,1.527859581621135,1.8526896485950064,0.8312011162490134
835,1.0656034182242893,1.5756408256208485,1.7640604137608862
840,1.4422715334589082,1.3830793708695288,1.773412774811232
845,1.4038554960959488,1.705378746796642,2.27223220390378
850,1.4745600212381131,1.1379947810273863,1.3293204140196713
855,1.0951112783773789,1.1275686764876363,1.0596537235524919
860,1.4050133901595228,1.3458732976887626,1.1029394416221272
865,1.5136143217589852,2.0780430664243728,1.0635976303517676
870,1.4056094275557933,1.2720689274760828,1.3414375149031221
875,1.10869096159379,1.6276536567808169,1.6401921373457382
880,1.811745814183331,1.552914322110773,1.3154445582916867
885,1.5656900263150633,1.6137038527454595,1.3905283467462652
890,1.698147838101101,1.3571190438590137,1.695615207708354
895,1.6477631874039795,1.8016470946171717,1.6567871034714672
900,1.1932808102097288,1.3493559081081143,1.7433104053633461
905,1.135536740368768,1.1037153640374,1.351588671414313
910,1.5824123923678963,1.281549622978932,1.7774822101488854
915,2.1019154919877496,1.6346706505479565,2.052250950753314
920,1.3800488062394558,1.8093804212187974,1.1090197165544176
925,1.1131641496847848,1.246482221996385,1.210743033037041
930,1.410532485139877,1.2356723000490888,1.4504426042529868
935,1.4026263022363088,1.2969200409725152,1.4720258102106274
940,1.286554094063626,1.7042268959586642,1.6662864243418316
945,1.8408102473403196,1.7359103487344212,1.5135155021831606
950,1.5940535493885442,1.0199715103995155,1.790932458843705
955,1.882933089804451,1.3322060837540288,1.4779543458104136
960,0.8113139853791539,1.1784233647044795,1.4209949751667927
965,1.774914725149073,2.0040929701602592,1.4521921919096477
970,1.792682730439143,1.3556875806530353,1.2085122091343599
975,1.7820875893293626,0.7514382213497189,1.5491648092276276
980,1.5391277108475496,1.6103654408621104,1.3136683833501592
985,1.4016497704081965,1.6893153840823816,1.6727139694221047
990,1.0993416573506463,1.1735111293352853,1.8932321990735899
995,1.4705514291027195,1.5536717792155572,1.325638602799734
1000,1.432504161121444,0.9538239280981939,1.5862378705039222
1005,1.3865835771431128,1.8785136547903223,1.2753874963125682
1010,1.8170821735175986,1.8253687481826015,1.7260335793678738
1015,1.5412750950001162,1.640089560445944,1.6271287228091627
1020,1.9378985313256134,1.721499629333394,1.919988107417225
1025,1.0968306181713863,1.351529820954155,1.5812224411329505
1030,1.594903762641922,1.6742872177013586,1.6306824008451977
1035,2.0016645768360233,1.4721920355805278,1.2903117369851302
1040,1.1446540791890087,1.9916460344990734,1.3744398370369446
1045,1.5265651845119537,1.9932700670053976,1.6590449734663082
1050,1.0939025953201802,1.4486163145136786,1.8076266567601942
1055,1.6319799560080328,1.4338191263050701,1.468907248807458
1060,1.0570172056569427,2.0155444231435338,1.6691732734536258
1065,1.5476751697939162,2.1265322432594713,1.460844254178411
1070,1.3180252996574762,1.5500619610794524,0.7495422280724349
1075,1.2540792337822648,1.7758661845198498,1.2070841527615102
1080,1.1080025693043432,2.077802251050066,1.834035375846951
1085,1.3827405844861111,2.095083925937021,1.7368058445844647
1090,1.7771593122156308,1.200217716986166,0.9266476656163068
1095,1.4947286791116237,1.727495666651921,1.8858210112614953
1100,1.4178285098106953,1.3502578770345564,1.5262021218625703
1105,1.4377026063234215,1.5762117374938078,1.7107770615535163
1110,1.1942336984649937,1.2656100717977325,1.3711113793955543
1115,1.461670239507514,1.9127969025820044,1.0251195409429985
1120,1.3209186052106756,1.5822457507635912,1.777087181071126
1125,1.141084782241479,1.4036159197995302,1.2283443386578305
1130,1.302414506201604,1.7137037833690443,1.8897092862506435
1135,1.0854692919578122,1.8297703644009211,1.3737004640177797
1140,1.4132665553055583,1.3281487286278069,1.7780696529788835
1145,1.9864261618070143,1.4805682311895096,1.9097867922171883
1150,1.732154568883673,1.1815024570183539,1.3463311152260793
1155,1.0889518281210642,1.7395359476981778,1.5198520872152732
1160,1.1072821658317862,1.1451093563343966,1.5267294480919995
1165,2.080369761448634,1.6737895255378494,1.4683625770599311
1170,2.111386976341694,1.0655539208794114,1.1034391785164186
1175,1.1870260033161246,1.7844148820082788,1.169419416420538
1180,1.5226375482178416,1.6285259323851016,1.446662972353772
1185,1.9791249097146304,1.905370067094952,1.4233118298736187
1190,1.3264832043199153,1.3866883899409994,1.5835522930741124
1195,1.5779111991177497,1.3914229055131024,1.3651306957801501
1200,1.3101170808950533,1.8340315066861654,1.416391619762821
1205,1.9196105341211558,1.8014234948226533,1.1400078999577554
1210,1.4259636719576863,1.7040563175652008,1.613705428726427
1215,1.4765589245483313,1.1212712566562808,1.6674111556372104
1220,1.6798960922259065,1.2232757521812887,1.6076926607976778
1225,1.8383821451876259,1.0250128976453903,1.188768815421474
1230,1.4105623270110472,1.7609839306362125,1.5003678099225584
1235,1.0346243104723307,1.5781352765427754,1.3630232275322396
1240,1.6635115408289203,2.5995070571943906,1.4140619571454172
1245,1.3320859185388136,1.9052595860993204,1.2929277918595028
1250,1.1348451713022096,1.1585522591334034,1.8731796541160162
1255,1.746161700686463,1.2410176740530217,1.4424328206648502
1260,1.925703849375146,1.4429323718140898,2.0171982331367047
1265,1.7466496634594137,1.9882173477067697,1.6978328614869902
1270,0.9734504896120421,1.5693890099245735,1.284806721099152
1275,1.4586739729282496,1.1934079918692058,1.3388872243689378
1280,2.1624937184953446,0.8577855454358952,1.3020220299268448
1285,1.7380401889168777,1.2433635313278555,1.5097489359446443
1290,1.4913482673539877,1.0865650502425228,1.7371658527064537
1295,1.6965789760453571,1.7330434108247248,1.47047171841364
1300,1.3688583297543493,1.0574990795887675,1.5568611729651836
1305,1.1819971666741163,1.6318923019774112,1.6319175921903306
1310,1.0315428881486102,1.977760772326366,1.0458523442867786
1315,1.4746839109093177,1.474031732611893,1.947064108120045
1320,1.6223006941588565,2.1799095249847458,1.672118581323944
1325,1.4501738917821156,1.3948866907171869,1.462622149571853
1330,1.587284313166634,1.3003246780854671,1.4311887596519572
1335,2.0546644424743787,1.5044225478592275,1.386917138821219
1340,1.2969677300740008,0.9467368919886151,2.1283912266139255
1345,1.2027698503190247,1.4388441686554168,1.3988571064954542
1350,1.5096281928796313,2.073830728320186,1.2300312986684274
1355,1.57095475391819,0.5297244185500773,1.4556614380831645
1360,1.693307262469045,1.7116581867738403,0.5444798815062206
1365,1.6845377036907383,1.4904586330994063,1.3554524066057219
1370,1.899047354623889,1.4979877711429606,1.3589079529327739
1375,1.9253725375271806,1.5411186475160126,1.245588727164642
1380,1.4448999880368965,1.7928981701905542,1.5835037477038194
1385,1.4761665803596309,1.989719530579157,1.873467465645671
1390,1.6403334599157409,1.3961397929627402,0.9601123312672087
1395,1.1522629520963896,1.232402581086955,1.2649918249282848
1400,1.5772334458742947,1.9260356430891723,1.311296477281994
1405,1.6028477504908942,1.5914172415944634,1.9259047162579768
1410,1.8049598779147984,1.646186793899083,1.4041134496948378
1415,1.2448235006449822,1.466692972827767,1.9663013301516226
1420,1.4075925250086285,1.4162453413688982,1.2817988584563555
1425,1.8387459435792657,1.452727910177915,1.4086427800567909
1430,1.585935177753447,1.6548157068390867,1.0632024282178218
1435,1.7639440945198739,1.8084481058412383,1.2940302902341432
1440,1.3652532362399108,1.7037315636794443,1.076702765819422
1445,2.1568647719961125,1.2596801832878946,1.4393021942148998
1450,1.356998172216488,1.010551811002254,1.7166163545238844
1455,1.3091953877374871,1.136822748772953,1.5796763349392777
1460,1.2122202756403,1.24048480634129,1.4870832835807304
1465,1.3714024210600924,1.462236930331502,1.7018331830049436
1470,1.5773818827388384,1.4794597150392947,1.3358536667142518
1475,2.3595522963423514,2.0406863550720877,1.596551039333121
1480,1.4882673777054913,1.7037587754500148,2.1621451701461956
1485,1.4309537642179873,1.569116045056338,2.0681374874634697
1490,1.6814051000763572,1.7466170297466979,1.1327979405577393
1495,1.9966475255572247,1.020853845306151,1.4443201999393678
1500,1.2105236608216372,1.6179821985892286,1.8745893127457691
1505,1.405306797580669,1.5581068694509943,1.073832980415172
1510,1.377964869648182,1.5564589798163009,0.8385078196770489
1515,1.729383378412379,1.3372040766172482,2.142841533880147
1520,1.6166260225767313,0.9593661279339907,1.7518940440452588
1525,1.538467204473602,1.299418572259835,1.3305329530281937
1530,1.6977720161026972,1.099058148021129,1.6091931170926925
1535,1.6243515355718605,1.6118025798323037,1.7724680206841055
1540,1.572803391260583,1.6323969344759897,1.792390310934259
1545,0.9732264419025859,1.2567909548172822,1.217480092430979
1550,1.50746226737667,1.4994668125175292,1.6024604066824222
1555,1.5122104597892576,1.3445708029322345,1.8237468397589909
1560,1.565239541132826,1.61758161079076,1.799580693549918
1565,1.3337347953425227,1.711763417148274,1.4855047154226322
1570,1.3812502147410906,1.7616535002151172,1.7177741456460949
1575,1.7692152000616332,1.3059422792071291,1.407956490837145
1580,1.457160506325429,1.787010456416426,1.0588826001952407
1585,1.5738206872912563,1.2346175506985961,1.7263352316552143
1590,2.042415621128023,0.7494379026021759,1.946476727562633
1595,1.6000910479687667,1.6177375998631023,1.0575452478740468
1600,1.5138126090556183,1.2371751165937417,1.7028746762228641
1605,1.6418101774782632,1.736712976414339,1.5007628903447363
1610,1.5213655645733954,1.5374310414303776,1.3272518700040832
1615,1.7015228341813322,1.4444867285433283,1.94313336302624
1620,1.1387487312790427,1.6145583107326398,1.4150109891184572
1625,1.5744727203509479,1.7708289866890656,0.8181084360339579
1630,1.7557758094332254,1.5707358393044888,1.1921375911220908
1635,1.564374420076328,1.3128651671112512,1.3011155721065113
1640,1.8372414050367811,1.3300218184462207,0.9595464896018284
1645,1.6588829636011306,1.8938215755242458,1.5220690833022479
1650,1.356612576025616,1.755227462518761,1.151634010050741
1655,1.2641134967103995,1.9288764714885966,1.4664505658371618
1660,1.9941986607258775,1.6638208056710033,1.2388585163000703
1665,0.8977141718725955,2.049535731311104,1.8772679464729953
1670,1.4850005435829665,1.936612068601871,1.225784371781803
1675,1.1705950590375074,1.501108966285444,1.710998125704066
1680,1.3075348845178367,1.5309969688656848,1.7430798028636365
1685,1.5124877981627725,1.7006339054924866,1.5189573734621944
1690,1.4513674579395581,1.2889312328443694,1.3560172781945388
1695,1.673476566148567,1.2940495898953173,1.3588076204543045
1700,1.5399797980494285,1.233385215928355,1.8339240365479383
1705,1.518689957306534,1.496779282078499,1.2398872863148476
1710,1.2650408720513981,1.3133773087933316,1.39191994209121
1715,1.2663205935075739,1.5791867895070058,1.3885024419605008
1720,1.5943480447508902,0.8946385912905238,1.846712730385207
1725,2.208581849228924,1.611616077003482,1.826704050938064
1730,2.0154463628384383,1.464994133309805,1.5956735893198826
1735,1.533560986366637,1.4578986001409038,1.0598149366772949
1740,1.894538535779175,1.6428600526401624,1.3842509442430062
1745,1.7565293125218342,1.5127674136136162,1.376395201363081
1750,1.5572693001230935,1.5542090167311204,1.608131795189045
1755,1.698564209859134,1.6574992846075718,1.2971057492096194
1760,1.384473497506259,1.1034142268435132,1.5488006705157837
1765,1.3502108229895975,1.8160674716831873,1.3527770006655162
1770,2.0310978273429834,1.3652452120370222,1.6273897759812206
1775,1.769564676211885,1.306693167271073,1.587107707099866
1780,1.3516240436227542,1.6328647121298976,1.824601094533242
1785,1.3652935022578738,1.9974336229911391,1.544901983842009
1790,1.7683105917739326,1.5542280222671712,1.4633485571106197
1795,1.5987513211481779,0.8775848754460172,1.1219112332972638
1800,1.5302177629089977,0.6550364596460154,2.3728892643042876
1805,1.587084374459776,1.9541081298181502,1.9711112486685294
1810,1.6725311711109312,1.7468956622439697,1.6755517183318194
1815,1.382925320164254,1.2013261492407463,1.3289454776635028
1820,1.3977672745311296,1.0329298621525211,1.293010313869391
1825,1.250466761412518,1.6686367494136007,0.9176836103337005
1830,1.3808141243993628,1.1499326809578316,1.5828331555265875
1835,1.482945987054068,1.2305453470079342,1.5306331834667268
1840,1.7374702118136205,1.1992739347054957,1.757582488498605
1845,1.1223122561684757,1.876850619810162,1.6856213664735522
1850,2.1996035652949857,1.3800339737589082,1.8397011434587305
1855,1.9847603974395,1.9121315020542193,1.1721980643710384
1860,1.0488972938573882,1.1684012545985247,1.16797766764707
1865,1.586861222096742,1.6182220296385714,1.7409318898631065
1870,1.8593221276022458,1.3302659260282417,1.508968505993715
1875,1.8841630784135532,1.7238518141455788,1.9148288213189317
1880,0.9729229787811251,1.9147701554198726,0.951560843565025
1885,1.9911500859576892,1.1902862798945393,1.492566999579732
1890,0.9938580872575408,1.081485865334852,1.0509959670316569
1895,1.2046137704786966,1.1433474776171486,1.7851941213518812
1900,1.7367862530080653,1.378744137489358,1.7171608316831601
1905,1.8009604096495488,2.012743336808975,1.4344352136021477
1910,2.1393399085216536,1.3603287215822009,1.8864534854963053
1915,1.5059231573163525,1.4779854168094526,1.9021591244955047
1920,0.9944557320770286,1.2581748482522301,1.2109376887746794
1925,1.591407540317264,1.0716548070975827,1.6979851149784921
1930,2.047592803758866,1.4030825888711942,1.5515799811885145
1935,0.9410040858216027,1.7430436394670625,1.7469601201552551
1940,1.9344518725774313,1.3034998753737723,1.5999360014894304
1945,1.7114166843390735,1.538278906789754,1.1168807396718297
1950,1.311428448559706,1.7973687671466192,1.6037551588720391
1955,1.534229336718847,1.374731488430935,1.211572659254478
1960,1.9251626114904874,1.3507046477822477,1.9334219529506091
1965,1.573792348353981,1.1406612452690434,1.963100018832235
1970,1.6704441359334405,1.1625099746564378,2.0430412884897806
1975,1.0739354088257627,1.7546501867919124,0.9895592969445691
1980,1.5847523863331758,1.132326325770613,1.9204723390156933
1985,1.965175724059921,1.4766779007778212,1.7868632026154458
1990,1.5867529244303362,1.5514969251188233,1.3757989104443331
1995,1.0385326361379719,1.5576290078557717,1.8143604575390322
2000,1.3041074736018616,1.512764026781775,1.3303278615122494
2005,1.4261128435620465,1.2867245558403109,1.121898064845338
2010,1.7985527081719088,1.258879071564172,1.5941246713377706
2015,1.4797195886393113,1.6393122370764912,1.0676342317110064
2020,2.3053308062975235,1.4934515574480236,1.3372024363330461
2025,2.141737474006576,1.5041885486257203,1.5046722672626214
2030,1.3670960137641888,1.174467732654831,1.7729329481269425
2035,0.6191579974113064,1.9580589438471199,1.589566599739228
2040,1.6065391231098682,1.2064939830786943,1.2656557097929082
2045,1.2694689495139952,1.4814788888708046,1.3683528153547087
2050,1.481720735491168,1.584965095861244,0.9993483326140081
2055,1.5101471319658943,1.7864577292493924,1.3436356177451727
2060,1.1863122683952687,1.6697314128011083,1.508126470716227
2065,1.5395294698348136,1.8420668027802285,1.613302789765208
2070,1.2570319246191028,1.451891760378281,1.424581778893467
2075,1.3590315172904293,1.4494551615832245,1.6609933694838954
2080,1.9192206640963905,1.1974447107046333,1.7341158804960481
2085,1.475871908120758,1.3761357459274237,0.9496744778240644
2090,1.4723455457212304,1.6921228613171977,2.5182906137836256
2095,1.4464122212434711,1.522506788409213,1.6545675688266381
2100,0.7717364522604677,1.6338982407420382,2.1086380389185067
2105,1.731427401176178,1.5828711847122685,1.9226937414561207
2110,1.5357706008068157,1.804055671603935,1.5515749464284276
2115,1.9899845914518257,1.400579294538428,1.552548068085907
2120,1.3287946134340047,2.0795867821298986,0.8854593828016432
2125,1.3711985682999805,1.7226392687424705,1.6684669315812397
2130,1.2499739346866563,1.0139271096828661,1.4204784724116848
2135,1.9598504545647413,1.9798948935365148,0.7216020889772626
2140,1.2448183801222983,1.2255555362694852,1.7071889107165934
2145,1.6284488579047525,1.8858301016638284,1.460242964090673
2150,1.030778913209091,1.2057173947587585,1.3211111170711891
2155,1.3825313513846256,1.4439637600180404,1.6343817388512276
2160,1.5055304004594297,1.733691067754777,1.6872935254027646
2165,1.4242465574160197,1.1140441024967611,0.9804911316070034
2170,1.4342530840454075,1.859600637921222,1.691163405414189
2175,1.2576944247676154,1.3287489325643385,1.8099882776551677
2180,1.0096952777197168,1.4216720039527961,1.4694087148741857
2185,1.4709604338775801,1.1843242616978324,0.9873982169092512
2190,1.1965260941518006,1.5607899371608807,1.6843734192071973
2195,0.9652353926305063,1.4004153056712625,1.0874348311852875
2200,1.7669228448719312,1.194546346866553,1.6890780491638435
2205,1.4537897841072347,1.5521586969034222,1.7653190559713499
2210,1.9376051291677976,1.6558598754629772,1.3856421473252536
2215,1.5838851826994012,1.529155694199263,1.4800204596503503
2220,1.5198004758203307,1.7929858543219739,1.7584129701130742
2225,1.2921707869539103,1.2132713883853998,1.125694458383177
2230,1.5105021186926009,1.7216577215514164,1.245672060776915
2235,1.5136006496877321,1.7243733184172279,1.0546502624909535
2240,1.1690015583427182,1.3456753311931284,1.4948933639971191
2245,1.1381634424555216,1.7126389011223246,1.967519752917084
2250,1.1333664528991996,1.2691348055930456,1.7216410263482425
2255,1.9894759481683875,1.1803500202580701,1.3218094094432447
2260,1.5191563576863434,1.5811583833533636,1.6269081602108812
2265,1.7394907198190523,1.6374105529467988,1.3200898976765227
2270,1.4230588997094307,1.2744532500752301,1.744412427746286
2275,1.644781983131486,1.703464738754812,1.943213319362921
2280,1.578549732740954,2.3445392250202035,1.330046402215964
2285,1.9949029378955045,1.5585608118785244,1.511310307784253
2290,1.023757593405357,2.091751334057649,2.094072111933833
2295,1.698547582064172,1.209496445903931,1.5740505401526086
2300,1.0809175614420876,1.919483382468518,1.456834410870358
2305,1.688756896341557,1.382233516252483,1.061022977915664
2310,1.1769690928652734,1.8830745877427195,1.9450250330148258
2315,1.1431761980393893,1.4195294635747522,2.0282533139873946
2320,1.2573017542472842,1.2794048677755778,1.0959278618145922
2325,1.335226065413254,1.0889707728330629,1.2855300204939066
2330,1.3997858231199813,1.3309518271619176,1.7672538573219447
2335,1.0327884266867713,1.4472290914096309,1.6932061818681858
2340,1.0382205328443221,1.8636316127119001,1.6900543101229735
2345,1.6356193395714476,1.1286294072415923,1.5512690505175721
2350,2.1318251854125725,1.5459875505344827,1.487615316207877
2355,1.7528783900990343,1.9086387912620908,1.5254356145115688
2360,0.8647973548614805,1.4836287043360636,1.673577946814402
2365,1.5026635617536095,1.8538036212145426,1.2133861870197533
2370,1.6268054110228647,1.5971275593230763,1.4605147855656768
2375,1.6664625899279975,1.725655539388125,1.2467565154197953
2380,1.2745717506886265,0.8775733507055041,1.7134584053648279
2385,1.7818544855018534,1.893384615070998,0.9224241582458675
2390,2.4760203924675865,1.0769975809021737,1.3548926524796445
2395,1.4361652339214193,1.3845455979726162,1.6891584268021187
2400,1.2586363020483697,1.7153493394355037,0.8075286307058959
2405,1.4027078350456612,1.7853202320135375,0.9970458212149148
2410,1.2778611637498876,1.0603956850512124,1.9223105362380184
2415,1.39591242032624,1.9378575544006578,1.320429788963904
2420,1.3631009140468242,1.6583361776787346,1.3247633322448462
2425,1.7358059440744253,1.6485819863837863,1.6724077762104055
2430,1.1954537070631819,2.3067295814746456,1.0954749913896504
2435,1.570083454406522,1.4484234589097653,1.2359183117026293
2440,1.1921272261621265,1.4059161407737377,1.233184464620451
2445,1.2646952099416413,1.5671258353069224,1.505728325545047
2450,1.186814380676284,1.6416160399149693,1.66862627276352
2455,1.7349981616016277,1.7423440682284443,0.9723554166551356
2460,1.5295391963902438,1.5215110718878009,1.3770542978290956
2465,1.509876500283837,1.2073809969575617,1.5249715019490435
2470,1.5846045251242697,1.5555343534391186,1.3131980050103929
2475,1.8896765854902595,1.551866767960976,0.7800208201214294
2480,1.8177805821571822,1.5047081338595167,1.9110685615165501
2485,1.5108648643064904,1.4551426506466538,1.2335662475871738
2490,1.3767003975012944,1.1061519284728587,0.9083029260874841
2495,2.141285303294193,1.7380713898861089,1.4699426725381002
2500,1.5387686944724377,1.4407844137746775,1.8298902453993882
2505,1.9233465115806676,1.8696814354148843,1.4781836375948394
2510,0.9365794056689439,1.3427643298282976,1.397829706436281
2515,1.5902801830658715,1.0669566428522148,1.721802519968878
2520,1.7868036892515056,1.5829851921725153,1.3200483125532951
2525,2.3024434220381083,1.2709918273347776,1.0483424539086488
2530,1.728008615761301,1.368546557809804,1.403109632372701
2535,1.200322552671547,1.9507928449985674,1.2819336962892802
2540,1.0187222564930671,1.8002171476320061,1.826989462222905
2545,1.6182356603592942,1.558865865661145,1.3289828560648376
2550,1.197128118721046,1.8769035871106166,1.6472716648537107
2555,1.5180879073056461,1.308734351906837,1.2042279929277937
2560,1.8880536749496502,1.237339865223086,1.9733092951597762
2565,1.8756251094181455,1.2286807106480964,1.5762356700329185
2570,1.153547224173796,1.5936362019286592,2.1258446637461246
2575,1.578005793638725,1.3895549166207513,1.7646625285084707
2580,1.161905027638773,1.6982355438070618,1.7404401338096946
2585,1.8123951162153682,1.4477687860640929,1.4233650376103981
2590,1.616444959631299,1.8819644441621715,1.3218704292371977
2595,1.6313625785847556,1.4667060116126367,1.9897177388900091
2600,1.6584185629778063,1.1703967769841848,1.4090057482113179
2605,1.154338829905793,1.676283277217312,1.0152333748403561
2610,1.6629359443940017,1.1705311799368094,2.2243273443225573
2615,2.0259056861350615,1.4431680495935915,1.3213039787902678
2620,1.9736169086198985,1.8913246327975304,2.2739507286976646
2625,1.4709075523643222,0.9077438232320955,1.5168543937376142
2630,1.5881767514800758,1.5007859641215184,1.0808088365933175
2635,1.5531709403317744,1.4113271964266147,1.3329318799666987
2640,1.5191565794270325,1.8477152134693704,1.4971436641723364
2645,1.5073734415696474,2.0537264406971647,1.0044539542625213
2650,1.5137940706492798,1.2519229254356479,1.131206062259947
2655,1.1514810296582998,1.4467590183353576,1.7265738810754796
2660,1.2780234805953923,1.380117739088047,1.8369554920782598
2665,1.1489512065915333,1.3812404459910945,1.9380088578608097
2670,1.7724995161757087,1.843344897731352,1.5319852616399583
2675,1.5827810338621358,1.5415933023739197,1.139569580353468
2680,1.746076695795095,1.2496345397923503,1.5754043446811343
2685,1.6461684983177411,1.5961626464163803,1.5800551568060255
2690,1.5417537670226578,1.118131627179202,1.3257880592762876
2695,1.5043831444922604,1.0116213642226177,2.0853004803156843
2700,1.4818021802449963,1.5895081718346344,1.1429296415947339
2705,1.514824827810082,1.46082486085465,1.5470801964606886
2710,1.68377280412257,1.4474648476939664,1.4409446944592896
2715,1.6270998808755734,0.9828515099730742,1.3571490748310313
2720,1.1482550089809056,1.540517020161245,1.5064994504748406
2725,1.3148502315256416,1.5617246363233397,1.615950922791781
2730,1.2547163432618003,1.3591809724512613,1.6505994243627218
2735,1.709035261960195,1.9907651683369836,1.3488497933923405
2740,1.4160117120273585,1.0149007683777316,1.5333068903305345
2745,1.856000813122718,0.9620139166913796,1.9827921724387474
2750,1.2857442173228213,1.8472958903900376,1.6135700603484078
2755,1.3937921763167005,1.414785254419588,1.5768996925322358
2760,1.7293365547589996,1.6290403265862214,1.4632387097048116
2765,1.5406188026781218,1.9673417761867653,1.3088789806013659
2770,2.0570500744687448,1.442924263827381,1.5628056117758091
2775,1.2755117803974336,1.42873593226486,1.440152946923535
2780,1.7560291982288323,1.4992325616341624,0.9447971398289639
2785,1.8891904567863795,1.5084044725545058,1.3896335782912785
2790,1.6318755210489293,1.925834892492316,1.5818375956443296
2795,1.2434429040110564,1.2723966543117828,1.3017159512133831
2800,1.6219247760249356,0.8648161164612476,1.282871879791562
2805,1.0264279909475902,1.2580520629630252,1.6113929461412457
2810,1.5004035501668616,1.4146475081142091,2.0629352706572206
2815,1.7797387278823344,2.048905498183549,0.7245291815580582
2820,1.4226491515155764,1.6706517757079742,1.8161687885437483
2825,1.5406779594893578,1.22238479276406,1.816512953608595
2830,1.5820211224033436,1.5526891950282808,1.3806211155957695
2835,1.5165209862823104,2.1626502655647504,0.842915153984579
2840,1.4393096930749132,1.704594501935429,1.9873693501473089
2845,1.902411492130732,1.8472160519358678,1.6396623812056337
2850,1.9556331563430422,1.8947995961033126,1.9065402130305005
2855,1.3028312055850104,1.2165974373951016,1.7244674530431003
2860,1.722001116787159,1.3979766204724866,1.672590665792489
2865,1.3042106678869136,1.0911181139485233,2.089476953874649
2870,1.6067460306327437,1.336362806086255,1.7833844636882856
2875,1.4422670385603538,1.7341464709878056,1.4791003847166715
2880,1.517983248503934,1.9384786445327915,2.1519718405632626
2885,1.5846597858182585,1.8975560382366572,1.551750344220996
2890,1.7487195848973607,1.4190713744064842,1.5739504966176865
2895,1.6115787182131234,1.6406287380358995,1.6255933697674882
2900,1.34439275843701,1.5431088461190894,1.6993487891228198
2905,1.5076797974681941,1.1360557092265227,1.7678409977813299
2910,1.565426708840853,1.1262799509786159,1.287806474594471
2915,1.072128656339181,1.5681034461226142,1.5144252372845548
2920,1.484148292094043,1.3151442794252393,2.276728773517883
2925,1.3618738843403255,2.0400520267255793,1.596990528873923
2930,1.85502113156253,1.360862080548652,1.8332984307199038
2935,1.7804846910798289,1.7805954124196364,1.5358439983721237
2940,1.113840910125687,1.4334760213541105,1.0959546750870193
2945,1.4245118272797508,1.1778780592023042,1.2867903627153734
2950,1.4868171469691864,1.1333245185241247,1.734669478937418
2955,1.5012608018296512,1.31093034418395,1.8985073569980129
2960,1.5630404982428827,1.2971071287369662,0.8695863531946784
2965,0.9030836791927919,1.5678247784516448,1.9088076665346412
2970,1.714367724815828,1.3572280855849432,1.7491426623634965
2975,1.8058777147667082,1.7221508185115981,1.6681332823088946
2980,1.9021608170220585,1.4076463261416996,1.4749659482329047
2985,2.316890067484261,1.758279305294689,1.5357994527494485
2990,1.150990317051519,1.58270594454086,1.2697846024411337
2995,1.5769820843040827,2.170181024902318,1.8213506903589278
3000,0.8423761589196044,1.0269312286290324,1.353110338634014
3005,1.898696269509855,0.6798097089702225,1.8164271730240626
3010,1.1690128069226438,1.5497910659628695,1.253187231217777
3015,1.1689068853313314,1.3399049895121191,1.449825094613723
3020,2.1600739854162465,1.4382694465714012,0.6909841115434342
3025,1.3884952242066482,1.4448014534413367,1.3787079869846557
3030,1.28109292501721,1.08120389542781,1.3980470780047431
3035,1.2755713510471594,1.7755983081783722,1.5635913405680144
3040,1.4414837791223645,1.6581597657348621,1.5626261913655517
3045,1.1287214535242973,1.0011264183173303,1.291563418142425
3050,1.600239445012582,1.7417319896408556,1.9413991946302174
3055,1.4949809403532393,1.1225369448239735,1.144778444911363
3060,1.2693523510262341,1.8497205206370588,1.4656317775812726
3065,1.5815963467384868,1.295433748320312,1.3895041766227867
3070,1.1742151904149654,1.9158946167907276,1.476032604198324
3075,2.1314808944315127,1.164696765880028,1.647559254181081
3080,2.215095236720634,1.4505009853905084,1.271849697627043
3085,1.8608205950181589,1.775221481332414,1.3557527318780322
3090,1.8197522043939558,1.4948156990302506,1.759401154848112
3095,1.2083427902717558,1.4564502694151935,1.5188649657751556
3100,1.2940032721498256,1.4322576085970482,1.8573146126253708
3105,1.0306311055505382,1.949463190917887,1.2632631154220322
3110,1.4535848346869715,1.6200770491752685,1.531802124110381
3115,1.6318899364104626,1.1863414562930297,1.242098701285153
3120,1.6416662555152968,1.7289764784126538,1.570339032816401
3125,1.3610071346199115,1.2742435351381642,1.1724058830143782
3130,1.5665265245854045,1.101638606724001,1.2247659457872337
3135,1.5909998879157485,1.737915866353421,1.4963894637968387
3140,1.4190733051303581,1.7328875212975097,0.7531593532243847
3145,1.355683317747246,1.1113756220976756,1.3167013091323858
3150,1.4940840298630291,1.4502494005327384,1.3145226481415289
3155,1.8854096035990857,1.9185015787686184,0.9300186132225652
3160,1.2250097416216468,2.126658905873016,1.374013702844923
3165,1.5788062029612115,1.209355887525832,0.8471031221475103
3170,1.1316618327252141,1.7630116577251678,2.110518180363516
3175,1.7574236578296727,1.6469782737586782,2.32475856479265
3180,1.9001036517227572,1.5374829101348544,1.2315021266410644
3185,1.5335198274092865,1.739652586785,1.5121746871435937
3190,1.9062215038108263,1.5481667964959802,1.2354084103406462
3195,1.9711862725087492,1.9068465269141976,1.5561735963594834
3200,0.993759455754376,1.7707494305458336,1.6047270657855115
3205,1.954271120117602,1.648432051126722,0.9960754355305032
3210,1.9325807982345593,1.734868263190808,1.7714534088815008
3215,1.462900451576947,1.1974096024146612,1.4617268007775133
3220,1.2392523671682727,1.792547967366434,1.3173978169731122
3225,1.7254509757540744,1.4908188709007457,1.1700182373445636
3230,1.6866832383652006,2.1727114341021605,1.8329974276560477
3235,1.6880301957028583,1.3536494069057061,1.4382883573871494
3240,1.9435399067837738,1.6884565335366777,1.178982508835943
3245,1.7227887603162602,1.7832355973126568,1.3378203542105684
3250,1.3149204007328803,1.7813093164308198,1.6318298025133267
3255,1.301508313733079,1.544758874183553,1.128737868582997
3260,1.140198333443607,1.2808539703152235,1.551345068580083
3265,1.5229865109656195,1.9059633094849877,1.515712973224879
3270,1.1493941552926994,1.3536158320615497,1.520731310788256
3275,1.548258355046792,1.7020156367715475,1.5174610197541791
3280,1.78088110071745,1.78297364156348,1.836680294357847
3285,2.1217533967007087,1.182095485389983,1.2967167028715294
3290,1.4603900127779716,1.111812842539996,1.2952695405740458
3295,1.5725275181478888,1.156244146845245,1.4906105565847687
3300,1.4230240192515522,1.709128736227001,1.4723975773914362
3305,1.8987859882729623,1.0698297263242085,1.6259722991242147
3310,1.4525995501698095,1.3491422771875126,1.235739081553215
3315,1.5069618565845244,1.8479769283836207,1.5884404191047072
3320,1.950686719614844,1.286349608786226,1.6819138425397486
3325,1.4175139368369483,1.3303998678813433,1.6074412343779954
3330,1.7239067036919675,1.2645103412047793,1.6125890235185998
3335,1.064917475013698,1.562070083287716,1.550998230569513
3340,1.8452590294098368,1.561621104723336,1.3913745030052698
3345,1.0608734130405182,1.1773386937705996,1.5746921945779557
3350,1.5929002050874637,1.2884539613707702,1.4239906823094826
3355,1.6681476918976768,1.5923388135296492,1.6758121301343787
3360,1.3890109737643046,2.0335556529703984,1.604379147751806
3365,1.332310916589358,1.8082681187644214,1.0830609757158514
3370,1.572695634951621,1.5517723709565254,1.7434232998099177
3375,1.6975910601304223,1.575098015406895,2.262891627023844
3380,1.3620440823221847,1.70423769861148,2.083684279173724
3385,2.1526782979109678,2.0014064091793204,1.6849950609408118
3390,1.3061996460773322,1.3602739628920464,1.608289014679404
3395,1.6830596334830532,2.000512072012575,1.4475825358310048
3400,1.1652971168885213,1.1318351275260055,2.277245864297962
3405,1.7660900340430745,1.7327613524582,1.4282371543240837
3410,0.7829888318570989,1.9657569376484219,1.6552919322638713
3415,1.1577461153626958,1.9747485884110028,1.0406349584827113
3420,1.671937055129856,0.5913786207665173,1.594339926412117
3425,1.3838150553052366,1.177620459296464,1.58189731097222
3430,1.6862042503197332,1.012721583646147,1.5728986440726842
3435,1.6200090250013255,1.40421141421772,1.6631086849012473
3440,1.2549235376778058,0.8504415691712635,1.4263604281847801
3445,1.2428657906498626,1.6798439155590559,1.514099780325627
3450,2.1473982604735227,1.7415108345588788,1.674185359252623
3455,1.7728491965493676,1.5815820380465664,1.3240870192837835
3460,1.5525757356671195,1.781459787946437,1.3835844236091899
3465,1.7395869340550631,1.2383322544594098,1.4770831336092338
3470,1.8216086868292318,1.6309333085976534,1.6580000306607356
3475,1.5915474899475486,1.532714970481023,1.582938943336619
3480,1.7851056045373064,1.4679391163949682,1.4847434853406234
3485,1.3571373830923137,1.5172262189295465,1.5357732409421796
3490,1.4075317121654485,1.978975914283915,1.60570072180767
3495,1.7506375580112774,1.506443885165424,1.7459789591263026
3500,1.4384766278601435,1.7639463446072068,1.3911417008399691
3505,1.0358599605708427,1.8731360330144682,1.3446380340578843
3510,1.2861841328919716,1.4475799725107874,1.936885564161081
3515,1.6769729019625081,1.1089887992293828,1.895433127405882
3520,1.0905050487544206,1.4849395000763475,1.3909860065265276
3525,1.52829191535455,1.2782108421610585,1.9813053506211211
3530,1.432664380322402,1.9517010327614535,1.2034711102839095
3535,1.2548146054884919,1.4530054570584932,1.7394084741553753
3540,2.0506199902468545,1.2997297618503172,1.2650145213458177
3545,1.9390333127513655,1.2387188672039229,1.5325438959138395
3550,1.6135830441474295,1.9459603392443237,1.802731698076154
3555,0.8686169341834162,1.8526825789751025,2.1437229852128006
3560,1.8834288735541902,1.2891045240151484,1.2973084998196542
3565,1.2385640039371442,1.472148106499139,1.4584000905390149
3570,1.69533433389209,1.6046272847001037,1.6348439245714639
3575,1.2316076967846763,1.488798655758426,1.7443818412390302
3580,1.1245007389392363,1.563070565205254,1.4534112289742054
3585,1.3115532850492402,1.755516221135901,1.3807857704717081
3590,1.433685867893554,0.936122927665073,1.529267564641955
3595,1.0839829506139267,1.411201337327439,1.2306259894445497
3600,1.2525532077839054,1.19247214464522,1.5309982671892262
3605,1.17282173304814,2.2563546171409574,1.1944233334194092
3610,1.5239955087015418,1.7238614698312094,1.891264420054018
3615,1.151103194609277,2.162462333459738,1.7767905096581833
3620,0.7900045604327551,1.483210573133361,1.228646243372367
3625,1.2825643371916882,1.6936955931874176,1.1807042469916456
3630,1.4483463161993544,1.7466777704487757,1.639788638443759
3635,1.7642447989426193,1.7046408458709905,1.486496951351724
3640,1.4791090015842339,1.0021863929103447,1.538966234026699
3645,1.6011800896355246,1.502060097632905,1.3705413625103546
3650,1.216168946833303,1.7559409691811148,1.0717201602653794
3655,1.3567551053793152,1.5430416342480475,2.206904776271141
3660,1.3032817327935842,1.9462837599064813,1.276499193780373
3665,1.2069646434837058,1.7176400984007856,1.511606260650473
3670,1.4788705151411554,1.5377364995824525,0.8342741377053142
3675,1.6749095129149674,1.2128215582977573,1.2277149387670734
3680,2.0293930543917775,1.549977167052886,1.8356511627760754
3685,1.357767594023322,1.0961799071779021,1.4959368338732206
3690,1.2440213816359869,1.6463032264164186,1.6546883524194491
3695,1.5130581839850954,1.7089348178998949,1.048289265474998
3700,1.0574891940987436,2.0559772516659147,1.5353389680403975
3705,1.7203973655102758,1.3598110082446366,1.2257818079515543
3710,1.250082025713983,1.0527785470972406,1.5572367039699844
3715,1.7212873556187918,1.2087618053308922,1.438134259575918
3720,2.020665170544826,1.354374926966374,1.4820811802757425
3725,1.0843410138491882,2.0217810735901898,2.0860296316470683
3730,1.507676635775409,1.3586916930751998,1.6865341005647927
3735,1.2285862239272767,1.4076690175324533,1.569891743678657
3740,1.6419451090768131,1.7034567058068868,1.5957229735831386
3745,1.6021834207416805,1.0268692886370556,1.5150027830456596
3750,1.8113553170186145,1.8050370464437187,1.0563202924017103
3755,1.2662100069393742,1.6092140569190962,1.4834160242784828
3760,1.9286899068842294,1.5165125168930587,1.5204163947871152
3765,1.951936214139499,1.640583125471196,1.5954891793532957
3770,2.0247006430001617,1.208096923256777,2.0552196611835587
3775,1.660656207458573,1.652722947460738,1.5769935235672192
3780,1.39619233077234,1.5295685056145432,1.7716998695442578
3785,1.1315257431133285,1.327300686238582,1.7713480703343751
3790,0.9281614675197493,1.729746670432871,1.2668247804512378
3795,1.357275919771554,1.4653526658788574,1.530889408684555
3800,1.4610333740979657,1.946404670979616,1.6875441768468298
3805,1.7059605238037494,1.391373803404549,1.5420603783127056
3810,1.7683977646414253,1.6648471009831907,1.3731741888575568
3815,2.0417363767783203,2.205726450711837,1.4509872714254128
3820,1.3252583188335558,1.5365939568753308,1.3187422896150856
3825,1.6393140632415937,1.0545989068980044,1.6143350523508524
3830,1.491158559966241,1.5804376180541961,1.1616166353539374
3835,1.5731373682000356,1.5009103291518298,1.3489604115759672
3840,1.5350833180626113,1.7086149288254318,1.0660964600976048
3845,1.7440265404442243,1.3790956536416468,2.101287858196754
3850,2.135322657028139,1.3864794416576434,0.9342664942350326
3855,0.8485496493812107,1.5361128246923048,1.0405936463687961
3860,1.4086560928792065,1.857187118848536,1.4515637094756544
3865,2.06696759613528,1.5212857970830604,1.331409378795298
3870,1.5469846588688403,1.2417877894182419,1.846631366047565
3875,1.539415806366631,1.8125045360542456,2.156758764898818
3880,1.786160573345891,1.3645302529383938,1.192277251860779
3885,1.3064866649118654,1.8793799111477343,1.424564279771269
3890,1.6704387149637063,1.5831738459502174,1.2974846176336603
3895,1.790775138557706,1.4644850536264213,1.3880062207414061
3900,1.2122398627098527,1.336009708608187,1.8585736747516048
3905,1.410454444985692,1.6643372105304435,0.6235098211981082
3910,1.355399261830943,1.658276156877394,1.5321806036311445
3915,1.3460526665580943,1.2545412935053903,2.0106756186244406
3920,1.4250937239745642,1.0134357358149035,1.134297936831041
3925,1.7409053537855037,2.2586893572011135,1.1966879976830964
3930,1.7230590855454402,1.2191160152927942,1.8881880421883819
3935,1.2310552738338596,1.1908761133991597,1.840640951150963
3940,1.2930265665373137,1.1696537486141418,1.640372149015995
3945,1.466148822561587,1.921094900143125,1.4241079384417077
3950,1.3039041567663396,1.6972276249783642,1.2453600633484703
3955,1.6348177096227159,1.8547284804476574,1.4749159102178857
3960,1.836059132108799,1.652003321111239,1.5704154008658047
3965,1.4902343050578468,1.822148746052997,1.6003750390636011
3970,1.826581449365698,1.2129838748510864,1.6175284861646495
3975,1.294702146478842,2.101165270740767,1.4660270805413986
3980,2.0494884504226034,1.5739557812085934,1.1125669670513831
3985,1.738748569209199,1.0492051436331002,1.356988650611967
3990,1.578410093820824,1.45334757985347,1.8131146318776115
3995,1.6602177333475463,2.137916141271733,1.6053330380770623
4000,1.3800012407037496,1.2654028215380995,1.4658154742441374
4005,2.0177019511826497,1.231320792634072,1.2261692175465688
4010,1.379769972304421,1.3254506434676452,1.14426445088678
4015,1.551067848232167,1.810324115715848,1.2204758946060537
4020,1.8881843944666459,1.589922075247484,0.9693836099454115
4025,1.6440719591066322,1.4282827431110208,1.6382533917327289
4030,1.7217239266349225,1.4632547004361809,1.36248281805832
4035,1.4752904681395975,1.6471155368255441,2.4239573184964462
4040,1.5484410406751428,0.8717114453964169,1.3476602277392888
4045,1.3626612299766243,1.5999563835103314,1.5488047209878175
4050,1.8295706108309806,1.8256444309147772,1.1188714414044534
4055,1.7263683745645892,1.6837474134895225,0.7997422472035611
4060,1.3667976975432337,2.1280354248105806,1.2830678807157336
4065,1.4219489534654401,1.5974040944836219,2.0074334579376956
4070,1.6816472214125187,1.4310479087728205,1.6773463935301989
4075,1.397988811360752,1.63974440591061,1.7413239772055273
4080,1.4100126691975527,1.364495333726617,1.874229257416236
4085,1.3062403273032883,1.5181684347289155,1.2108380004128332
4090,1.6130158084963866,1.244056168529752,1.157981356339989
4095,1.0725873105107713,0.8581740224698619,1.8764876173302012
4100,1.3663922796729933,0.914182891864715,1.073677042945302
4105,1.3803592385471553,1.3475684822592733,1.3165265371777775
4110,1.5724663990624344,1.4252548316957385,1.6988939989210399
4115,1.6122717872485048,0.8557680822941607,1.2975084883482044
4120,0.9161419694672011,1.2024806293428916,1.8614785260796607
4125,1.5788686140294401,1.3227083174325698,1.6880915364849087
4130,2.092905298196038,1.4665399640153192,1.968553446824684
4135,1.4338867011967678,1.8856608138837312,1.441771863306628
4140,1.5302684390847074,1.5832958250193616,1.1682349517025559
4145,1.4275689338183752,1.9943096328662513,1.1564157232748777
4150,1.4587335984221612,1.3227593936420656,1.5230908821542537
4155,1.5774199348844382,1.0657236933882803,1.8521326068621407
4160,1.3491539394254242,1.6511170384752472,1.5892954898244367
4165,1.4336635906985675,1.5306597858672226,1.3688732143050286
4170,1.4595989540831826,1.6780225416557344,1.5806208855399093
4175,1.543235252158128,1.5786587971746484,1.8874619014704104
4180,1.5219700858851994,0.6485447648112201,1.4870110114489608
4185,1.5247787572209313,1.3336188090308538,1.8894762976737458
4190,1.2234831824984225,1.9617629217700796,1.8046523048036236
4195,1.3782479788472457,0.7045209371412122,1.1934705512473935
4200,1.5786535686769567,1.4971163250017028,1.3423116597150224
4205,1.7599151734827954,1.397025830728917,1.101813040746033
4210,1.4907670593516054,1.5453477546566656,1.685584103666582
4215,1.6371830925503974,1.4074770685839824,1.224169096942591
4220,1.7765232342260675,1.54898245052645,1.3029893471890606
4225,1.7727753356464153,1.4021746174065755,1.1959898636833366
4230,1.1937644663394402,1.5463328124938323,1.3576779576588391
4235,1.6550386579444571,1.552103012991377,1.5188105385347002
4240,1.5996651047522272,1.2335678855095502,1.6793370908565324
4245,1.1314148163066204,1.488469932095576,1.1139003542642507
4250,1.3308480167082637,1.5218345479036608,2.1689269227006873
4255,1.4654853843754592,1.2974524051645235,1.0577433427503464
4260,1.6394234447193714,1.0568058345518392,1.8868533583306941
4265,1.3454389381999985,1.2831566034266353,1.6440538654060348
4270,1.435040400916567,1.6013163842704596,1.885681331677887
4275,1.7355057161234548,1.55547232426535,1.5395189563317258
4280,1.5282982982286633,1.3027508113915305,1.786168507270999
4285,1.2353649266430602,1.147473072404547,0.8582216279401654
4290,1.565981381902134,1.157588065481985,1.659544385372883
4295,1.6817813114562767,1.7588485767793247,1.5223844032842757
4300,1.3442058360205955,1.0129488370206967,2.0097352933932524
4305,1.4666494625504998,1.375359930601805,1.4732922279438538
4310,1.1223546384620817,1.462888388869223,1.651777327101498
4315,1.735992334122317,1.8603692421678124,1.443952584315462
4320,1.1978942964417698,1.682681605742525,1.9224438592147262
4325,1.7198307520675709,1.4192569637041585,1.3612590665038136
4330,1.461263180330624,1.415647399997063,0.8316189418789083
4335,1.1591434003775793,1.6714183995312455,1.512572599431902
4340,0.7221176445166586,1.9609025675974634,1.6207575767260862
4345,1.785656310627122,1.528719722628341,1.5067728021477198
4350,1.3856071189919967,1.137223123095038,1.7009510222030397
4355,1.0481528763486423,1.577416966271147,1.212301253009252
4360,0.9795799941511117,1.7813127692847404,1.443527357728846
4365,1.3801636559273778,1.4877992647935203,1.2842518987486735
4370,1.9585197718117637,1.5449305854363884,1.9033418757771785
4375,1.7108262875932936,1.5068014284809417,1.6241120319295594
4380,1.5194435819696177,1.9167369972741213,1.3120053840098345
4385,1.6083599311097918,1.2281835088400415,1.7584316178591939
4390,1.480800925988252,1.5481418649725034,1.8204039101734386
4395,1.2972860449113504,1.8034433770260245,1.6673321803815933
4400,1.5137904860968228,1.1249269607241439,1.724279362693244
4405,1.384992053321643,1.2291179500978076,1.2754207175503685
4410,1.2116417085371014,1.3430473924069533,1.7290155457878755
4415,1.365610451409818,1.4203392437764042,1.1793995886398871
4420,1.0754220728478767,1.620897229579781,1.8950315616220377
4425,1.7739686044052023,0.9680069914104094,1.2144311949681237
4430,0.4263314333539292,1.9018442628987733,1.2227413770196072
4435,1.3197556324560873,1.1608734318965697,1.508757129129343
4440,2.065894378247706,2.201784188730973,0.8892941172567806
4445,1.8173624742541397,1.9150598455874444,1.744978919923409
4450,1.8197311714530204,1.5088436057046948,1.3263202876738858
4455,1.7750832351082895,1.057653480059066,1.6598417902275893
4460,1.2961521478945186,1.3032875441986667,1.7786516114321806
4465,1.4394490547881573,1.5107272123615412,1.552568746182205
4470,1.8276831362864683,1.6451672391174408,1.3846177852139725
4475,1.4808419208520602,1.667929954324097,1.5423788323934675
4480,1.7005364026272751,1.4616492774877368,0.7734616811119178
4485,1.2818481684887595,1.1497434185878594,1.9206304247457031
4490,1.3144898101016274,0.7922133864803083,1.3823360584165276
4495,1.4785371783079935,1.20349784465593,1.745281383092679
4500,1.3545845813182138,1.1632931052856428,2.125885379321434
4505,1.3270373572585588,1.3043991039007694,1.7255952058337187
4510,1.2857017889366507,1.536840614770187,1.9457279611355192
4515,1.3313860705347973,1.528521091160041,1.2156935742541697
4520,1.329148998402687,1.6415003708258484,1.3244658835123795
4525,1.8339460774355574,1.5920673033121566,1.6716913317801116
4530,1.360880386107118,1.3569337086651803,1.5084866344638812
4535,1.9184530989247863,1.4473336127665073,1.4553884923515015
4540,2.034938446690358,1.6772962680580228,1.383443868539538
4545,2.693699069971165,1.3429995473931076,1.6766526597906422
4550,1.4586271843377525,1.4962626134194856,1.9681897813886744
4555,1.3324614441299394,1.214465363546768,1.666798813810763
4560,1.7686649094955973,1.8512137966234656,1.2187399542581776
4565,1.6898003737128102,1.7167217010260558,1.4143787224898148
4570,1.3800886522369167,0.96774664183351,1.6101404887634456
4575,2.078997865888206,1.7752753855216115,1.5055859792432498
4580,1.3323422178467195,1.6919940290623283,1.088846965288073
4585,1.5167889880822096,2.098629640709273,1.8795963266157492
4590,1.4047551150554543,2.143865919629575,1.361708279150983
4595,2.148037319949327,1.5596969391483404,1.1414659335438286
4600,1.1472747740721938,1.4624157841021646,1.7063684464852442
4605,1.2833251760808526,1.8079405467811405,1.8299387027289802
4610,1.4745581202371667,1.6361782289344804,1.716790760100811
4615,1.5483754038581454,1.2652050899298886,1.295477451258484
4620,1.354465710578549,1.3462544092486213,1.5657532737839426
4625,0.9742132024902285,1.2808345760495692,2.0241151863539972
4630,1.9731159775444755,1.3582417204978685,1.9415152525440618
4635,1.5753007498945082,1.1282840331117368,2.0218984315526587
4640,1.658676960656726,1.5377432194727056,1.698181276750198
4645,1.32185317503821,2.13734017485464,1.5593619675683625
4650,1.2694078692721391,1.6795883310961572,1.3187484017879423
4655,1.0916005735786094,1.1225289822958684,1.273357077900095
4660,1.7497707203617847,2.2781534462090485,1.4254709785104966
4665,1.4510160712407667,1.6181730689417928,1.2994659121724037
4670,1.5379062307532323,1.3452045825195826,1.6272867955259327
4675,1.54340873572157,1.4242842982087263,1.496791038014544
4680,1.4539864040265669,1.9131838296494537,1.2535581574435877
4685,1.1992959038682816,1.2629893047822633,1.400602396300428
4690,1.4339914506044913,1.1939766257303972,1.2954760159797551
4695,1.1953367602399187,0.9353651507795213,1.2591424303587142
4700,1.1946592891909933,1.7747914068729052,1.6007175418476824
4705,1.9797391022526072,2.3567440627377763,1.6940907424786789
4710,1.8986544996471237,1.4797251312678599,1.6470582881178657
4715,1.5163319607737578,1.6091750525144868,1.0876666986128536
4720,1.6353781739805322,1.7804982447362976,1.6206345114167133
4725,1.4601027931120572,1.8415924230093719,1.8266176912888117
4730,1.7682079597916132,1.6132523984371965,1.634236315362379
4735,1.2114077421171883,1.4955258387790802,1.4232230184121997
4740,1.0166134516512755,1.8567697553056992,1.3504622122319931
4745,1.5676304946695956,1.2353906413918692,1.7633742502046268
4750,1.437836671499595,0.7972434184603969,1.4255965411819056
4755,1.0099955195080725,1.1287975032203308,1.5470711276811884
4760,1.5547604308551413,1.7330608139556878,1.7441763588778523
4765,1.9701098192898439,1.3764901401652643,0.8313746364545205
4770,2.224647530607732,1.93555566488048,1.2940008313200304
4775,1.7643444355731615,1.4133229100793012,1.8013470679631676
4780,1.744424403762786,1.7853504283945374,1.7494392285895661
4785,1.6537193273359188,1.1363186066467175,1.1715478198956808
4790,1.1267736111987863,1.6083416853263288,1.739940546133184
4795,1.2321411074315063,1.6409540722488887,0.955512952810079
4800,1.7472529267773536,1.7688990324076599,1.2257897291174942
4805,1.6916274067773316,1.8246262044125539,1.7713919129112692
4810,1.1553207359200632,1.235731476717263,1.3743021786049852
4815,1.4694391864116367,1.2481623329755223,1.5716718589745566
4820,1.6347912698401208,1.5039941261041854,1.9532967639242997
4825,1.643408889465808,1.728323922680602,1.7269295576609642
4830,1.5657998758783092,2.027691478035109,2.0372930149254653
4835,1.572145670251179,1.4144367699383058,1.7664054205182804
4840,1.358129824178658,1.9345363728501201,1.5592945759024515
4845,1.8479891271768647,1.567676638228383,1.3071837546569414
4850,1.068645179443663,1.6395598774822602,1.7768475668154329
4855,0.8060100572482931,1.37086330592932,1.4037797850142075
4860,1.2956531140590626,0.7102747759112319,1.2464511608117386
4865,1.781308980327742,1.1603593541754056,1.142795669211812
4870,1.161995089845131,0.9275191126623525,1.1124190551984583
4875,1.6101718195111057,1.9793174165174943,0.9109613459720763
4880,1.2134940254775772,1.7367063826533298,1.4804752683348452
4885,1.3768999081566526,1.1393116640511907,1.0021198251750136
4890,1.3508597444770714,1.6659979145473065,1.3027464913579458
4895,2.055809378770584,1.1805329768267163,1.478904402239589
4900,1.860190535001057,1.279145171831682,1.5838761036056037
4905,1.3955839751058503,1.1604108109339053,1.3152550258990154
4910,1.0685188619161765,1.2057756041275844,1.4926862900782838
4915,1.5266924178440344,1.470290716753982,1.5580763330987772
4920,1.737594887308624,1.9187336410245752,1.7908629070934576
4925,1.444831390192089,1.586166358129612,1.9831623010820145
4930,1.2912836296921095,1.3564893789544499,1.6511231271854063
4935,1.5953009199305141,1.517899022752239,1.5252451469705948
4940,1.6702564144191596,1.015929573818609,1.186045800993711
4945,1.8011112604560253,1.6290245809043151,1.469552295888879
4950,1.2605130627655625,1.4782312826386839,1.7812217682776461
4955,1.030133744089613,1.6306932077423757,1.3451998395774345
4960,1.2754706736387564,1.7186375043060558,1.4960731624086097
4965,1.3441059854639805,1.9408497028212068,1.9453396750785474
4970,1.5746950499198342,1.757888513366261,2.245685049926667
4975,1.3269189989478083,1.3782689029443604,1.3459951449126257
4980,1.550309717138336,1.9000087194955242,1.7546464258396097
4985,1.8666521551650743,0.708073575053495,1.5650593129093604
4990,1.9235629318134118,1.2244072112939306,1.1246279566652948
4995,1.756089500201142,1.135749543292561,1.3900238723123954
5000,1.6848860292770744,1.3394500264165945,1.676978314828343
5005,1.8971994930589484,1.2509990068686156,0.9184352633205346
5010,1.9772373527871783,1.7133193948015604,1.2753323297048327
5015,1.8030491635553363,1.5369191319026498,1.6341858094794468
5020,1.5437598711449676,2.0058395075795996,1.1256305299533285
5025,1.1662605155505623,1.340439587579343,1.614108175418578
5030,1.8907054022117595,1.1578839153968952,1.4830765020799828
5035,1.6916096593948375,1.5362709572377546,1.6130914951657884
5040,1.4026794723186562,1.5456994625451526,1.5994122861362192
5045,1.0220451382787525,1.3024604343982833,1.3721251864299515
5050,1.7946620695076487,1.7194791274627117,1.061640161907469
5055,2.152375996441235,1.5420902593587127,1.8832499333160393
5060,1.2924010486261437,2.344162921872421,1.3989750424395118
5065,1.5231621682846856,1.4348993625551698,1.5099186337442714
5070,1.3881835806344682,1.1045706787968963,1.3245842964031735
5075,1.6254780052929054,1.6922513628750808,1.4849671932929625
5080,1.5357459296617824,1.0294661784541135,1.217742531893225
5085,1.0459621190911044,1.368141669631853,1.5366030018271395
5090,1.736271407105759,1.3907292849239754,1.5005284350295527
5095,1.3342272256113599,1.5815722920842903,1.2006944122615977
5100,1.1650682798624397,1.2373706613343982,1.4212316852215745
5105,0.945322700597403,1.7143845983846717,1.5756512389384498
5110,1.5399711780718313,1.7189221702593032,1.1464351821601064
5115,1.4960431648139492,1.0773961158177756,1.0605246621384183
5120,1.4071741047183555,1.4499728880197664,1.7887491820956527
5125,1.1963768353318136,1.4156080115316878,1.4574692579090556
5130,1.4294557366512965,1.5354381507640125,1.6616919800651528
5135,1.504448292328304,1.251435395160099,1.4326501438126373
5140,2.5595175053268453,1.2806935748369808,1.8634425867548412
5145,0.9900586486146646,1.1662348873919244,1.6839110634284575
5150,1.2693310058630054,1.8164244721506648,0.9346258996599881
5155,1.3286981967602118,1.7986779472713983,1.5522305173042497
5160,1.311367611057971,1.5244299625243962,1.2478290490601391
5165,1.2229894849734309,1.7980645547457546,1.1044451772662456
5170,1.2607413474483176,1.5159262859587999,1.3896604095263154
5175,1.3612819627605113,1.7969433856015753,1.23890436586474
5180,1.5375597271402046,1.5621898397650558,1.4085830684131377
5185,1.4840020078264369,1.5532554978311157,1.15410353533919
5190,1.3664317083496877,1.7375565549256893,1.5426677405026288
5195,1.9528447252521852,1.492437323487285,1.8479943762047857
5200,2.0091716214728006,1.5125309068419226,2.3298194620107906
5205,1.844859462744227,1.6613747554313019,1.3496870705893036
5210,1.1957444183338615,1.4167798979912323,1.2686017468997735
5215,1.081021825287669,1.523890752690662,1.669709996365806
5220,1.2517840165798446,1.7600545781585177,1.5602562148609205
5225,1.62667516567999,1.0641267495501054,1.2458136498782262
5230,1.222244485914,1.671322809381883,2.125016566059945
5235,1.1167124077690425,1.1035052453371907,1.988456481919894
5240,1.578244363758086,1.6070894815898709,1.799064487555234
5245,1.6291993567788863,1.6709697162331119,1.6974246016136667
5250,1.4227179411997617,1.209640840534375,1.8309553184444995
5255,1.428265222295901,1.4477326224060107,1.813244045324255
5260,1.7354199778814436,1.3306558350301474,1.7799999253402659
5265,1.4423832894991155,1.5703183117879254,1.2975949351384548
5270,1.579275555639662,1.6021679465332623,1.5953225773943018
5275,2.156340728594082,1.6226169651180242,2.192883573253261
5280,1.1255883990289675,1.2302726976574763,1.6518516982695552
5285,1.2137857896141395,1.461884073793058,1.6950705808746906
5290,1.6409858459021236,1.5776132041054967,1.1507157329501956
5295,1.0795788084470814,1.7688590089724092,1.922762566380391
5300,1.4184125317755139,2.2843225152693467,1.4147941444240608
5305,1.2777983638542123,0.8385782081773546,1.7755904680637886
5310,1.7290389023323387,1.3845233989949501,1.1108733783908025
5315,0.9611212575043178,1.8029781952700334,1.5141541333739652
5320,1.0342588284790195,1.5586896942508293,1.0793827016658741
5325,1.4124520794656394,1.6006246278376048,1.8231369873685888
5330,1.5265919308574467,1.5799466516732241,1.6944049367611984
5335,2.257113601875625,1.1174981643638557,1.8602837307601794
5340,1.4973245389429104,1.5304175325481002,1.2947486726700155
5345,1.7815973294065595,1.6369862785602098,0.7190321057671757
5350,0.8966005356670996,1.8456380408337896,1.7102965858907426
5355,1.3300151122659698,1.9950914596691574,1.7034982515890953
5360,1.4657371783661053,1.5062213961900979,1.2939007377248442
5365,1.3485956884878905,2.066501740220893,2.0486272683305704
5370,1.970966159290029,1.1456006075591922,1.6664511274575615
5375,1.7888673671991175,1.7529654600065347,1.9386957889246688
5380,1.0041932104826738,1.619072092012416,1.5058820619242357
5385,1.175455237629868,1.9445355672319626,1.4197825262981278
5390,1.676872322678524,1.6964423461307374,1.9851300369302156
5395,1.4765903204113913,1.162857624597266,1.976701744802852
5400,0.9502402126337575,1.2793530089332497,1.8427467324483342
5405,1.681024923676526,1.491116523068467,1.0074290257592264
5410,1.1991427201402525,0.964657794040444,1.8754752665103784
5415,1.1446285496773019,1.3212271669377975,1.2951904129685672
5420,1.745713872630342,1.4558598837727263,1.5000574409489766
5425,0.889974999728326,2.1524057305885966,1.817017839119908
5430,1.2611063441718677,0.9105391068520939,1.1139955164735038
5435,1.37474674276997,1.2655891937065464,1.1896016398891356
5440,1.2387976972144141,1.7097460975018366,1.6520649505149725
5445,1.6359953583799751,1.5399174624216938,1.4656063840131481
5450,1.8183384678181616,0.8296408147864203,1.6230886336883716
5455,1.6520455016253517,1.143005500878844,1.4689913214464243
5460,1.2713705045014092,1.5092610803472126,0.6255745197466656
5465,1.4978996401178186,1.858819156825392,2.1258753859341466
5470,1.2996242273728729,1.6210016732295625,1.080510691483578
5475,1.591634562363454,1.849613955460839,1.0496974992669237
5480,2.0229159376837447,1.6128950942889126,1.3915106339203986
5485,1.6244233281845333,1.4953511056976725,1.9498280900941807
5490,0.934730637767908,1.7749896685864823,1.1213023034194523
5495,2.0709891409331127,1.4117508614048653,1.3000385290926038
5500,1.2532011839485238,1.904902482043308,0.6451246717738911
5505,1.0508277692889707,1.2082046271020883,1.6462778728097933
5510,1.2197308199331967,1.2035655671398922,2.3142549535715893
5515,1.292430344981459,1.6318378405316971,2.0063248604866506
5520,1.8203177343108585,1.6182167958205156,1.8814059642219487
5525,1.1850167762333794,1.8065139471679172,1.4753156780525363
5530,0.9056886522378318,1.5212124186828802,1.0413891711176944
5535,1.3444441460496943,1.368375609675365,1.3219763574225976
5540,1.6012719614763362,1.60636991928235,1.6426297799733351
5545,1.0260354325425471,1.4101232888137085,1.147085495790117
5550,1.4506542333810881,1.0519372884408305,1.5599578555790596
5555,1.9016084120081624,1.3930396085243577,1.0587342845608325
5560,1.7125555714256617,1.4774930039238279,1.1772265225793395
5565,1.9810160616754904,1.1713633265756112,1.3136410263444764
5570,1.238673640958537,1.5428749688237355,1.5356616928557991
5575,1.4208664947189595,1.3781954811222692,1.6180386631956265
5580,1.2023477638690436,1.4490252499488476,1.5702157366133844
5585,1.6751066918002147,1.3015633517990821,2.0369555309147365
5590,1.8215782603938406,1.4732617959936438,1.4420643124568078
5595,1.4890484285998593,1.4098081158685485,1.5645823025590546
5600,2.2048148113900785,1.3320639495794762,1.5884373278449455
5605,1.5152347559238648,0.790336851010931,1.8013477365624027
5610,1.4874393818805967,2.245958947767094,1.6811292011036656
5615,1.24878632476319,1.4413460431047043,1.619378149708569
5620,1.795139387045813,1.1001007572399808,1.5637294186341464
5625,2.1361903207064232,1.529395213977106,1.0251708451479107
5630,1.5541324854294825,1.552896627610259,1.3759056608186897
5635,1.515337552337387,1.4958207023868615,1.1239466989949267
5640,1.9249448374012381,1.3790961260438774,0.9407929785017817
5645,1.8453870177453633,1.7251108578453227,1.4138693670478901
5650,0.8795194030946191,1.835857191480431,1.5305630581904133
5655,1.9916470204081458,2.1682270378982818,1.4405670173174379
5660,1.3945072926585638,1.4601599613971017,1.7302278390275432
5665,1.205844253994673,1.7067247845412923,1.7323250725408423
5670,1.7778620332793742,1.8133895652129388,1.2598353779204439
5675,1.4640911828043828,1.3673772988909192,1.9356032578219846
5680,1.8153155496369366,1.7875565973814487,1.71375887102268
5685,1.243765982944712,1.4152444139013176,1.818816612394897
5690,1.3616665851624405,1.3907322668303832,1.461484604108877
5695,1.8608183677163257,1.4715039843455815,1.2395342862859677
5700,1.8891421598433507,1.007425962073953,1.6327577202206682
5705,0.6832701337212872,2.032652614550564,1.067676389688876
5710,2.0691355090038126,1.2077668298933477,1.301994386827988
5715,1.563279629606479,1.2933954983596134,1.4671333208103141
5720,1.1814957647399285,1.8912951434575762,1.4986579580885093
5725,1.6347383740366288,1.127635971068237,1.5862846689623664
5730,1.7586254812563398,1.6082649274409413,0.9941189737999541
5735,0.9692045558669791,1.5040094681109362,1.6497114209308168
5740,1.6097893333194495,1.6924248071709875,1.3530781625100006
5745,1.4156763720629104,1.0827604447940509,1.1480097981371222
5750,0.757306960122981,1.0759689109773,1.9069219584483945
5755,1.247398715098528,1.1944177087251178,1.8284212135361466
5760,1.6048615079492945,1.7601341611020147,2.1759272140974444
5765,1.345907644040243,2.067441531657888,1.7392204122762234
5770,1.2858845321627002,1.569279781516621,0.8947624631117185
5775,2.2715484855651216,1.230582265664522,1.2266048541553454
5780,2.011141971598499,1.7422769694611677,1.7632282751383581
5785,1.3518125956006037,1.4890704024927788,1.7208449571932307
5790,1.040753708482081,1.7697881953552959,1.555575466332009
5795,1.2838039060740956,1.5641801896804703,1.2748549350697334
5800,1.576132992484662,1.5476980645538194,1.4825310997685153
5805,1.7326162770410058,1.5335637701014038,1.5920105878709585
5810,1.6305947597588264,1.7408919888933807,1.5591166633534945
5815,1.2545802801734047,1.501938492888371,1.3695958519127134
5820,0.7115302911749305,1.732600844900209,1.797552400061177
5825,1.6127401247175182,1.4688212666022389,1.6297148756165107
5830,1.714869358371599,1.4660665296702449,1.3724863521680604
5835,1.3677099267418635,0.9482143095537456,1.1945811537835889
5840,1.8941287416583874,1.722471241877901,1.9978999866326803
5845,1.9995861603982585,1.6280573364355235,0.8622174933736986
5850,1.3144097411822464,1.451388395853719,1.7182208156616852
5855,1.7259949017041185,1.6717831697406296,1.1236631567761872
5860,1.6316701505899016,1.728267513441247,1.7687959160035782
5865,1.4085528795659943,1.5817015521992646,1.813480415820068
5870,1.704767356275188,0.8258147709172236,1.1351412324389873
5875,1.4631306217187865,1.6012651201180377,1.7874542526622104
5880,1.49397157538531,1.889268830001381,1.2322521562899595
5885,1.611961852919763,1.286315694020401,1.5047186578291447
5890,1.6389148408501568,1.3203532591559515,1.529506840750808
5895,1.5555398211635882,1.3097731179788128,1.0885064822560735
5900,1.2287233199210386,1.387056325273844,1.6992099754800551
5905,1.2579399941512122,1.2337846962953287,1.3977330072193785
5910,1.3249393342018085,1.45986629003388,1.7200224917772977
5915,0.5773119192130298,1.2487529886842923,1.3255391685999642
5920,1.9316809850543,1.4540977460681488,1.2905349851065646
5925,1.4275299361970073,1.65760419111168,1.2560144268336992
5930,1.1739214714949484,1.554219686710622,1.6488331888611454
5935,1.783892937049094,1.1546610144543412,1.5670195362739785
5940,1.28562923328745,1.2397157093154128,1.5308743615018903
5945,1.7251857166843974,1.480815499015619,1.9504416702059926
5950,1.5876614897778698,1.5659914637907058,1.9875220098100346
5955,1.1154358281385985,1.8204534765619877,1.3019120093103207
5960,1.3848044260729968,1.6915651464797867,1.6676375365414358
5965,1.615791535901618,1.5332566870851283,1.2802168165058705
5970,1.8691956029617445,1.1857369495676944,1.4098431243306813
5975,1.9097691424753784,1.0103319350822577,1.5717643742875955
5980,1.455828514574012,1.4361917477093187,1.5282100805565912
5985,1.46573203260225,1.6454378912725822,1.6245199511652457
5990,1.526029741094633,1.9502704065626886,1.246501624303456
5995,1.5475122166119488,1.848894620899165,1.6570022857767863
6000,1.7331285028950394,1.5780524181211026,1.6047039538334091
6005,1.7783049609951398,1.3419796085191615,1.3726068062127856
6010,1.7852563242349766,1.9416937311632818,1.4670160930993654
6015,1.2324090478233307,1.4788632266271333,1.5093002743865913
6020,1.5530204211415384,1.4010786768969898,1.4586887514504754
6025,1.138540549714426,1.1122261116737016,1.6391552008800891
6030,1.9658067621285509,1.7764911706750088,1.9031515205978682
6035,1.4581337245397905,1.32054037853967,1.243309598383048
6040,1.149257407472622,1.2497377213221679,1.4594304241405696
6045,1.329657390847819,1.123480811773981,1.642553320000172
6050,1.1022901660911244,1.5180017597639726,1.3876087070498908
6055,1.5630487503424766,1.6052367326500296,0.929569204081098
6060,1.8522767896182475,1.4859913060373822,1.3868499663723999
6065,1.4505207782307041,1.5775560026910707,1.9101835092853312
6070,1.2825576094747706,1.4328906632474319,1.2849183808854328
6075,1.6803777480509023,2.0780591642100776,1.3605492473711744
6080,1.8772813946515159,1.317301038648535,1.2947912390320833
6085,1.8547921342394753,1.4278300786872506,1.6166764128702815
6090,1.6472614331887325,1.274269007690373,1.2699137094396722
6095,1.5032495628851115,1.4721817820642977,1.259742956550515
6100,1.4153928085037948,1.450520997413469,1.4095897558093489
6105,1.4301907694005707,1.8522456948394541,2.022069086912208
6110,2.0498771478480546,1.150480938208376,1.0593791636550132
6115,1.6511820660492238,1.5069428867092955,1.1435736694146208
6120,1.2213211250996698,2.213850839819116,1.4639268071374147
6125,1.2622658866678107,1.6183695804724683,2.014515751109027
6130,2.2271582652877644,2.053111757234598,1.6550034528401814
6135,1.6095795723898332,0.9527507241548416,1.1415399040528103
6140,1.7908047523554946,1.3982532638219034,1.7552187338260028
6145,1.25598150283903,1.4996163204991524,1.2860031433345283
6150,1.3368819993833343,1.5639407545212631,1.7183822280703036
6155,1.7280245988605367,1.3341496846952878,1.6723000897228084
6160,1.247140497490905,1.2769226322074478,1.2767662369676762
6165,1.473389438570705,1.0594928582404508,1.5987712783119832
6170,1.4232382411179292,1.568185039933242,1.453257294266192
6175,1.5043577025305928,1.0020796773408127,1.2770380023237853
6180,1.5812377062560359,2.014285014328624,2.0516512616976454
6185,1.7934539846079256,2.0369980170165203,1.3205283257934022
6190,1.6098311934634086,1.7839214192980166,1.0886507453967333
6195,1.2914867359637152,1.1897273446574093,1.5468274837929121
6200,1.8598722244565842,1.3809537151071727,1.6570184842505131
6205,1.266449139896455,1.695525253234201,1.190379982543898
6210,1.7511593735344713,1.1413551369658639,1.7302455346572925
6215,1.1247295815550653,1.292067066976781,1.9626179025232133
6220,2.0031464064099653,1.550241228060965,1.66749564031899
6225,1.4681663359550998,2.136264252578431,1.4990785507231195
6230,1.144115562483969,0.9710628719852135,1.6747754644760147
6235,1.2944792180084215,2.048092525732545,1.3703895257435723
6240,1.3306383085667055,2.0008313497410195,1.6014670280199437
6245,1.4822215683477526,1.331974810098881,1.532944379398829
6250,1.309132288771258,1.4110823445360456,1.2749620949469544
6255,1.5419223989870723,1.2475531632421428,1.5735244822905476
6260,1.3440706750232785,1.499870374175432,1.6218835824366749
6265,1.5254502422338585,1.582888060317923,1.42251524440163
6270,1.7647321587136213,1.1350945235114893,1.3259376806562988
6275,1.6978099445226857,1.8297253811137721,1.4761900562247547
6280,1.4620712736899124,2.086265759491681,1.516740860158343
6285,1.5366030687937784,1.690954778245505,1.228670274676381
6290,1.639301338241523,2.0596049299285153,1.1000696914243697
6295,2.1607899082060125,1.0141840557795447,1.1637298783090062
6300,1.5327374023550384,1.6310563102486457,1.6523986373923805
6305,1.8154169454107307,1.6742553253661816,1.4923360695634893
6310,1.7775955881146381,1.1168746401585135,1.4575495556648892
6315,1.8938607652778165,1.7492823267214275,1.1002756778233693
6320,1.8403776390668904,1.3375518876529902,1.1821228346938284
6325,1.1117809853054283,1.2461829140896787,1.4565411339109249
6330,1.846796213798214,1.6738215487096215,1.4717810965476927
6335,1.5018001576791695,1.060800924685022,0.9720987188088014
6340,1.2255055491813662,1.8030085774761744,1.3755162882574434
6345,1.330748198865923,1.6343354498594747,1.702925011448163
6350,1.2094595366016654,1.9273407873009674,1.3526169689568093
6355,1.1513928296877498,1.8221646974674877,1.3172787616889554
6360,1.9680001181526987,1.0156363052831798,2.1061967623511784
6365,0.8661651270894838,1.4496009693928502,1.1759154681804482
6370,1.5194468891525321,1.5070174729244812,1.0638870493655905
6375,1.510305085243788,2.004913905019355,1.6029475583627764
6380,1.1150471495551533,1.5295479657413826,1.5996291231279174
6385,1.2691515657902104,1.4098032673355156,1.6751319456598908
6390,1.6388742575716377,1.4681082327328387,1.5801252315742123
6395,1.869583239243462,1.8509822243984067,2.276712434411789
6400,1.0932938963204961,1.4419173128286413,1.0551584574082171
6405,1.4408411690479552,1.192389931083779,1.8075940585635228
6410,1.354291233442566,1.7515141828469232,1.3458080932340821
6415,1.6908882335438005,1.4308567961159009,1.6547012697483796
6420,1.3731384892142569,1.1693377967042782,1.5801170480079698
6425,2.104908928066539,1.2328640563331767,1.5556575122498695
6430,1.5614341005062362,1.326136474400105,1.4498460234663912
6435,1.1742844349447499,1.439823041484967,1.5620306804965267
6440,1.689717217237991,1.6249224696033693,1.7986505752522293
6445,1.369200254484777,1.7715399011940829,1.1925194612852121
6450,1.4714869301987867,1.5666781090803623,1.4284423059345281
6455,1.3894983817953235,1.066359142105396,1.308368837220718
6460,1.6959537024747493,1.3237380962610161,1.142672533818216
6465,1.7167764149225777,1.343527272241357,1.846010432850061
6470,1.4679623428120585,1.3760692538606627,1.2684522375338767
6475,1.0178568168430662,1.0146981481671278,1.5116848364476188
6480,1.8765933185886101,1.5818132067756,1.3592099225507521
6485,1.9493245897034557,1.6814779243475861,1.6781249053002587
6490,0.5069845013390554,1.2947131935723506,1.5571213178656862
6495,1.0707780918083767,1.7503109799594498,1.7943061306597408
6500,1.7635357165578731,1.2672956666718915,1.4089220534992921
6505,1.8098299122846124,1.5439034907985756,1.1933468000162262
6510,1.453222154426855,1.3026641086790907,1.1841324015619712
6515,1.9865538785401275,1.33809558451342,1.2172617123607148
6520,1.2732607478000786,1.1865791263696492,0.8102507093704532
6525,1.2281270985771233,1.290974490094937,1.4383125562329357
6530,1.2522575998938412,0.8802883052705186,1.3843118352471777
6535,2.120979740535098,1.6239001114478149,1.3335851282528117
6540,1.5905896685881837,2.007447000612223,1.80650842664637
6545,1.541745230129363,1.7950559508702022,1.8561492632681142
6550,1.246190887491951,1.5365981142821838,1.4097491421093882
6555,0.8250973074301647,1.0170297400931458,1.0003618447473057
6560,1.7742883114281829,1.6773150498092186,1.870616507976937
6565,1.3637028385805794,1.0120020437508108,1.4634424245488298
6570,1.4535770263990975,1.7281060958530194,1.6466689548970146
6575,1.9110845872812323,1.404415628813242,1.354606225783853
6580,1.4638136355690825,1.0141814056207747,1.6713230957743652
6585,1.8316994792216903,1.6959655594890892,1.7643452587982007
6590,1.6284089618112318,1.5614143552950677,1.3985303731048246
6595,1.5327291190197407,1.6160887568381452,1.5233985800156469
6600,1.0974140815115003,1.0955768915569892,1.6550780339697448
6605,0.851996067604465,1.6405175558976393,1.9347378373187663
6610,1.2698948238397063,1.6239637233173916,1.6780233314361246
6615,2.0796017477842144,1.2929678900573227,1.6286695475226642
6620,1.5964893126133728,1.4848647367613086,1.696591315947049
6625,1.477926784508966,1.730355025853583,1.4006695677790733
6630,1.1339663332882002,1.28810416043917,1.2714888298898832
6635,1.0966513432635836,1.4615605428040959,0.8649373591593659
6640,1.4426638622776884,1.3973589970740221,0.6994199426070067
6645,1.4042670934604091,2.197516907298735,1.3577651637791226
6650,1.542058811936334,1.3678470307322144,1.5002314970390909
6655,1.2046227588323217,1.4991869747829891,2.02429006061216
6660,1.7606458998216135,1.0449145304166871,1.0567283582601947
6665,1.876375346826379,1.7204960216665772,1.4730407279982418
6670,1.9562230237117495,1.641211988392232,1.378642370599033
6675,1.2695413904446782,1.578132622813558,1.449241752724164
6680,1.565729846127111,1.685498215429821,1.426810285695603
6685,1.3293272359072588,1.5506485811527002,1.942270078344975
6690,1.1627801579387085,1.1818487539410123,1.6827339403023491
6695,1.4316566875296552,1.2946173900493712,1.7886653959420333
6700,1.2469258532164158,1.6872902365913875,1.682934190486689
6705,1.3867484464483562,1.3910087762436125,1.8256489823096282
6710,1.592807306010637,1.4690914834682112,1.79181369905487
6715,1.4956135014225196,1.2366792646845326,1.3937731476673112
6720,1.4234019442526646,1.6810811927676585,1.7504631145104148
6725,1.1215400396075244,1.7539949569240119,1.5442280985253052
6730,2.01296323534139,1.788243358829498,1.396995880831224
6735,1.782938303719497,1.734616779065792,1.3082898731738943
6740,1.4310396626846549,1.5571946637599543,0.7670773215425196
6745,1.7224151529172054,1.3497352473237458,1.3736470308303206
6750,2.105908537111554,1.7017600521170555,1.7084132938937908
6755,1.405844125071328,1.1083782457098694,1.6237664341440343
6760,1.6837730067475314,0.8890435811369221,1.2981306886792383
6765,1.518244898169461,1.4556852022375113,1.5305304028833342
6770,1.823739489616536,1.466437022250388,1.8233938921562993
6775,1.3783884685433214,1.5931673557015895,1.4036633195560024
6780,1.1227928505572817,1.8793904099620202,2.274196700508961
6785,1.460614723512077,1.5108252659819212,1.1220467064741944
6790,1.5960039774629982,1.7760914847755234,1.7155623981665202
6795,1.3856320181284278,1.5465279378938266,1.5431159275120914
6800,1.4597048138431727,1.0843603270586355,1.647926568562781
6805,1.8041061512755219,1.3032090418822186,2.112842575488215
6810,1.375498470248476,1.6736276730489545,1.359765731657439
6815,1.143587593254229,1.1135933317478595,1.4300645361845084
6820,1.3449355184612344,1.513015121834375,1.3982170192697934
6825,1.3196051119292531,1.7736791646584344,1.741880094049856
6830,1.7144049246557984,1.2202422549370107,1.4096689408795455
6835,1.6668406619691165,1.3858594203735173,1.6542604109838162
6840,2.029472272416188,1.6672034744847812,2.03317576889478
6845,1.8236401146263144,1.5652360260743037,1.5682791680718495
6850,1.6512713019528644,1.3079700215223653,0.928390200725643
6855,1.5824801201948004,1.42923770125632,0.8385884905143507
6860,1.0357110086134482,1.1446749585467493,1.5140824063039273
6865,1.1627669915876226,1.749902957166318,1.2534103205977727
6870,1.512176181496471,1.8364391992324336,1.719115885368085
6875,2.086981675879877,1.5572558632709919,1.1398151745696503
6880,2.046173362864235,1.1265731170814484,1.2806994808266015
6885,1.570905727762851,1.443342082302619,1.540229774964323
6890,1.354471399719131,1.5508220572324019,1.278004730540775
6895,1.536083045680253,1.6601044201995925,1.5412313613241588
6900,1.5143270539463418,1.3877939153718843,1.5478457633621905
6905,0.9228833389581232,1.2311451127273905,1.4729409101885187
6910,1.9165606621098334,1.8969602148940832,2.021292966634953
6915,1.6755425892535676,1.718123338003819,1.3127968812783692
6920,1.0496640263451795,1.1889772383207613,1.532900244000839
6925,1.759238444062627,1.4547581713369808,1.720776886638349
6930,1.4752439479815693,1.7997244929699328,1.7215649692591621
6935,2.246902820840851,1.9446066532190336,1.156576390337067
6940,1.7655540296895513,1.6635057803023012,2.409049520656295
6945,1.0202197290712218,1.6479908701697754,1.7344099421421366
6950,1.362615673743894,1.903599764562038,1.2721819280420323
6955,1.4386434074550154,1.279841666738651,1.9644475265441335
6960,1.659086367337784,1.2618155780157685,1.4315930894195377
6965,1.3659255784692,1.165812836425999,1.5739448915064889
6970,1.9902202768982826,1.1681369154682164,1.6504673192355295
6975,1.9473092743560367,1.127775652940444,1.9551903586349066
6980,2.0014471327859984,0.8162049687857134,1.0022763299028272
6985,1.8756904196041513,1.588478632456477,1.506114154374293
6990,1.160373383623409,1.5125982141095196,1.5376932310097304
6995,1.5992386148144326,1.1827756094984492,1.513071252205604
7000,2.0527969137211195,1.4488658012159608,1.6839827608952516
7005,1.1777700630121362,1.4862021994298251,1.7580492263880028
7010,1.8722016933441612,1.5196662775448515,1.5416305050264631
7015,1.5930030409455842,1.4242309146991887,1.4033029520013112
7020,1.8795520276705486,1.7586741080848265,1.6969444308956156
7025,1.1985946838085233,1.4738219141261872,1.6338068788868687
7030,1.6823520763561697,1.4399843762934341,1.6167500031789634
7035,1.104964592586176,2.266212370480241,1.3719593512327903
7040,1.8160601286929487,0.9200707843719506,1.216096175762892
7045,2.2291067872562462,1.238141450718605,1.1422256161103737
7050,2.010373867290184,1.6818203187395837,1.9760976370720411
7055,1.5686880447289187,1.5695855038196702,1.3221157635414789
7060,1.4526926875572237,1.413862394336349,1.3504031875810703
7065,1.4029135758064817,1.7106589802947387,1.5182286617390415
7070,1.6511541855414262,1.4177465080550573,2.000416688107314
7075,1.26990768102843,1.1911061708049075,1.4755326280073409
7080,1.3218954280490882,1.63690273955194,1.7719035562120877
7085,1.883512021369665,1.3468352294945212,1.9007306945029572
7090,0.9966246120240928,1.4948827913937741,1.5460838613901666
7095,2.1581393895218586,1.1689019280172899,1.4446261025891938
7100,1.4568192235423172,1.9390323093905897,2.1777145872793637
7105,1.3755043369836957,1.736353167567937,1.3518228375404293
7110,1.0102420560772707,1.633762334081308,1.9076682568570384
7115,1.2828359526671909,1.5788003782711908,1.1113025538852497
7120,1.3028482879349808,1.8806940232123517,1.334449816584024
7125,1.8470652694699499,1.724346090224544,1.5598510168123427
7130,1.6702025101944118,1.3362573804717404,1.268590652458422
7135,0.6005324195843602,2.12458690446136,1.4382212475716152
7140,1.194776782692094,1.27567385309117,1.6789707293197529
7145,1.978625969364255,1.601030728954852,1.8927817748659772
7150,2.052603247877126,1.4331898366272464,1.2760083863627176
7155,1.7431382957909982,1.3809944287127125,1.220227561834138
7160,1.7698308572560957,1.7814767462638454,2.0282456073349624
7165,1.8829487067949948,1.87484639797505,1.887775988993097
7170,1.3192513224710787,1.0189557789183321,1.8837307591948809
7175,1.8249702218774266,1.619747737025494,1.6121555676387453
7180,1.5834798356543702,1.6777399720101838,1.1210280388501002
7185,1.489449885863666,1.1523868220258988,1.3570977466328296
7190,2.104494528380717,1.1490154946262896,1.1971586078353624
7195,0.8265736307095463,1.142927311837847,1.899331966064941
7200,1.397842103154179,1.65272858145051,1.1390730124035984
7205,1.5253987179682131,1.4156923794138951,1.7425622017399727
7210,1.356806848334684,1.0576259299247959,2.1277236483972026
7215,0.9835985249538933,1.8063913889179182,1.885344510990206
7220,1.1999356143233064,1.7425333871070576,1.9061618167158056
7225,1.5857851002454186,1.043142860568898,1.8627330611620248
7230,1.7087369278333053,1.8465646341448394,1.6760824427031094
7235,1.2827180264825182,0.810622194624498,1.1524680062784878
7240,1.6201119974410336,1.3988307965725777,1.535760488299987
7245,1.3986486135661509,1.4995359303749516,1.4391603142740623
7250,1.3200412029323831,0.941508382429058,1.0017150943963593
7255,0.698851596973703,1.5672778998267856,1.3404729186025468
7260,2.0378936220823047,1.317062965322009,1.4953209311973092
7265,1.1553469231970575,1.5820407736864388,1.2844367537390557
7270,1.4882776882715545,1.7258692904525945,1.1970527152934363
7275,1.6924839113913002,1.6520503917919964,1.5670478066547822
7280,1.6614092260230395,1.2823424944031974,1.9388510157360388
7285,1.1384571174793354,1.3317185419297815,1.1528777452678822
7290,0.7687441276366601,1.684193603161283,1.5100726601416383
7295,1.4317175723023636,1.9383089889007679,1.8669497648303386
7300,1.5009147820177196,1.4416845420182138,0.9468326930573701
7305,1.4060326903337041,2.2595057283689224,1.2893315245579047
7310,1.4961714345364634,1.7365197136199715,1.1870071489677263
7315,1.2462963802245872,1.741269216728845,1.8061946929300325
7320,1.9089160157943499,1.4244600852416822,1.556633091912078
7325,1.5572325079571365,1.4248105011847287,1.6247766854425927
7330,1.807487867870595,1.9402689857184603,1.9188470924408683
7335,1.2495527744238628,1.302088090129,1.8744077192416684
7340,1.8398512745318318,1.591352273897282,1.5648605248615683
7345,1.2157406268959692,1.562240225942554,0.9661078613200791
7350,1.7810788161311724,1.7441659507214,1.2509975686055763
7355,1.2066456823008145,1.0475637092795789,1.6160138177783272
7360,1.8251190541660764,1.5514686087491454,1.6904007529857632
7365,1.499610445248258,1.794303231424608,1.1400077534474946
7370,0.8544747029643426,1.3876140630549563,1.3385385622082102
7375,1.2577128388586307,2.0322100376144183,1.4337502314301833
7380,1.5654490242530739,2.147725476621797,1.7418474686489565
7385,1.2356084061731878,1.722785107560425,2.059915197009267
7390,1.0939011317714402,1.328356545325894,1.487325773032228
7395,1.2001093637898856,1.3504308537500247,1.2577171489953067
7400,1.6373017057648884,1.5243802030648663,1.599937732557856
7405,1.024862136135986,1.4290687699589744,1.1561838766194206
7410,1.7325196981537538,0.9351108231534482,1.44820855447214
7415,1.63454117588461,1.928797281442889,1.333595321408417
7420,1.4115079540922353,2.0016603562841375,1.4900438216597878
7425,1.7753077176088077,1.2913954836040276,1.7846535698797505
7430,1.7946961828969057,1.9249921030699584,1.9967513098748904
7435,1.5390327227330998,1.0764116051720358,1.4461203185213407
7440,1.8264702123438512,2.0252696409293973,1.989732377754394
7445,1.7410544825715923,1.467024515784456,1.2993049649815318
7450,1.5736637448479782,1.0044496531075024,1.696469565330881
7455,1.4684197941214572,2.067316817477871,1.3900553395536595
7460,1.823049301656972,1.67530838369859,1.2175088375822827
7465,1.5293393391857801,1.6601805686446935,1.9489210977164386
7470,1.4668461290549162,0.8418064475457936,1.1831890745328089
7475,1.777523293913355,1.5394400336040615,1.6468478573780496
7480,1.2815074552926167,1.37520489801993,1.1851055407074385
7485,1.4981622909932062,1.2662357910416628,1.69082539854935
7490,1.5926095327136702,1.028813127602323,1.6798701316328524
7495,1.4302426452650674,1.10186197112787,1.1661760907482448
7500,1.7746339988749602,1.3723488961096493,1.497739816069151
7505,1.797387804137231,1.6154068289755499,1.8618125364985358
7510,1.1426962026452188,0.9105746141378533,1.7889532142819113
7515,1.750737967883213,1.481690714093809,1.6778435790850754
7520,1.463835805451896,1.5656870761398844,1.3827058895636029
7525,1.5137935748642328,1.5685337565179287,1.1667383388894306
7530,1.7183973061570066,0.7510085893066522,1.5896478751403147
7535,1.4467242075334643,1.3098619054582241,1.1758021230947064
7540,1.5778064268299843,1.7339629105388656,1.1205068078946325
7545,1.66507425121839,1.538260631825279,1.3922908266397935
7550,1.810737452260227,1.2331283255587553,1.1444312364463995
7555,1.5358903871745282,1.3028094405919906,1.1450207328736817
7560,1.142319943163569,1.251416530693936,0.9840189993602204
7565,1.5249992114436752,1.7400021887599406,1.6433679746525265
7570,0.9127465862141574,1.8827419660759255,1.318365653407957
7575,1.3909290485319414,1.8164075078206876,1.5261560209622376
7580,1.3560968047727813,1.2150653007223977,1.5244172281494806
7585,1.4669814139037018,1.5367213815920806,1.7317376767583184
7590,1.758982764877059,1.889867416638291,1.8661608987182357
7595,1.270563091116792,2.0047336078719926,1.029886421620521
7600,1.1117104389002128,1.258392260290258,0.681185328389358
7605,1.519990153790154,1.426036966829441,1.28209573049935
7610,1.6805778044534727,1.7604833550867833,1.7744657561980794
7615,0.984937928787046,1.6453133128926778,2.0509083230840837
7620,1.1880986369094226,1.4328375854745503,1.2001702271835801
7625,1.6650181258800665,1.648874173673198,1.799117207852401
7630,1.5827975299248778,1.3393444064856204,1.6268940597891404
7635,1.61313216803288,1.0909214010088955,1.1784585269407546
7640,1.5801599428531834,1.5801896832596403,1.6013864263116393
7645,1.0365515334989688,1.5915185353969024,1.6819776288562676
7650,1.6048030337020653,1.7909964893262083,1.2724571794549995
7655,1.2839378126964474,1.722825041740427,1.480303216345
7660,1.9608031954980691,1.5246693015249253,1.974164306999262
7665,1.2000491209465904,1.3474394568790429,1.6480175820761718
7670,1.3936597066207508,1.5833145561789614,1.7422258385393106
7675,1.344046156850756,1.2857046984289586,1.7411688504753657
7680,1.885728182552412,1.8481832222313521,1.8660616899512446
7685,1.0150715942768618,1.7688672333362443,1.965340393893452
7690,1.1943580813223789,2.0923270901985562,1.8674933330203136
7695,2.031540278291517,1.8632239258594345,1.5925492954722067
7700,1.6524974351891173,1.6561064203517024,1.548708634863193
7705,0.9594970834863181,1.616663560422062,1.3825028734494094
7710,1.2534340582872454,1.9446270386732198,1.9136520881740646
7715,1.4448639261849108,1.27398452107054,1.6005841430479177
7720,1.0090063976919863,1.6501220516562638,1.0622629733045226
7725,1.1990766027705364,1.486747248084257,1.6847601429749965
7730,1.1423920469711406,1.6015633899921893,1.7440916829094029
7735,1.572587660813697,1.2199605997660052,1.2160597549925738
7740,1.2987455526336498,1.6253310925891693,1.6695459138618134
7745,1.4110243225715606,1.4542213351102933,1.661205084400193
7750,1.547498579506796,1.489636943279997,1.0979613930236334
7755,1.2002671424435813,1.2736465166237643,1.4417110782914966
7760,0.8993537757125952,1.2457218926396165,1.2831588906833231
7765,1.6777420342950236,1.3244743656119466,2.1301485162320652
7770,1.5302780299665484,1.3328169928881297,1.8116685663030787
7775,1.128138034548371,1.1903683408395453,1.5841599455490283
7780,1.7750117135987276,1.7965276094091944,1.810186944612645
7785,1.9349253785021698,1.129791729925697,1.705583359870598
7790,1.676797209854185,1.7217216493282337,1.6369711303193797
7795,1.0836940896309692,1.5703346655923613,1.433564663814627
7800,1.579159643418413,1.5181303170333795,1.4414706563005957
7805,1.667999772357952,1.3491980308282756,1.30990768248444
7810,1.9507460978865987,1.5042967153747089,1.4667843125291513
7815,2.058868633631407,1.170543824044452,1.7640517956280093
7820,1.6038645411079457,1.7656083037995383,1.48271964019198
7825,1.8046566249590625,1.7952401562291618,1.7214500061165954
7830,1.2997163904708535,2.1547290139762625,1.623349185506175
7835,1.3793986609172242,1.4020224198709086,1.5672105221359
7840,1.3694685351261078,2.0696100056704543,1.280205006387337
7845,1.3048472674901888,1.5870717442467401,2.1464277786341786
7850,1.5602355613524166,1.7372041702199505,1.738461283656477
7855,1.1862214006995313,1.176146735985892,1.6649614114680957
7860,1.3721465443857774,1.7803677892625558,1.8769689306638693
7865,1.2691354313116665,1.797762970027368,1.3599200361973998
7870,1.70817610693934,1.5744071991066035,1.148022656287167
7875,1.5396762548813823,1.243445590735001,1.9549497185432032
7880,1.3986885737434742,1.6195990465421235,1.5313829176002212
7885,1.8395561849590378,1.177248843677294,1.4713805059091933
7890,1.1886905887510257,1.4434677709550785,1.961855602811821
7895,1.5555633178585788,1.286393083399473,1.0882836261194888
7900,1.053873659284101,1.4370860920537354,1.7701071234432386
7905,1.686462827009367,1.2922220533136455,1.336658212905384
7910,1.317132782612525,1.6003881340229749,2.1161293242747736
7915,1.367953281828301,1.791918351901084,1.6108921602796984
7920,1.310865625109207,1.3096306082669131,1.1111086923003475
7925,1.5784018111743512,1.7474134890932584,1.4361700252520597
7930,1.6121221687182063,1.9112879104994966,1.3774365337080807
7935,1.2465216815951765,1.3725707330410482,1.8187477718266494
7940,1.632508012844154,1.474919135595597,1.8076049962866347
7945,1.0536280539531995,1.6588994038438296,1.5065904836715507
7950,1.3193021318129612,1.3316100517866958,1.4883944780811273
7955,1.6430676967622648,1.5568177993809955,1.673866535624848
7960,2.108772191660374,1.203860310747098,1.8777300313919667
7965,1.3760610122470185,1.6322602082215023,1.3828639342329017
7970,1.5885341855081714,1.2655332704137692,2.027632669058316
7975,1.7277117979417893,1.1334942360131737,1.6347694806492001
7980,1.58552052040862,1.401159297612234,1.3627149165981136
7985,1.419171987983292,0.8766266078625999,1.4595241280627018
7990,1.4803708772725108,2.2198061348094944,1.5960521335614866
7995,1.4670435805073152,1.73749987495184,1.3594438408471075
8000,1.9944460367415298,1.948834280847688,1.7232210354077766
8005,1.6246150179662302,1.6484093782304543,1.1756878642591206
8010,1.3781457766902634,1.3059379646954234,0.4638542339363594
8015,0.9658060949319581,2.158062102935849,1.4185965150435271
8020,1.6187595932107515,1.1363324648326059,1.1982529345449213
8025,1.3581035298435928,1.4060837409713534,1.9342395013928881
8030,1.4082973949715194,1.1385567091309834,1.6671642169207257
8035,1.9963818826810873,1.4695521523743846,1.8269425609901069
8040,1.5924719741287214,1.2826838283506021,1.7864135791666886
8045,1.4084548595045512,1.7822730437865817,1.9435379643873403
8050,1.5007648447471151,0.8824832062429152,1.4627100025117639
8055,1.2847272199646578,1.3359660425950206,1.0305813114066527
8060,1.9815660962062096,2.266445143198383,1.2375226611882835
8065,1.2376493277158183,1.5878951914829291,1.7098961489973379
8070,1.8249197226110447,0.6704439291509567,1.8303797197574376
8075,2.052106881539331,2.1569565393864707,1.3122422875625375
8080,1.7001983356903698,1.7201997584517046,1.690021278647075
8085,1.8972391671360345,1.9792802453074205,1.6741807301119334
8090,1.358518172546855,1.3148915636133038,1.6206765287394629
8095,1.5056664157390707,1.5566148534457593,1.8137120906021225
8100,0.9504629634069423,1.2274711914813314,1.5810045500744225
8105,1.002263892589493,1.5669903890833334,1.6240449651699382
8110,1.3335632031352322,1.1966439309376122,1.868502625464356
8115,1.4936187911657184,1.4551491499287588,1.5828706647297675
8120,1.7771252553023738,1.5978833424373002,1.3850707304078775
8125,1.6128570446699608,1.7585193972406248,1.293216013511905
8130,1.7457883213458416,0.9358910509976639,1.724895295770102
8135,1.5108341923418862,1.2260419143758008,1.4465314271089498
8140,1.205151110396966,1.375313807775109,1.7406956801430877
8145,1.1221930440052346,1.7363744733747757,1.0611299341359461
8150,1.836760295218626,1.2769366004633018,1.7926442527368511
8155,1.4346238304477315,1.5209249480992144,1.865593886965089
8160,1.4042554989276395,1.4113457659974982,1.357082766587058
8165,2.4111418533342355,0.8394580525060538,1.6540161875810193
8170,1.4435594983400253,1.6477837908731772,1.3413174132602355
8175,1.356622534959591,1.2196662198304418,1.557535081014045
8180,2.196804333627172,1.8761601514099286,1.0903839836842248
8185,1.5777964164350677,1.6893583045546936,1.7517606643381463
8190,1.4093931140878595,1.6522210219990086,1.1419681313415275
8195,2.220597580556448,1.1972709785466797,1.461103917266817
8200,1.2362836963151929,1.0235697889878854,1.6637012675275782
8205,1.3490288322707606,0.7361234375653559,1.5360177347110606
8210,1.6406139258845114,1.5375057933207994,1.9169005971475994
8215,1.753711665990913,1.5344577294426323,1.2510718318900507
8220,1.3900374459811022,1.5864317632851792,1.4999771764324588
8225,1.392620751769844,1.415865861556866,1.7071824295884694
8230,1.4738667197603585,1.87512761238639,1.3785742598662138
8235,0.9502614775493335,1.1496413565091097,1.4047536478429024
8240,1.297556279513703,1.0245614163372663,1.2660667662159646
8245,1.7768697840956251,0.8767972497563649,1.571371688274855
8250,1.0378979326673905,1.4566992375946732,1.1668552909714465
8255,1.619170009071564,2.107655851083977,1.3695179357639566
8260,0.9843486804748156,1.346248823295076,1.8440511297118785
8265,1.3584221519020117,1.5348015998547007,2.061445207408176
8270,1.1897624380991998,1.4215394156045158,1.6144150087725566
8275,1.771400253684143,1.6288323268983629,1.6189352372246606
8280,1.24930657498418,1.5973073361840193,1.1455403813427913
8285,1.4373353984948711,1.965506173834995,1.3256651138623157
8290,1.4781237732358288,1.7823312812159982,1.0915478037590158
8295,1.3137463055815044,1.3912611474671763,1.4669994900817884
8300,1.5084041318205719,1.4398009392417963,1.6571362887182064
8305,1.1956658536925586,1.5206505774040835,1.3995950297277384
8310,0.9497633340485861,1.498562743046319,1.5906605224852428
8315,1.3135922864761669,1.6539874960848961,1.3489642492961926
8320,1.383399756301618,1.7903923182314598,1.60919788138999
8325,1.4141978678010676,1.7588043631865953,1.5411961790855286
8330,1.3481646135172078,1.5881770047833585,1.594622911131518
8335,1.455077876511135,1.4315034740727526,1.1574277096962757
8340,1.590327497500092,1.3146196494096867,1.7079433211008062
8345,1.5944297364257045,1.0092587069267276,0.7154510829690918
8350,1.6357721588891283,1.1890636838219732,1.047537004669223
8355,1.2838325310385914,1.2734421361098982,1.7801841118405148
8360,1.2148513336235907,1.813671418673901,1.4064883831713093
8365,1.5327455650787267,1.181883309936126,1.710200099307511
8370,1.583099335010425,1.4088807026817425,1.153396526863757
8375,1.3538015996002664,1.1802146470090698,1.3204424952558305
8380,1.614458176354018,1.6339629794103687,1.2197906235330123
8385,1.9072623132217776,1.4338602925093782,1.7616739232086016
8390,1.9419039991377431,1.8159921406473165,1.6689496171989187
8395,1.7376710854586717,1.5042253569740156,1.736526547442949
8400,1.4101082330947616,1.7551174154021507,1.217949966123729
8405,1.7259911139309982,1.024572698316106,1.6345150384563856
8410,1.7966266756457259,1.5531172650402798,1.4384256238916657
8415,1.1325300221114212,1.8301334717344708,1.4116045676705082
8420,1.1990359174462935,1.6365245480184563,0.9791373897784893
8425,1.3438676036137882,1.425624208994289,1.7695442050977785
8430,1.2668280023657588,1.2000550630835283,1.0927567385988515
8435,1.1464926371789206,1.816526279933941,1.0051330324134957
8440,1.3636015817326395,1.5529473873173238,2.2110285489788524
8445,1.4599967829738807,2.107583507509539,1.772536119586325
8450,1.4441304236159915,1.8784076247103254,1.7983633057310051
8455,2.6140516715561124,1.1369810193864334,1.4009296151073116
8460,2.013030260126318,1.2192416497298493,1.424973739786448
8465,1.9212408098091551,1.6311116108863062,1.5035727568308161
8470,2.120938195024801,1.627716455608617,1.9755171828874667
8475,1.2810843759683355,0.9546510117489564,1.2164907677034411
8480,0.7951726626825527,1.361852526541367,2.0520016828069627
8485,1.191834952106072,1.1152772841052785,1.2956409811739513
8490,1.7698610732040703,1.3098906784100273,1.4005208661918462
8495,1.6599868640319448,2.050316826414551,1.3598361130711893
8500,1.6874294352467876,1.6204694020663426,1.5715254412987532
8505,1.777615935460175,1.2924310966110786,1.3026642181008838
8510,1.373192904030727,1.8397752711933308,0.9857336633238629
8515,1.376042730754257,1.502032522373617,1.3547265506183228
8520,1.8671624775437015,1.6004052576826742,1.357301399209137
8525,1.4330119173922964,1.4566260849394932,0.9500247828963657
8530,1.8880887022625543,1.6335859922193139,1.592858282108003
8535,1.089234866605207,1.5123167006792708,1.643864897674109
8540,1.9373110646629694,1.8717621662791264,1.3286966335619277
8545,1.711587758182237,0.9798377310846303,1.6164305875267893
8550,1.2689475592152928,1.8517799790680556,1.4366009975141685
8555,1.5561987152925845,1.6651446294243735,1.6039868317280885
8560,1.3336168787334588,1.4671342027566006,1.8760997130660177
8565,1.7289073126333814,1.4026597706398727,1.3889960338686578
8570,1.8367996330246652,1.2985303403790744,1.218841639724244
8575,1.7711159462341102,1.781709351743873,1.8781170998382715
8580,1.4212803941855696,1.4147815267600206,1.48004457142095
8585,1.57729310806956,1.7319322933737202,1.8427450264737004
8590,1.4501376540920061,0.8703756702751873,1.454885492254716
8595,1.5319492694729524,1.63625155965204,1.434568501810098
8600,1.7077969656109266,1.7169561694362,1.5646934138112176
8605,0.8213087810443965,1.2693353466739041,2.1002138081108974
8610,1.7694818050770826,1.4094212273574338,1.33547996146817
8615,1.810559223166176,1.2728980764165847,1.6575536005951126
8620,1.048723923890067,1.535746508578303,1.6152008984421853
8625,1.0644917801566989,1.508657099207651,1.4154011375480255
8630,1.298898901404669,1.3407586615239353,1.518327464328074
8635,1.1764228946042155,1.6860755144437913,1.501123303977045
8640,1.2814021035692993,2.100429174637528,1.6726418037386555
8645,0.9519371150969225,1.550452489383193,1.3951159114584988
8650,1.3609071167200468,1.519971980103342,1.3573503847529709
8655,1.125525223560822,2.173468782199075,0.5849558717846294
8660,1.585600428344639,1.5983078388861445,1.5379384088845698
8665,1.4485735885322977,1.486067069463899,1.7907462197780117
8670,1.2564967747575695,0.8991295438792524,1.5090952860564721
8675,1.68591665753518,1.3870995056251056,1.9672270952491375
8680,1.7519093316156307,1.6205688450156033,1.5434965460552368
8685,1.073063727973716,1.557260738422774,1.578120484715266
8690,1.8633402339147758,1.667096229562458,2.084504879083339
8695,1.2377344606937615,1.8618063581182975,1.6145803146606288
8700,1.490078526766896,1.8981722106225516,1.603083294249277
8705,1.4990222953309782,1.1379184002160592,1.8993868366287332
8710,1.3453798340377066,1.1812312823169808,1.8006678899364423
8715,1.5189196932854372,1.4381098850626404,1.470090320623789
8720,2.0150075924770516,1.3276377560247494,1.6763032796167234
8725,1.5654884288564543,1.4741125571477482,1.0802799056384296
8730,1.717858385419329,1.8217733501702331,1.465971484760701
8735,2.207291083083395,1.2024321553690986,1.3674201006649447
8740,1.3859594125491108,1.1644835553198474,2.155665700170921
8745,1.6839941253250839,1.4160299037362918,1.2033903529481393
8750,1.0358139307208485,1.2476567464720185,1.855508365278831
8755,1.9524734048572496,1.591424099633132,1.0261794808240208
8760,1.6004636343805514,1.948617717862568,1.4580397399805645
8765,1.0089688357059234,2.0761381946104183,1.842804413063274
8770,1.6684807781577398,1.4654411031110803,1.7065874724886447
8775,1.0038420440610285,1.6822572632119346,1.5594517835971984
8780,1.0921355029429298,1.187668359121592,1.272887590841412
8785,1.5180697906307592,1.6514648649434458,1.3030241891953296
8790,1.6155103774319335,1.2704790186188308,1.665622532496747
8795,1.5608258953946443,1.7285213381852096,1.9518933008288142
8800,1.6755443786948023,1.6099838303845346,1.7377863933324076
8805,1.3726045994161096,1.522916756828068,1.3331264720269846
8810,1.9081129097638985,1.2812143044389326,1.4503080201528666
8815,1.5958399449246592,1.3180764158664926,1.7766163151232421
8820,1.5229552635272352,1.511215230257583,1.4734930804250863
8825,1.7237708423711382,1.6275956574158312,1.7475853360929514
8830,1.7094502876716882,1.570217043192719,1.4047860174851026
8835,1.6515081021458555,1.5415269869851946,1.5950473575872155
8840,1.3885303922485874,1.6739294001741905,1.213351943652381
8845,1.6118764674298784,1.5723273978601726,1.4174049733867344
8850,2.191600393341652,1.6909068776991147,1.5489916263479702
8855,2.1232221208679687,0.639904292445345,1.6943579920709202
8860,1.685406670861135,1.9740253432633221,1.6057628017112249
8865,1.1422546755618919,1.2326459620388464,1.2762784738481125
8870,1.419405695570671,1.3773997818210708,1.3271527728029424
8875,1.2508714795876437,1.6998432840803273,0.7890823524802068
8880,1.6360602376179694,1.5197078601474798,1.6157987246882268
8885,1.6357109741090547,1.2940454930890164,1.7993455856045104
8890,1.733447367953776,1.860876392638199,1.4552920441191448
8895,1.3255928291555135,2.0668781557675717,1.4299585651220341
8900,1.383856850468122,1.325715207055366,1.2390746234587298
8905,1.1930436592446545,1.2844042448242905,0.9915380063451096
8910,1.6480305432145372,1.1607909933087273,2.0987275249384396
8915,1.4612643726310033,1.1694500221820436,1.4704044905702958
8920,1.47151505575131,1.6547729438420538,2.068129228021392
8925,1.5057359332530549,0.8885709255616993,0.9725752640802505
8930,1.5989933650058525,2.014266294842474,1.051146421290466
8935,1.424371026870191,1.3410867471755181,1.2932429853528775
8940,1.547536202046127,2.003472185903999,1.558102058338396
8945,1.4647090878265827,1.6279598087160565,1.4600798189992823
8950,1.2961130902135183,1.4396887244582954,1.704533623602523
8955,1.563814929001947,1.6917610277598778,1.7048593659659195
8960,1.2885327471590144,1.151930461924121,1.670706866803594
8965,1.914666781151242,1.3393959049872903,1.6867132620063927
8970,1.2532367773234874,1.283212839686604,2.1884617401463196
8975,1.7997654968697874,1.7125059906277944,0.7800908966094466
8980,1.108496454833292,1.4153011941845288,0.8797218670089824
8985,1.6988478247046086,1.0259826171169542,1.6414714666060672
8990,1.531454011905012,2.415664883014835,1.3821406838605585
8995,1.2583186983386958,1.3250706958391456,1.6846665993097465
9000,1.5130653792867772,1.3319183055446229,1.4333144453032374
9005,2.239036367747761,1.5382674872866342,1.3303355118517384
9010,1.6659081259177952,1.6241998494245697,1.7540646903428967
9015,1.800469478530837,2.0374050917498288,1.639036939397503
9020,1.7079123422447726,2.3565788666890874,1.2058951162877563
9025,1.310968238923509,1.6596115960127986,1.6034402304046853
9030,1.6481799260504657,1.6764241972237977,1.5082521616824478
9035,1.4860620560110642,1.3222406300148495,1.6159472310768697
9040,1.6163537786332,1.739203416051137,1.00160103574615
9045,1.2869411159404145,2.3029990693743807,1.4315408197634265
9050,1.612298307936887,1.8894774523573203,1.5466619260742591
9055,2.402467347569509,1.359188210758291,1.818415581867475
9060,1.4730067733074217,1.1865157682893597,2.1186261678035203
9065,1.0391291015157411,1.8200183718048775,1.6463013887221365
9070,1.353249406385209,1.4637429578225207,1.7166006678590977
9075,1.2499258621798255,1.7522219749901489,1.620457251923114
9080,1.8087260629134865,1.985593565220779,1.7891640182563893
9085,1.358329204854113,1.0781165764222795,1.2454918506052532
9090,1.6072665591774187,1.756867957058796,1.2464163750448038
9095,1.8705575412868245,1.5044767812567301,1.7288390276362773
9100,1.3895600940832742,1.288954185355435,1.6087708704739156
9105,1.566062407677575,1.5648153395529136,1.3416285013769902
9110,1.9898055103593646,1.5822834176051048,1.360538322588535
9115,1.7836809970102643,1.348278188456486,1.972424088856491
9120,1.3153932023562447,2.1585795770864697,1.5383594350910168
9125,1.4262863880053507,1.1769261429544604,1.2450085781783728
9130,1.4896961726723494,1.178298046584595,1.9246391754799597
9135,1.2813245675429472,1.8713354646458153,1.569961802891737
9140,1.710887126428281,2.003876670778358,1.415433592774482
9145,2.1443436487869967,1.4877842331281044,1.2673159790001496
9150,1.899003745346735,1.758752809149234,1.5627348485967447
9155,1.4812987758649938,1.501236270681158,1.352530140876257
9160,2.1349099568653207,1.1582218913207218,1.8353753715981156
9165,1.126952452558462,1.5504890127236433,1.3785644786885753
9170,1.0802082336118526,1.3622169189985687,1.3797248166292146
9175,0.9443145303193768,1.297595097343212,1.2849984836670436
9180,1.3908213859567968,1.3833131749820924,1.4313234704714424
9185,1.0277174623891463,1.3115389098307422,1.2284671445675228
9190,1.0120387346720698,1.3121690243529622,1.6529490546642114
9195,2.0383807304350277,1.374331547100009,1.4189288352130207
9200,1.4946292805775123,2.1962085424921587,1.544932174070441
9205,1.4721056359724827,1.2963084203982265,1.7000592473947647
9210,1.8820237801045288,1.6781448567380084,1.4381400900694334
9215,1.7989109905034106,1.4441380201419314,1.0790048768597367
9220,1.6895477118568112,1.3539381195246016,1.218630805859918
9225,1.3506719995046335,1.6247535980809351,1.8480923799716824
9230,1.5470284434756665,1.5704798494684513,1.345998601457306
9235,1.6877258452019224,1.423536854666906,0.9565270026662007
9240,1.4657505723376703,1.7408854776161724,1.7076759263314694
9245,1.0676193486719923,1.6711056094397998,1.2717906971251713
9250,1.3519866866973913,1.5764689851224942,1.2143933041026773
9255,1.6575991455063606,1.5469432083765442,1.655534128501948
9260,1.6917071437580768,1.320612908006491,1.7200277092610101
9265,1.4005683058298408,1.291452808216341,1.3465966714866362
9270,1.735652648471545,1.4821892204141753,1.921057165194109
9275,1.562214816060712,1.8027712370683942,1.356030956958958
9280,1.221634854733031,1.3636440286062879,1.3725348957699315
9285,1.6634490738444323,0.5283218428694293,2.175276602274027
9290,1.844232133223221,1.2956447866633503,1.4796256853384957
9295,1.878014105278419,1.2341585212131159,1.7901222676980173
9300,1.2570303243763323,1.5894927278275426,1.590386676131598
9305,0.8342068596187502,1.4028233449484473,1.802069550173211
9310,1.422884907179196,1.49284018922537,1.4505492677492284
9315,1.4675982298929469,1.3343346977737902,1.3939691613624046
9320,1.811462724839527,1.4156829567107394,1.7246141661823722
9325,1.52534712895166,1.6431752609679826,1.299067827542258
9330,1.708807570947894,1.661854160353339,1.1943896744743752
9335,2.0684309898182773,1.878208781394369,1.2668244660186272
9340,1.3198015004517811,0.9855218880277092,1.637590480595164
9345,1.2203523693596283,1.7428399940293862,1.2332227156440994
9350,1.7039127827361285,1.2423187316414372,1.5383242300991247
9355,1.154965258886764,1.5484738727881489,1.495803000231635
9360,0.9173968528883409,1.5126560154904307,1.7197265683371803
9365,0.9808316879334931,1.0619402500442994,1.5227676444719715
9370,1.6813280645042659,1.895498261893461,1.4751884379054636
9375,1.1622303830848544,1.399959999896549,2.0683872813999695
9380,1.064929440889427,1.7119404702090404,1.454866728674541
9385,2.0276159692065194,1.52971637254037,1.502442000009033
9390,1.9541527815303041,1.24305091497226,1.6449678871994833
9395,1.110665752629929,1.6850732494500236,2.2207130352058533
9400,0.8796302680468744,1.507896509180003,1.5841835522934042
9405,1.988633755308081,1.9299612677466707,1.5285232713298915
9410,1.4493614062941804,1.8188921892048298,1.2455065154735072
9415,1.3982926355985386,1.2172835341693604,1.4283159222438138
9420,1.2915751041095713,1.4984366189345775,1.6478620711821066
9425,0.7782413839334567,1.0137905766441992,1.631670853650384
9430,1.102421941252784,1.1573529292752658,1.5017369879101226
9435,1.3916249924301578,1.6992697889487327,1.5372315137830543
9440,1.9204882669280847,2.2182621024190077,1.4088845024806314
9445,1.1668108240809518,1.3085139175098524,1.5509043980669086
9450,1.4951818520430664,1.4756279516614994,1.5237616585063463
9455,1.4311666942805714,1.8202694048232153,1.538930991618605
9460,2.083461363761253,1.52677267855927,1.7401771332911773
9465,1.674356970854256,2.0619565976387673,1.0845010383690465
9470,1.2076095293425306,1.6537778745435145,1.204598969995463
9475,1.200944162077415,1.2963829302949932,1.6616792674035896
9480,1.2014737958226145,2.0153477471972394,1.4679072191642921
9485,1.6276569527692428,1.4148778937755757,1.3416729174722304
9490,1.4758276231620475,1.6775938518765219,1.323213631547676
9495,1.293097745872601,1.4673745482242981,1.5517489031242762
9500,1.6421290349659003,1.3751444106447206,1.8105329777392305
9505,1.6953815873482232,1.5312667006588636,1.0517673445640359
9510,1.6453987462319404,0.9635541188932356,1.381794480578542
9515,2.0660737247312126,1.1111035955289386,1.4763404358830665
9520,1.7857601677861208,1.9259436806885324,1.570738278737536
9525,1.7710675067522268,1.4071005398464813,1.3442713232317909
9530,0.7152500287891985,1.2276113376873878,1.7672577365459063
9535,1.7975652990479212,1.1554227651556626,1.260705218696289
9540,1.6827732447761705,1.7160869066701818,2.1300187737729077
9545,1.4075001746256912,1.8258493398410862,1.0025784188982159
9550,1.5975597912931057,1.7617275254965339,1.2662927547964562
9555,1.2922538947448823,1.8630673576767716,1.9637640410463986
9560,1.9158958752104212,1.8392737001226587,0.9861647207908795
9565,1.697644966030368,1.6130049962962831,1.8935934753927497
9570,1.5831767304386106,1.4837388700842769,1.3444894465974486
9575,1.4516755873731353,1.260487675623781,1.444738712017443
9580,1.8344879080590308,1.4637465482308203,1.8818991430737724
9585,1.154072707248389,1.302267980703145,1.4080897776332715
9590,1.374679258648137,1.2111510966666805,1.2818279517752025
9595,2.29428752138793,1.6574464259054988,1.256161744897979
9600,1.5518848090685524,1.8773274916423406,2.1651714565775095
9605,1.3882782589266476,1.3454218472764716,0.9852087449016192
9610,1.6505006475525457,1.2453022340906574,1.4414750249180401
9615,1.006122382602572,1.325771227538639,1.203035754577932
9620,1.6049748973130982,1.3693538290240483,1.7420218577320166
9625,0.9621461794960796,1.654738862898586,1.8969785102116692
9630,1.315287511079117,1.358077340175463,1.2091953815188639
9635,1.33749803501826,1.8234946503479201,1.5338643946191957
9640,1.8812726720440893,1.861971097823141,1.3069200494208624
9645,1.5585859560322362,1.6984760303368271,2.0087987201715825
9650,1.3881202333571323,1.5052189052656566,1.6830930997876783
9655,1.4860311447115329,1.7686157241201397,1.3214181600793873
9660,1.587577133417447,0.9538350432706909,1.3421022917242882
9665,1.342801761806401,1.2624844322295583,1.2953579347293205
9670,1.3541442228773932,1.2579453659157747,1.4173194448466626
9675,1.6523094852795934,1.561019113862289,1.7386401498851511
9680,1.4971806970460309,1.2915211585109807,1.3927082142046043
9685,1.2864813335644927,1.2711769982882108,1.2100662910145534
9690,1.4446663724334554,1.3606358712631583,1.2248177087914356
9695,0.8697195146464075,1.4760909987373318,1.3448565354745803
9700,1.0894580899970694,1.410342891813643,1.520238401247896
9705,1.6773733465585645,1.6542708379838869,1.4144605663904597
9710,1.5185375390822884,1.805097489906987,1.063542518363095
9715,1.299567423531471,1.4614292615625415,1.3154630869928448
9720,0.9306096197168993,1.5330788019883501,1.5448228131560067
9725,1.647142011250503,0.891358028964631,1.5949903561277377
9730,1.5901554261035653,1.613843578821718,1.3953539749366868
9735,1.8319306568932405,1.4569877786346257,1.819270949617339
9740,1.817323986964713,1.379768248261093,1.6833828344400545
9745,1.2593372874781417,1.5982806972636985,1.1030377365678534
9750,1.102763445663403,1.9849336326611564,1.8581309203248453
9755,1.372897238412901,1.3498359457347473,1.724061834777573
9760,1.9403413669786587,1.5138994438724456,1.490406620105848
9765,1.6892736834684423,1.7631906187050044,1.7281650067890877
9770,1.3682714380391547,1.2447254974144322,1.870531649666526
9775,1.5846964356112159,1.6638783936871355,1.4080219998716457
9780,1.3511043144765218,0.9955489383562931,1.190148071692731
9785,1.5809196310250018,1.5820629699220814,1.4028737640369762
9790,1.2495319617738148,1.0676261758213377,1.3223379263654087
9795,1.4024297891406259,1.1781907589195422,1.0285236741205974
9800,1.363721075076987,1.4664447726925194,1.2713914659451497
9805,1.3657670921302107,1.8649252501056934,1.2202467397380872
9810,1.4062758801000814,1.3516810874513112,1.4327850006049117
9815,1.5546608823437187,1.7310733225136834,1.7300351593076246
9820,1.6367065891545312,1.9906802632987395,1.6406332256282345
9825,1.5271936247914946,1.287799104438342,1.3010501330969206
9830,2.0174063479807858,1.3869472803326626,1.6373918511139602
9835,2.0046333746609846,1.2236579799356235,1.5082495652904797
9840,0.8924521450360182,1.5206014664506247,1.8518899470100272
9845,1.3559825643479904,1.6050922539227281,1.472395780291171
9850,1.121030720896655,1.7322553130163167,2.0695538952186987
9855,1.6800679087691626,1.3425212558752013,1.1885260437512788
9860,1.4699595889532011,1.6582202342263808,1.1556783465709155
9865,2.1913009483224872,1.4128759300142166,1.643832805287788
9870,1.6427739630181706,1.6304283397310557,1.2498230835538564
9875,1.4029880243325694,1.6589081509000634,2.0793106421379433
9880,1.795589650036543,2.0241888112519284,1.1552699196161305
9885,1.4071162329582019,1.7211463633413009,1.6207391741538695
9890,1.4673745371696154,1.051342828810651,2.0628389423477858
9895,1.716611582386729,1.2380636588662255,1.354486675649948
9900,1.3248968459716801,1.3245722592942017,1.3261129425393643
9905,1.3049562285518015,1.1499893524203226,2.1627810071734075
9910,1.4455404235117983,1.4695498830555627,1.477965636758299
9915,1.813729062173618,1.7432037189448262,1.3803223482821336
9920,0.9404231448723414,1.397264425108458,1.7024665671969927
9925,1.8201930708237264,1.4655335812228625,1.9147626530205013
9930,1.398261177275098,1.3234851698379333,0.97974507836981
9935,1.4849309319677095,1.1779822117795817,0.7802363000525123
9940,1.4115095767015555,1.1475206862378715,1.5633150540270502
9945,1.848515702973723,1.5462240479380138,1.5092593595963817
9950,1.5403931549225367,1.3304937908895984,2.0168964974436268
9955,1.1366336238319599,1.085273825490968,1.1176370409755574
9960,1.9631270494878774,1.7429495970691797,1.518223811591381
9965,1.747902174742888,1.3383840515113157,1.7899962276041697
9970,1.193286027102058,1.358776703036839,1.4619513729374176
9975,1.4801380612312702,1.4221501176659752,1.5073149625865752
9980,1.5762381407404848,1.2720898785805548,1.3505913599723722
9985,1.863354973340126,1.21523414018566,1.1742773089023917
9990,2.1481119470517487,1.3846700550307254,1.475940331800746
9995,1.6200681379246922,1.4289874040285533,1.3602736631671732
10000,1.0781604002547631,1.6594087757885587,1.4140472694568667
10005,1.7534844106888965,1.0005038256483902,1.3553921935604036
10010,1.8303376837289225,1.3306922544296236,1.894877490726811
10015,1.7968251214651945,1.9754088496267752,1.6967329186101914
10020,1.999729966736941,1.8179987428696989,1.7948910706087378
10025,1.3127811266651173,1.4219547958381373,1.266971549673506
10030,1.5777945215505351,1.2225484436133613,1.353188680160162
10035,1.0557093675250893,1.675189708426287,1.8377627398875689
10040,1.443259871137015,0.893277588287435,1.3825013300931746
10045,1.183639519133711,0.9606735507189605,1.6260890555417284
10050,1.7777244681339375,1.5147673334725147,1.3825562558541904
10055,1.8790710100576673,0.7824568438912632,1.817062200557143
10060,1.4614452615313276,1.6199603031392455,1.8450351321920235
10065,0.6214214939357668,1.2069003839776524,1.532665674442023
10070,1.1452815958991849,1.7338304130595836,2.081909764343326
10075,1.41483642497455,1.4373131045814234,1.6278611909328455
10080,0.911702778055216,1.4088105186761,1.6604227563555254
10085,1.4069925318181706,1.2778717773066084,1.4195626612514365
10090,1.023653181984137,0.9063110912084472,1.683390829882795
10095,0.9940584289165323,1.758663490402476,1.7511604094081206
10100,1.5005937920368004,1.737590467897887,1.307931257606018
10105,1.3253891759355279,1.840930618916281,1.4548276283293917
10110,1.7881182143753152,1.2415461950212434,1.4805771924842033
10115,2.044501925277248,1.3970833639715736,1.7466262128901533
10120,1.6104051639521142,1.114832403234178,1.6370707969064442
10125,1.6269413589673924,1.7951458398114724,1.5921163790953847
10130,1.425432525931666,1.0828522326142618,1.5067162311238222
10135,1.327210430284739,1.7256518147764501,1.118401006103783
10140,1.45164934257413,1.830803744041323,1.6513481803162147
10145,1.873852957960465,1.839860200179172,1.7365460631667493
10150,1.0656801727106462,1.975664533823089,1.3908110528229272
10155,1.2150462399437552,1.2859595724663793,2.1534378335161737
10160,1.568258316753787,2.0709625987305524,1.6415851133609087
10165,2.2061926372104605,2.0224113131640324,1.476160412916031
10170,1.5002657969374922,1.0684315604802568,1.823784049247291
10175,1.8551649903420393,1.62931596320221,2.0638599835210423
10180,1.9321715280944567,1.2923828493184193,1.6569414506546747
10185,1.3113071849462665,1.5598364908604927,1.7660931928172015
10190,1.9860283881619178,1.7274967654380569,1.4156957561176313
10195,2.052605875697873,1.3754553899900146,1.467101089799627
10200,1.4805731310653585,1.963800686576905,1.235416490282128
10205,1.4930233411886848,1.6498826696979059,1.570032520965732
10210,1.2690412087051837,1.9169769124706444,1.6252367843679556
10215,0.9019597439713948,1.824092506066791,1.3359861305310383
10220,1.2335702542573677,1.644311585694549,1.4119447952943651
10225,1.6089962510127185,1.4304381504672694,1.1883097306049335
10230,1.4661460956059003,1.224605904842012,1.1628128477439317
10235,1.1486830494707534,1.663490095260018,1.4071302343666847
10240,1.6360263090107714,0.9778776497944881,0.9693192948455595
10245,1.93868301953332,1.7496658740756228,1.7188031086708715
10250,1.766195979581851,1.482058582237294,1.7801066804026653
10255,1.6576975792738566,1.2658746159325607,1.0057091643774607
10260,1.9254129138131373,1.729060111570218,1.3152182015176306
10265,1.1060092320339974,1.5039382189593968,1.648136119644656
10270,1.3275545831020252,0.5419743832777034,1.2563759913569201
10275,1.3346674598126387,1.5173645827378202,1.2092722658368042
10280,1.8242055991479695,2.019830060427468,1.0881818932330163
10285,1.6320551082415915,1.49667958540539,1.0426054641174876
10290,1.2557197923563026,1.6469609649319585,1.4058309955751487
10295,1.3074521369830723,1.5439175625067858,1.520655592865929
10300,1.8956042245316194,1.3102022113232341,1.7339718115883707
10305,2.2883889491623446,0.8863033735741438,1.4399394750183123
10310,1.4152793410045883,1.5049447615820513,1.5278977977405346
10315,1.8447219528719214,1.4866717656705561,1.408817653692811
10320,1.1802057571246258,1.5583629962803642,1.4224289836379675
10325,1.1446346201057571,1.922998203511887,1.1313014017753824
10330,0.9833223980683206,1.5570360994116481,1.784354442257251
10335,1.405004610346638,1.5111447110293394,1.7436088070779052
10340,1.2049732941131293,1.2677044878210713,1.5125214876278354
10345,0.9497640688687852,1.7170821411275798,1.9166204315782558
10350,0.8869034816735767,1.0594510272673419,1.602859404738612
10355,1.7452340229915153,1.8507003676755138,1.2807818661582082
10360,1.2453740801280575,1.979744442730559,1.8611295338544025
10365,1.3441584632882877,1.5539360250812944,1.4515164597392634
10370,1.595794189404829,2.1592827793030427,1.3639713128578423
10375,1.7602844189343134,1.6399848617030455,1.6324879715707075
10380,1.3768310747249657,1.1203528048759492,1.9085267080234163
10385,1.7104689618457714,0.9338091965268316,1.6821255845211447
10390,1.4261590383573357,0.7467501142459952,1.5984277900175947
10395,1.369808746634376,1.9091126684841382,1.2283664383448927
10400,1.1280838271839804,1.5128220973682653,1.8707159125728572
10405,1.3660908364857574,1.154123137381408,1.7004514384130995
10410,1.3468048707334739,1.0326447913164425,1.4515263144395203
10415,1.3698759831641483,1.4739306828315353,1.0641947479976752
10420,1.6446938459783187,1.4071515853205112,1.9498253127734717
10425,1.4043860419129326,1.6380748335444268,1.7022765148902135
10430,1.7885491305418246,1.5157810867757395,1.5858982891800997
10435,1.2938888913684095,1.6578738993867361,0.7350625892437949
10440,1.3019882923238957,1.30304280000768,1.3909571121301276
10445,1.1257226325878706,1.5226323565669517,1.3355534530481643
10450,1.559599342768405,1.646989998750521,0.980640153439205
10455,1.3332578155673116,1.4898408803133674,1.632839896998394
10460,1.3904702113918745,0.9885197873276896,0.9332351751366716
10465,1.5086702078509482,1.1499357681842992,1.3667637299939215
10470,1.3417054283667973,1.60344928673563,2.055491315905909
10475,1.1470857801384842,1.222029597657734,1.1225625227170801
10480,1.316661424605448,1.1660427174227528,1.8583388196086335
10485,1.1345538529845416,1.2024916156813175,1.647201343571525
10490,1.3170814548866892,1.800369783923454,1.8823913607209812
10495,1.3145055890052195,1.7425649402882002,1.9157384407740154
10500,1.1411017443910638,1.364035506564462,1.6316524061734616
10505,1.529855657388743,1.3214719628665463,1.4320881702935937
10510,1.3149065293602098,1.7991114182650936,1.6464900340627266
10515,1.8105276409297724,0.7404405902750515,1.4811527983480595
10520,1.8196749132731518,1.6552813500844064,1.4165231513883942
10525,1.6763533470195242,1.7470795039565667,2.0658984151129354
10530,1.3764254863880192,1.5729869192004071,1.7138945423770604
10535,1.7627264002697693,1.2246824538678895,1.866320379383143
10540,1.2273249689710164,1.5755681816308396,2.040182066835939
10545,1.8534834925593067,1.64913174303704,2.128727219056435
10550,1.5207835289453329,1.3501526388522185,1.8835188665852274
10555,1.6019999237795828,1.6207611028743854,1.563712693885016
10560,1.2037976201398688,1.2193072209982825,1.7824645654677846
10565,2.11974201828166,2.583171104611493,1.4126880612731885
10570,1.662133756311948,1.4199139305823085,1.5380383018186468
10575,1.604638461992252,2.1461175880723475,1.8910971903032157
10580,1.4760803852015334,1.8139458966985536,1.5453509629399527
10585,1.3631975412581463,1.4091139355294404,1.4803487507890196
10590,1.4023132027939158,1.7298823545606616,0.9574141760884471
10595,1.1106755306936231,1.339270106436415,1.676248731036305
10600,0.8781396840880725,1.4223460068780938,2.05187195374849
10605,0.8263601239763391,1.286200520050283,1.0960862824551045
10610,1.7391822810840332,1.5368257880546892,2.1024290842185387
10615,1.2921485958295444,1.0579906928209861,1.6424139835570322
10620,1.622266308967745,1.2815750807113542,1.2594797878231192
10625,1.8545417351663285,1.2795076017978961,1.3566727206944138
10630,1.3432756017101166,1.5623195298733017,0.9432820667717369
10635,1.6440964334552501,1.1815032796880873,1.4562827626105574
10640,1.6166573499359083,1.8140613087841486,1.0147030441346332
10645,2.1260424579359727,2.0685837319764895,1.357132315667573
10650,0.9198546368096435,1.5188801811418766,1.690473760003024
10655,1.5573691616034133,1.4832372009241006,1.2404289478541006
10660,1.8607710267434423,1.2447689461333757,1.3148992173472625
10665,2.0549792541630483,1.3646080049067963,1.8946309864503845
10670,1.8905469301484334,1.1636292166742748,1.3023647838709134
10675,1.5277941962513577,1.8134545904853894,1.2993424550457922
10680,2.092603193985246,1.5236534422061088,1.845359007559931
10685,2.193240031646406,1.7582164986684117,1.5713889731286987
10690,1.7961625027908419,1.7346380970792075,1.6767991559018252
10695,1.5691208492753979,1.9867713585984204,1.055799300460341
10700,1.5410068625314908,1.9601703340255179,1.2546953739117845
10705,1.489962243921451,1.363266412040971,1.688039738567805
10710,1.7457067301316174,1.7768475389589393,2.005900662955126
10715,1.4885076017837238,1.7465083502810583,1.2975203640745487
10720,0.8019410085894693,1.315050229451985,2.023152753927359
10725,1.5569401662910665,1.6820367032211527,1.709055091366808
10730,1.6339513432425312,0.731731858620421,1.6160952832675441
10735,1.2673361096487417,1.1773445359650512,1.2017201248854326
10740,1.279281029014061,1.6789047304622464,1.0437495100250458
10745,1.4603511238244,1.9876402430405073,1.7225181589535818
10750,1.8058374795692969,1.6737383278187394,1.5008081465216156
10755,1.784143636057447,1.4116391417027871,1.5111104957063726
10760,1.403443079467274,1.4615010664858696,1.0245601745926627
10765,1.7449243842020463,1.5408452833797188,1.6188113148796985
10770,2.0950157813260764,1.520728055815032,1.4388661191785042
10775,1.3097623639088016,1.4651394190508156,1.4023833355068192
10780,1.6706762669797004,1.3555611671130428,1.412169054940061
10785,1.333937867777034,1.1384703498621827,1.3400114683516053
10790,1.2486103934395492,1.6231709042849713,0.9881286226927537
10795,2.0082229927513895,1.4922638617947597,1.8170437406719073
10800,1.7808153260296644,1.8332502078734945,1.6803603376481797
10805,1.5669398707489501,1.9306445198207656,1.886744065644128
10810,1.3508599558294228,1.4312693227405484,1.6977198652644838
10815,1.5024914605898934,1.4007688376019742,1.7383883339571435
10820,1.55251221732017,1.8837739947027576,1.1378790126479537
10825,1.6112009471168927,1.1737899805668262,1.6775755353394015
10830,1.6789730591883016,1.6986550262945739,2.105614587891715
10835,1.2497849640258398,1.7121545723930423,1.6297469247033698
10840,1.4149481765914884,1.7767333513691652,1.871041086477375
10845,1.4284687563823155,1.6561098358578572,1.1676153608901167
10850,1.0583953564484072,1.946802545351344,1.360362649434205
10855,1.2356664941999713,1.3246114316294055,1.1999273689074959
10860,1.6993161610507483,2.0940837480241066,1.326816476535792
10865,2.090156986306391,1.546017669579783,1.709905659298835
10870,1.7558702818815144,1.5937374963450026,1.6835091269175053
10875,1.4428774746199247,2.132116557592644,1.0089529074773889
10880,1.422402825419125,1.1850328245943762,1.9974552142959143
10885,1.1420854250010746,1.6674464977957209,1.7341954031979296
10890,1.031949358366723,1.7405242076225609,1.4572505409307377
10895,1.474977416008048,1.5875131883382847,1.3232843054574317
10900,1.527809890475839,1.5124318854401027,1.8422541443464442
10905,1.3294813706990798,1.4824190070635375,1.9948125392223963
10910,1.438991224727453,1.4996936807980972,1.4537685806325906
10915,1.5597049706002435,1.3552281079721227,1.237250406820422
10920,2.119114935294081,1.3386293321040756,0.9238649598489099
10925,1.6403576911957787,1.3717143869281156,1.6633750974067325
10930,1.2152519632191994,1.4222793116263868,1.4821160807880653
10935,1.330631131759995,1.4585386234355286,1.611479038130791
10940,1.173170670230025,1.651324661258137,1.6130233411322297
10945,1.443230591065196,1.300410499122281,1.391454159727604
10950,1.48230522906882,1.2544839698456562,1.1622508500511117
10955,1.6909114009750452,1.5724939224153078,1.2585829487901676
10960,1.8377875717685845,1.4050251107576976,1.9516698351925164
10965,1.6507023038740778,1.5447854062463582,1.1835796674574073
10970,1.731326531658709,0.9249259728608775,1.0937338927246756
10975,1.39647386183341,1.07677477811546,1.5455715752236758
10980,1.431937212240337,1.5218664985999866,1.5734478939871765
10985,1.7715399365339428,1.400872311624343,1.6196084111672306
10990,1.4616330957477721,1.6413561986516059,1.9285336831132507
10995,1.1217933934600888,1.6908078939486408,1.3174042960821328
11000,1.5157001205608254,1.7287124709757915,1.6932781828349608
11005,1.9647754211524666,1.3449968323736918,1.2041163481747694
11010,1.6930533320103192,1.081964391346193,1.89262230682677
11015,1.2260432596116255,1.1501619859569356,1.4884549339744944
11020,1.8816178511334765,2.0499609036924995,1.9662890485633384
11025,0.9693262732584704,1.3727336535910786,1.9060934676710175
11030,1.408583016762996,1.6571475347775726,1.3291683440713968
11035,1.626178924395665,1.825415535010178,1.8006409280862403
11040,1.357076706992574,1.9098884450939035,1.923667599706207
11045,1.3440610332190461,1.5811634108007617,0.9387440486474885
11050,1.4130505605072088,1.8162617972731039,1.74883949533426
11055,1.3226735538221612,1.696866083012405,1.5085644218232028
11060,1.429569998894594,1.516304746676869,1.3780051829357434
11065,1.7428727882725452,1.420941101872594,1.9998810394015556
11070,1.3389551277998257,1.3493661212037151,1.2536969262795439
11075,1.2918963102513428,0.9739007478445717,1.308105761255199
11080,1.5421354817151576,1.3651720517994284,1.0023850178558857
11085,1.3836013043219548,1.1187207534571322,1.3462739325832656
11090,1.4905111226810173,1.404057480614684,1.7922398872853251
11095,1.8705457573934046,1.5275204264780486,1.6178841455481132
11100,1.3654863015872871,1.4695894505859308,1.0887512273970943
11105,1.5190117603574649,1.5616614800901083,1.3676409769629436
11110,1.3519825776010956,1.7777680878297577,1.2508704346191508
11115,1.6988170972397718,1.3802422352190709,1.6675305812576544
11120,1.5340862379770703,1.4897873687442138,1.0672417819740037
11125,1.4048184929832435,2.1175859504142025,1.3463882373118503
11130,1.7143361692970482,1.2512307936518727,1.594650593307752
11135,1.2803127769419511,0.9709674693345764,1.4163287734665408
11140,1.3460957909712659,1.776431266091322,1.1902047974063261
11145,1.761609559015876,1.0480849718843261,2.007863517090634
11150,1.057692367694791,1.3396423577039125,1.2856480861302353
11155,1.6250797353151427,1.635091344145624,1.7999973217788745
11160,1.9044143648521592,1.6065307693399629,1.010315020446447
11165,1.9792701679451983,1.7172939357013195,1.7036292833371356
11170,1.5464929277056032,1.6838383824953351,1.7856478787882724
11175,1.6954844911886087,1.3782710642663265,1.582503399607989
11180,1.408379794449711,1.7368201076527712,1.8222229706949051
11185,1.6271178797310242,1.6563008091017069,1.6879060655899008
11190,1.3188623977461413,1.8640017780959819,1.2949357868351221
11195,1.358054571325324,1.5629094267605712,1.4553249188878505
11200,1.4348354679647206,1.8097722678859025,1.1257692316293446
11205,1.517937383133406,1.0872593702019677,1.6063977799732903
11210,2.054872398497256,1.3479220041748843,1.4773943658435962
11215,2.154059633972245,1.6024322127151016,1.2832574246334245
11220,1.3396293268138006,1.7229661359661539,1.507101931362024
11225,1.1620319495868385,1.763302082121487,1.719159019014142
11230,2.2886264084143924,1.7029586001063823,1.744228325608362
11235,1.0958025074310052,1.8272633745473716,2.013474057638913
11240,1.8688910389254563,1.8539072508248235,1.901495035094897
11245,1.3934077937446199,1.8701794549519946,1.5492229015936343
11250,1.697829524446974,1.7271743437380669,1.4507425607601288
11255,1.404776836734793,1.4435294042067834,1.4810028546683849
11260,1.395157837207277,1.7229037297227157,1.8588385454183232
11265,1.7224318866691493,1.531631696280852,1.2501130727445215
11270,1.093293357165631,1.5560224694601203,1.2182177555768372
11275,1.3326707203506776,1.628450179028909,1.3234824098311273
11280,1.8142705795379324,1.2547585207848324,1.8289071537567232
11285,1.6462355158239674,1.7486292387298237,1.569421957329308
11290,1.4775009561954822,1.254437657836932,1.150061153079258
11295,1.656912680168372,1.2598268554041427,1.496549371418846
11300,1.5622987914464403,0.7990916763916411,1.6053077431580047
11305,1.7484345671650368,1.536829638960507,1.6659360031218835
11310,1.8160622805796895,1.180039922021833,2.062862529046405
11315,1.7280225368361453,1.5591706013064637,1.3139685014791613
11320,0.8510920950172916,1.4409135903566588,1.6073642923989058
11325,1.441096851717689,1.6184056172846824,1.852253867601211
11330,1.633630441596638,1.548310743922381,1.6579996255881755
11335,1.5261662251237493,1.643307799118302,0.8463082329844502
11340,1.645667842928344,1.8267220189727706,1.8352218519773638
11345,1.5170785891030116,0.7047600149654722,1.2159179194523604
11350,1.493209674646069,1.5678678138119106,1.37912217138147
11355,1.09045011830358,1.383852610857522,1.4945911369554925
11360,1.5058441527848503,0.9008095449290187,1.7516998173717504
11365,1.3562045738934343,1.5100304863038636,1.4775751946218216
11370,1.9604884860243408,1.4772788602946523,1.4067638551409691
11375,1.33184567970605,1.336313044055723,1.2356303466190028
11380,1.5842948905913827,1.3985685409759818,1.844699034581356
11385,1.3301859570690624,1.6944970551126182,1.8517953126215159
11390,1.3818590532636221,1.6842336400851106,1.8093084528689987
11395,1.5612966056270463,1.4001223795461002,1.5034389349028596
11400,1.754101474658141,1.52889833328465,1.4338974153119752
11405,1.247463069750375,1.6525789209024688,1.8506332125075329
11410,1.5280984648597105,1.4744623804522252,1.579827466366456
11415,1.7245478842537851,1.5716441319454684,1.3080447777064386
11420,1.5113849354712148,1.5261721162452058,1.980851573035723
11425,1.5500918512241455,1.6480562390563664,1.0602189396564627
11430,1.3614320032229719,1.1600428135268286,1.0799582743407798
11435,1.296869235884293,1.6240469476312116,1.5311499227384315
11440,1.6534752626337843,1.3655027681328995,1.8553572683238873
11445,1.373164277473269,1.14167173165647,1.8130703048069612
11450,1.5515907031004652,1.3388455706291493,1.881891909333371
11455,1.8626824279775083,1.3093612674648294,1.0012715929883214
11460,1.8687648011095377,1.6008615389989647,1.5207921777483722
11465,1.5590236038204834,1.3114161860139302,1.006907902809234
11470,1.2812595311409063,1.536201894074639,1.2485080753813138
11475,1.7689113552717448,1.862087017245746,1.6497585968524004
11480,1.3694111623587288,1.4429088916546347,1.3338654795061042
11485,1.689507610525776,1.6981465338552335,0.9562318287529801
11490,1.495476008687019,1.3234691685363984,1.2545540995400315
11495,1.6039944968618272,1.374443401536983,1.1487514909136105
11500,1.481623400981342,1.6209862055905777,1.3072782125762976
11505,1.2362649487643511,1.4257668351924235,1.4107270083301187
11510,1.5539593873185693,1.1273334346492538,1.118605262595979
11515,1.6094164895127128,1.254069895556159,1.4616163421358734
11520,1.235143952619623,1.9322126448038999,1.4563467474412768
11525,1.4960767953006835,1.9507311443306365,1.413902483729493
11530,1.3068821520177283,1.4522630159529182,1.2725352174591522
11535,1.6328415774834186,1.6202032840316263,1.2204807574383691
11540,1.6063018497363628,1.780249272269072,1.6809757666278309
11545,1.257303545142018,1.8966829103919038,1.278379469961918
11550,1.165132961948682,1.5422791098056832,1.5955210467422947
11555,1.4302874441978117,1.4787064356960482,1.7505410457174322
11560,1.6903967387352197,2.292132700608526,1.8347955464704868
11565,1.531458704880375,2.0573601488907163,1.371327310983172
11570,1.785699608570308,1.8083141915756402,1.5273993235955214
11575,1.7615232369368359,1.2940084467027853,1.4389846228623209
11580,1.2897292827316802,1.0543306774946426,1.2826752761373639
11585,1.569852096967641,1.1389957025660506,1.6194278120786634
11590,1.1271862886691224,1.5450631552945668,1.412995869270383
11595,1.1290297997402619,1.550071692245128,1.7375912416152866
11600,1.3855082491199089,0.688496601408975,1.517141528702033
11605,1.5836998531519821,1.135943745055937,1.5606167205057693
11610,1.7920836815678864,1.6133711307306262,1.282459160021011
11615,1.5564918650094326,1.5301023854050801,1.4173504179337932
11620,1.4366338521780946,1.5082092760355161,1.6749327898799642
11625,1.503994287416798,1.6043109392943542,0.9915851802959332
11630,1.2650764941739183,1.6379930809314371,1.6935530229047788
11635,1.4545419825235206,1.1409867969904053,1.327893619326101
11640,1.218530410074885,1.7029887203731446,1.4029391171305567
11645,1.8632324319638358,1.027113092896489,1.036674948142694
11650,1.2490990363247387,1.1970807875378848,1.5305727938196203
11655,1.359245898975124,1.7312543847383854,2.007837518664476
11660,1.6274086819851874,1.3964035214882,1.0582742579045634
11665,1.8267704685614474,1.880335195300484,1.236718886648048
11670,1.3882417699236107,1.5910974406864538,1.614143927138823
11675,1.5454623229126847,1.7680679044144094,1.832016661668363
11680,1.1762941028518374,1.236094851091153,1.2941448022325492
11685,2.0599535722910822,1.5278498394821756,2.5235126412656053
11690,1.6219897766377238,1.5786144247565363,1.1738212024418753
11695,1.6062975582658512,1.4690297305533337,1.5480185046856005
11700,1.914992211125601,1.6361155364712212,1.882867363213506
11705,1.3963223309119357,1.3203245299890205,1.262931691700068
11710,1.0286926644530996,0.964405225668641,1.4044527000501061
11715,1.8303426716725018,1.837306346600034,1.1519043490950402
11720,2.01959346928744,1.3392782565918637,1.6018084364592626
11725,1.828718549090762,1.3258235948573984,1.531341740752149
11730,1.8399336599199294,1.305573732357408,1.3087243115519245
11735,1.9559351820021358,1.3104116368815724,1.6344621205044054
11740,1.2767949871692537,1.2553330186205098,1.295196317470555
11745,2.038311638549346,1.34514077171657,1.932821116756521
11750,2.0764052931106725,1.3275208543403245,1.6506691419052237
11755,0.7914085363859167,1.5970592001632822,1.109081073676261
11760,1.3040893504717976,1.589342416152314,1.2482882162401348
11765,1.909133401739789,1.261204089044846,1.9313166974365958
11770,1.470249806704554,1.760210287933779,0.9142757382878529
11775,1.4012351162135555,1.3187738086313214,0.9993786728814175
11780,1.1703737340264484,1.0354659737884786,1.8920956253463872
11785,1.2345229495217767,1.5114950022561877,1.5077606404820907
11790,1.8723943671841234,0.9676655772463069,1.5790370057616603
11795,1.302128577533392,0.9518714209525989,1.549116736109592
11800,1.1242135267837003,1.5265627677520712,1.2721022043132906
11805,1.62559674026195,1.8433068859023851,1.855610490811417
11810,1.4042016753051485,1.166632215378821,1.4239082845783888
11815,1.272527040190282,1.7477424073917964,1.210187014942025
11820,1.2412638206669264,2.165096593546094,1.1958837451250726
11825,1.3560580998797156,1.74388375124481,1.0860072682547135
11830,1.5743899084935442,2.051026299343996,0.5416641484756677
11835,1.56637469784918,1.7881494922898007,1.9854157713902878
11840,2.035703591875959,1.1047990495572233,1.3300665795568496
11845,1.3338253326762288,1.3732036228766893,0.9875838810477422
11850,1.3835013669703269,1.6130364964112252,1.1745265537931528
11855,1.7087751411105077,1.8951049548517525,1.517431039909604
11860,1.8032463807579608,1.4138142171130494,1.379900984462271
11865,1.6997821415795316,1.3197159679651853,0.9897136809746618
11870,0.9183463737726172,1.4201323570183428,1.2516866068169765
11875,1.8502079113807217,1.3172438813856495,1.7408230802385953
11880,1.7480650115830954,1.3530618647458508,1.0957531232105202
11885,1.5865100313753837,1.561677908716213,1.67858708335673
11890,1.9761520844514924,1.1674021938736874,1.2048188012316305
11895,1.3123336738583402,1.670861060497095,1.6652709162760932
11900,1.7915445926769393,1.668673978080411,1.4471836225124903
11905,1.3178551803161942,1.407994600471882,1.1912953216206497
11910,1.2330401748109794,1.6359903593893779,1.6274954715567336
11915,1.3608221726292213,0.8640395212995441,1.5042982861538925
11920,1.360014054533023,1.362169328146865,1.7706225341060637
11925,1.752125259076501,1.6422002557423765,1.8174585261976426
11930,1.3987187249828736,1.2961513012142711,1.2598626432424178
11935,1.8238337066529535,2.1482614252132133,0.9983078260409659
11940,1.3637319518440179,1.0873755635631812,1.2173597282685449
11945,1.2817863086530512,1.457175954775271,1.531918182240637
11950,1.5110375215167735,1.5754381698617652,1.3516909158066654
11955,1.2879025707750424,1.7709464109932234,1.3348817744359205
11960,1.8803810572289739,1.6017101938979028,1.0129942593020402
11965,1.2671186530646203,1.6303754560765749,1.972978727019304
11970,1.3869380700528113,1.729423621960996,1.9087575352802444
11975,0.9826030707136838,1.9125577544803505,1.7751056665808507
11980,1.9806474986084912,1.2562595898782247,1.102751106763282
11985,1.7092831218419418,1.582534713729831,1.568761736795015
11990,2.02803991680483,1.5905677656841428,1.407095941778586
11995,1.9753669927533033,1.5431271582959245,1.4064141058649402
12000,1.7283153886395963,1.4034296334806968,1.1414659765059343
12005,1.9838973402381972,1.472888715985485,1.521621480818818
12010,1.316331672761714,1.7102157558878104,1.395460519609803
12015,1.0574473056181088,1.6693637077487453,0.8147761208404238
12020,1.724144522387735,1.3989095733001196,0.975238246404159
12025,1.6273226359336053,1.676598107840056,2.245774844627886
12030,1.8705338111619556,1.535598010534809,1.455994515019506
12035,2.0773521771478793,1.357739492730356,2.2509428546964947
12040,1.515967909743946,1.39675274016985,1.8623634564936657
12045,1.6994655414118935,1.501316599601981,1.593028557814977
12050,1.4228694040451604,1.8116537787478069,1.4022776115414313
12055,1.5462558414354817,1.3777621475737494,1.2279393904888414
12060,1.538983848452112,1.7179696852886672,1.1777158670858887
12065,1.781553734438507,1.4423804669281728,1.234058726744733
12070,1.390097224567211,1.336527138785555,1.4228558424055238
12075,1.6848708876292404,1.7801692511662663,1.4689933475306873
12080,0.8739507051370179,1.3752778225258104,2.264902729966967
12085,1.7001230871242492,1.100337516675384,1.7760703087340228
12090,1.2892807062725218,1.7118875956833521,1.7039918053810195
12095,1.88635987339841,1.3961308034846454,1.8495158781102012
12100,1.618801115731612,1.168134749518575,1.8656259865926228
12105,1.810159006556436,1.4979002264009824,1.5884904379753528
12110,1.1650325601612435,1.8143326605373533,1.0255266880828606
12115,1.223130906981271,1.4477374620127375,1.7031018017089228
12120,1.4154510225018966,2.35986821886432,1.5973943601110725
12125,1.0168533181804862,1.4374084796486115,1.4433339013453663
12130,1.8441050347263241,1.3269199123584852,1.4409656703205715
12135,1.7813370201353271,1.5677048081745002,1.3183507154587302
12140,1.1763492219618454,1.218966888327636,1.742179218871182
12145,1.6231485587632726,1.471543084595984,1.7952305323779243
12150,1.5434849294956112,1.2155526019987055,1.4207768653553496
12155,0.834440157896481,1.3772531404605888,1.6832406166929121
12160,1.353834420409845,1.7783748528092878,1.3201852404415308
12165,0.9776445582771998,1.4353350253307453,2.125042257143316
12170,1.7181448446898455,1.9007039965205395,1.5865421546136032
12175,1.4685224530030956,1.5701760243555845,1.3897252092455
12180,1.4749475672268595,1.9917992040840053,1.2156549777029215
12185,1.5963607846068761,1.7410680593463785,0.7927084094393808
12190,1.230960837717603,1.8338710065675394,1.7647919495380169
12195,1.4312718319604856,1.2440992420394825,1.396118402038027
12200,1.506861138350366,1.5893606964234663,2.200914116708996
12205,1.2994262802568703,1.6599126223187932,1.3363128427764108
12210,1.5590727631818606,1.7776407207514788,1.376581890835318
12215,1.4376032804931267,1.6221964731386227,1.7735102011661201
12220,1.5567965159279555,1.6976262462075349,1.1843505187128427
12225,1.0674514381109732,1.34281342506345,1.6075196497358413
12230,1.295324481630698,1.3439252815130367,1.4135832367996106
12235,1.6916345783917923,1.523674400614804,1.4848288816185002
12240,1.3151435896874732,1.7727529581320183,1.1466114594060817
12245,1.1264242072695614,1.7026982846693013,1.2063496452815925
12250,1.2469531578202155,1.7818863415144133,1.1959093329996635
12255,1.3174751612250066,1.7322842531310783,2.1337039095228327
12260,1.577810215604826,1.3521768549968973,1.4308252268525963
12265,1.5023328555553752,1.9312845508554544,1.536416566254672
12270,1.552020248625233,1.718611811886082,1.6623053752990258
12275,1.2874286750624604,1.7792167293413406,0.9914181697361801
12280,1.6507813984894077,1.7191321611106818,1.6323035972533286
12285,1.390750542111006,1.5358452050708433,1.4221540724823576
12290,2.014043206342862,1.3148998984622344,1.4680252659078492
12295,1.44812351904788,1.4778021829815138,1.4400366094494816
12300,1.547264909144497,1.1442029965325793,0.9794423980492926
12305,1.6324493614882252,1.2466961695917222,1.5783881577705137
12310,1.5972258293350257,1.7969075381850166,1.4604677659525458
12315,1.4201417197038142,1.7955269504614197,1.1565190001671697
12320,1.0185675117520647,1.3555528974124476,1.853972877004165
12325,1.7088524202404098,1.418114008265309,1.440750753467273
12330,1.7610762210444508,1.2759051225851248,1.703855240216353
12335,1.4924003074330094,1.4793467440072632,1.7111268545243201
12340,1.5504859127464359,1.2886421272799895,1.7480573588371242
12345,1.3112631015711154,1.5762667196421294,1.42144118374491
12350,1.6576116227952369,1.4089629021432215,1.6741376312234517
12355,1.1851507963623096,1.288552503080029,1.0931373947350917
12360,1.992437186714966,1.0190902939613342,1.2976520118703259
12365,2.0122600891065017,1.8490091720867163,1.7911515448831574
12370,1.3798887328096803,1.508926426802942,1.7220054773142723
12375,1.4165177239338278,1.7087619170546724,1.320832913579275
12380,2.1333058210354965,1.5032115735518061,1.1999497434507083
12385,1.6560151510725287,0.995391226083475,1.7037383703177262
12390,1.7091407597813313,1.3383692817693174,0.8089831036612601
12395,1.8220466015184913,1.6049514483145486,1.9557236666768842
12400,1.8450953425714978,1.6305017748779185,1.3485830712846696
12405,1.8844240244172465,2.0362890374332903,1.8370124043235978
12410,0.942955099494347,1.6533888243179744,1.174226339735545
12415,1.3816310240519922,1.3490683036889624,1.225464083810295
12420,1.7652483915670838,1.3603274875202456,1.4515683479467023
12425,1.1440539004796826,0.5783579630190211,1.6085185076380937
12430,1.402003455054923,1.6053779230439515,1.6266688401353875
12435,1.2318533741346118,0.8532062033821061,1.1054377070059767
12440,1.2085632607518868,1.3146535698614525,1.7532019565149901
12445,1.2686179705688865,1.5996990657433168,1.3837708511882745
12450,1.6367675959954953,1.5804565514728557,1.1714426862002787
12455,1.3979486443486786,1.8285067010031257,1.6385788864318198
12460,1.914873408275374,1.418608276232806,1.091476203746988
12465,1.5484290191113348,1.311775520943601,1.6129270899261736
12470,1.3899119117829732,1.7900159056483107,1.0941587268346775
12475,2.4954962080987872,1.983431068422833,1.0811801216446557
12480,1.9786492513814462,1.4931345121991415,1.073292932225196
12485,1.4940496780758974,0.7613422642242296,1.1095577499497682
12490,1.6600341718496656,1.6843886658560685,1.6103478322764808
12495,1.651629428236936,2.0449967456728944,1.9315782551765792
12500,1.6324076911460221,1.154989225430422,1.4908981462080642
12505,0.6940567538053023,1.140886718215457,1.4196395888980875
12510,1.6324619986133049,1.2292627938113654,1.2881136381468452
12515,0.8048349664413734,1.0070013876247432,1.8575669706149487
12520,1.2294976513879188,1.064000464450684,1.1988433900302768
12525,1.6517526067158357,1.503607272661022,1.219590897943751
12530,1.2763448999717997,1.5653720993711375,1.1560721242682042
12535,1.7749791688833083,1.8698398777045429,1.3520779187991503
12540,1.6476310292494292,1.5399456775663807,1.5186507854612596
12545,1.3791485808311976,1.3565495088662138,1.5166863540719528
12550,1.540653475615721,1.3822739777908835,0.9891219184553117
12555,1.7559413579553886,1.9927622372951648,1.432310441695635
12560,1.4309911910628024,1.567424274997914,1.4540025562172407
12565,1.6352480035875576,1.4642039094156492,0.9543984252795901
12570,1.6236591349187928,1.2255384869958583,1.615434070917883
12575,1.882050385742051,1.232408217982086,1.2476472463430777
12580,1.465328534568198,1.3719334993800447,1.4776286589613554
12585,1.3854410231814585,1.2550539394924625,1.2837730701222556
12590,1.3927291950225729,1.2087205847490046,1.4004533190666018
12595,1.8073736420091548,1.6982886443000547,1.6831449535979899
12600,1.4290065286856108,2.022716586029541,1.1691098320555824
12605,1.604403064905048,1.7650536890011788,1.2631376484114545
12610,1.3304100518061328,1.298373587829846,1.4950893573211559
12615,1.454192590068191,1.8288716349666594,1.566602261893861
12620,1.452860295101506,1.3634904062706652,1.2478413149536685
12625,1.4465130550082865,2.0186948370129985,1.8125323738915786
12630,1.4167343339941894,1.1834296868435077,1.562613629839456
12635,1.3486953433717013,1.164740897696068,1.3509288320972008
12640,1.7849331602686906,1.7138921502034203,1.5489526011290842
12645,1.4438231630633185,1.2983756241148983,1.7035615158342796
12650,1.3929821588811606,1.5423526302067865,1.581400097144868
12655,1.27762482343197,1.4386016566062039,1.5186652613754115
12660,1.0624932184173765,1.0737739333020249,0.9839302379477168
12665,1.7560783056927132,1.7072097186676423,1.1974191486427892
12670,1.3174118261637027,1.5371017298480976,1.5102108942928065
12675,1.404452358827255,1.519153624950191,1.566634400088901
12680,1.5006436293039047,1.582232115906494,1.513745133150174
12685,1.6165174939098081,1.1787920844006876,1.3946832140536707
12690,1.5288793555554796,1.3053786271807923,1.4614238125776418
12695,2.0117554802744855,1.2821870696130848,1.7029954162581735
12700,1.6315553827621028,2.1755654988333526,1.8455835804609482
12705,1.0976011384135986,1.4067956819066516,1.0985401355521556
12710,1.7786635289114927,1.2387369601318978,1.2128147994871759
12715,1.7314839383474787,1.1024481121960796,1.8187213262433797
12720,1.5601562183954876,1.334497050789323,1.4245682310301995
12725,1.7022820742166178,0.9731648610111178,1.8681149735055287
12730,1.70686861346257,1.570063493049415,1.6038134811641749
12735,1.059619915619863,1.793788362550464,1.5911771389824683
12740,1.3521121327327255,1.3147615250252114,1.851064737684811
12745,1.7897688367760343,1.492941296019808,1.8448143176695035
12750,1.1971232914464864,1.5295721310399792,1.4525190028326447
12755,1.3758500879418782,1.6901209587085235,1.8700276591673728
12760,1.5127113806032042,1.3145112593914934,1.2615513652351524
12765,1.374877222449335,1.3657040748586506,1.0290031347856912
12770,1.1515059131406997,2.0713525482884054,1.389364708194695
12775,1.1886613748712749,1.8826061312282933,1.511100930932494
12780,2.3920943799094294,0.8965724632030949,1.4294119995443646
12785,1.3718486129424627,1.5428577533923924,1.2649130112460554
12790,1.7109606006582179,1.3890790790251617,1.5892608209144559
12795,2.038976029215992,1.7155877573613194,1.3369237028173098
12800,1.772596540363156,1.4637863470746544,1.4410012591114747
12805,1.490563079899732,2.200863006929578,1.4643096670499354
12810,1.7230162429836937,1.9690469106532178,1.2651672437185517
12815,1.5256796892957871,1.7165649122801532,1.2171952563920505
12820,1.6780546596623145,0.8210062160827025,1.411258229790746
12825,1.7877614352420037,1.6918228557276225,1.350503624869591
12830,1.4652038241882652,1.549735611051951,1.526703268691506
12835,0.8208955986052472,1.9449776606298907,1.3575354893862146
12840,1.2111251815997468,1.5903964769539172,1.5386000793983983
12845,1.581615033706344,1.418016526794988,1.6732916486677085
12850,1.4322212540726755,0.8770286955664438,1.5976243885373012
12855,1.464752636902238,1.2880438568607515,1.7236079473208674
12860,1.5280207246616337,0.9479443501891864,1.6243761684786338
12865,1.5951353134011004,1.8803065135009112,1.7049435967241888
12870,1.692350143548909,1.6394800577752715,1.5705165230352849
12875,1.8953533513405965,1.1515080926666221,1.2958238291749997
12880,0.8839123298418513,1.4499525515061769,2.189961507783419
12885,1.4375081467675466,1.8194579662302535,1.9743146580519606
12890,1.5354103461643718,1.6706049358759834,1.929021837126033
12895,1.98464765392468,1.0624368135775255,1.743297955913458
12900,1.9359306831303056,2.047383968568836,0.964769429926719
12905,1.398769325111751,1.3133200913988876,2.254351356659019
12910,1.2092013686361036,1.5564610313489124,1.508192073533564
12915,1.3088908555935406,1.0233567245333623,2.0345725051172243
12920,1.8996165555193971,1.4102877468899129,1.245347522354693
12925,1.8800673058095332,1.2203631242051092,1.0380492083077075
12930,1.488011608224681,1.9334185604078213,1.515292424124809
12935,1.350476446144265,1.1159937368801587,1.972794191869776
12940,1.5414918841533751,1.5573624463650693,1.5158760620156506
12945,1.7282565192680326,1.0877613584858903,0.9498678809637137
12950,1.970109730660516,1.798875678513192,1.6737984308609952
12955,1.2012107464235469,1.5194161011681138,1.8606735755535253
12960,1.9534617613841168,1.4775344631239677,1.7334781552546548
12965,1.7359278230989428,1.330539355134346,1.8750807823671156
12970,1.85056440210246,1.1744314285597315,1.6363445119578506
12975,2.111127836553983,2.314548967734329,1.4753658594233854
12980,1.0369556023599549,1.4347592969956997,1.347212050175257
12985,1.028804765182752,1.203148565552285,1.7966569711522693
12990,1.6955695836261466,2.062198676189645,1.5732106601133304
12995,1.4230417534397881,1.2307132617144818,1.550259070835484
13000,1.3574714009352535,1.0283620511970837,1.6616280901130693
13005,1.656453324891817,0.9998206592334169,1.2346950602920808
13010,1.5067005032684375,0.5375819051466887,1.536210095695567
13015,1.4494042867873502,1.3062839759096208,1.39005081774459
13020,1.5763083237955302,1.9136368324311177,1.032038130834528
13025,1.4107226673983124,1.6113881174575373,1.0957255908918637
13030,1.2090380890863484,1.5473614987207622,1.7268028579960426
13035,1.5595635912456205,1.715786893619026,1.5394550475342275
13040,1.530074831039215,1.1484344951609142,0.9516423396812784
13045,1.7299869275660313,1.4400970224729222,1.6881663321696543
13050,1.5410526932690427,1.1565850980999832,1.5358525098374347
13055,1.1623436008550767,1.3825811695961865,1.3527654355475742
13060,1.5749528743094987,1.7526847201818732,2.0094650986272855
13065,1.8860192092820627,1.7354556570250288,1.4335364585166874
13070,1.2368165043828183,1.8370560912223894,1.4616845615799385
13075,1.632032993507689,1.260059205106645,1.6161074732661924
13080,1.343917291287105,1.4923287052693068,1.404802908672477
13085,1.3279121728182273,1.524327951547705,1.792231996646819
13090,1.0513534718222188,1.3786033864176481,1.414144701807893
13095,1.3406696565333696,1.8732719682181216,1.3720431945313198
13100,1.578582921238902,1.0550448181574223,1.437515166125834
13105,1.7588093726476366,1.4538786314601448,1.164980956534972
13110,1.8108827121897824,1.925339857745076,1.3750811173348199
13115,1.1962510934735915,1.5683884868195554,1.9635545805594208
13120,0.8203097191408437,1.9049367694590167,1.82422898411939
13125,2.0581496975270923,1.390509173259263,1.3251224306265355
13130,1.505238903115302,1.1584516702480772,1.2328238711053818
13135,1.6641983584862226,1.3591437760337235,1.6119069400043415
13140,1.4082979900426504,0.9147389921414013,1.5255848930937985
13145,0.9885076736599778,1.5678085476679042,1.8565556383978015
13150,1.7457140513750247,1.8114594782636813,1.9611623394663313
13155,1.2649799975428793,1.1832864750338585,1.4587326652377481
13160,1.4205239742257258,1.365141679194642,1.7614119242235813
13165,1.7007746696051218,1.7301185564818466,1.5853201270100497
13170,1.6724162807102678,1.4366178496626338,1.4848743081464102
13175,1.967506609354449,1.2529183200067826,1.775313529953458
13180,1.4446359802060253,0.9360627401406116,1.9535712424048972
13185,1.3485578954845645,1.236063828480255,1.6313665404196702
13190,1.285330146342693,1.9331419141758575,1.5851250969398054
13195,1.661516046852558,1.4389354513131536,0.7533874903981836
13200,1.706843887094944,1.2857491943297081,1.5497114909932483
13205,1.044764223253413,1.5383460034758605,1.5255153527749488
13210,1.0006166365468032,1.451461696114825,1.5070111055286062
13215,1.5901176431541784,1.8066832758528388,1.5141662744855104
13220,1.2181182736095888,1.7393914441746048,1.8626171076902
13225,1.6922143705749295,1.4198168641628601,1.2486065949583867
13230,1.4194419894930328,1.967077934559677,1.5185715555395014
13235,1.0775368308360975,1.6198963775227389,1.2152350912183123
13240,2.0175234524427363,1.176843361129034,1.975413788046144
13245,1.4874772368934295,1.6085210821252147,1.5656870548650685
13250,1.6402655840789881,1.8111911564504017,0.9472199198818106
13255,1.268306761311383,1.8308990280516744,1.779039340996126
13260,1.542002523973681,1.998256087552249,1.506915721529695
13265,1.8948753420505688,1.9991395754340415,1.401672692429806
13270,0.9887496148178153,1.271570571292926,1.6324401431478046
13275,1.432023425524338,1.2954281489944197,1.1431011188637947
13280,1.6411210773943075,1.1033867352687043,1.4672190378509937
13285,2.0853723561746382,1.9912293460165127,1.9007455721908006
13290,1.6152568836724392,1.6126659625903768,1.529732104977481
13295,1.5601111466607416,1.1948728304971037,1.653497503499941
13300,1.9765822741690608,1.6003555325963812,2.0982756974327295
13305,1.0699755150709256,1.5160126285046174,1.4710434674211625
13310,1.048643270816712,1.5192265291628446,1.5087121048059993
13315,1.4898011024478333,1.8222399928803343,1.9151560388204314
13320,1.7992432963245064,1.3611464236005493,1.4152785318272858
13325,1.5009634390724595,1.460247548296039,1.5025656034799455
13330,1.3525902801636966,1.6433985043478099,1.7312561604359746
13335,1.6031513080212323,1.5715347618801012,1.0142285887358302
13340,1.7885012321081848,1.3243630168076161,1.3945196436594947
13345,1.4493595447390173,1.215838730732296,1.9991855233668674
13350,1.1596972542618897,1.520135785146404,1.313568533717181
13355,1.6723176435696536,1.7767051703338308,1.1783656241061056
13360,1.4188037202917225,1.6420515550365797,1.6009932607624209
13365,1.3004776452271478,1.631527789173243,1.9809068026076941
13370,1.6085670119778162,1.6168008518891868,1.7316244813023356
13375,1.711560835604818,1.1199445298063018,1.7310719627518922
13380,1.2198970893157193,1.6508766906143155,1.3049165355533816
13385,1.6459127271958658,1.3908202870205644,0.9758013569477539
13390,1.4290733715052055,1.0847994035650133,1.5951037493441502
13395,1.461862035172003,1.1764389502367583,1.9749175893530246
13400,1.7250662197668118,1.1348387540053988,1.8088928643478597
13405,1.0823467402279148,1.4384182840330906,1.0697337683158246
13410,1.4156113419764658,0.993938250553596,1.8086044576207132
13415,1.6647936222550337,1.5894353146320355,1.992678033150698
13420,1.5590434920397342,1.2305377971248816,1.532229362496827
13425,1.4386543071610272,1.3490168678739665,1.8248636719801263
13430,1.781471536010817,1.3262394720370092,1.2271729255318777
13435,1.163900228146733,2.0762498873927195,1.9510952324306323
13440,1.6490306312543535,1.5152807140320605,1.428683234131328
13445,1.2002914845044905,1.6763409096772361,1.6954651358836679
13450,1.4292241182403886,1.626587260506723,1.353749894124468
13455,2.0616870956113322,1.53319402871982,1.010067951166843
13460,1.3719606251472227,1.4670429147165627,1.288137531130476
13465,1.4547090983600295,1.4968140719128247,1.7081475140326856
13470,2.3472870724952912,1.7300893417477032,1.133795835303803
13475,1.7305079887831163,1.5348759386470077,1.3673587581077467
13480,1.6421615950029023,0.9305836881169389,1.3212262255616376
13485,1.29849610431154,1.6770238766683845,1.3505269407274982
13490,1.1432881778577284,1.3566987761620637,0.7828892056159144
13495,1.1834011303481529,1.6838646794643422,1.220399606153844
13500,1.1479207388484345,1.4075495153923827,1.0352095377441595
13505,1.58866627647547,1.0862548315192848,1.1987038330766313
13510,1.6664437834807773,0.8796588660338011,1.8197993192541437
13515,2.0477163100974387,1.1600275305814556,1.5712138401492737
13520,1.1711176441534892,1.713695537489977,1.3510217622628102
13525,1.2016091835326772,1.3787639819800817,1.8181278914119532
13530,1.8584011082719394,1.9841421102090064,0.8603523265399023
13535,1.2911905551420886,1.1619308059388982,1.6319129758634152
13540,1.5019675753839994,1.9940105222223816,1.6005325300779907
13545,1.6893940976710176,1.7654310973947325,0.9943658566932376
13550,1.4641287412636546,1.2829883557402748,1.6615746596180652
13555,1.6935377019034892,1.2296107120509612,1.2926267873759636
13560,1.6467890402406056,1.0753476062852418,1.8064737620570954
13565,1.3526325428441912,1.3007605601670398,1.5606019573537364
13570,1.4743315334566398,1.6579872433202378,1.4136796872827226
13575,1.8201263312030942,1.595634455194939,1.5719016063643445
13580,1.7107425410935244,1.6831330212600968,1.1967745489705348
13585,0.9976680935520827,1.0491596234355591,1.2346969982711713
13590,1.3070383225168551,1.7210244041746845,1.740331441840224
13595,1.6933733584313373,1.6862635023630606,1.5226587333042967
13600,1.8636755889388874,1.4283096366328856,1.3999535890789132
13605,1.3351889114738196,1.8025958305394303,1.762632051241278
13610,0.9599188762076867,2.268483587626943,1.4944702053469907
13615,1.5664299394020205,1.1625017385469152,1.6073624044046364
13620,1.2520425931245138,1.2033401370854258,2.127181563347457
13625,1.6993934811880884,0.894399391456398,1.8721984156336087
13630,1.3077061338068106,1.3471590753760367,0.9530227747515185
13635,1.4972519878078068,1.189412176720185,1.8510060666330428
13640,1.3894537964498352,1.6234416934386369,1.4429096201309994
13645,1.301611854186148,1.9423756204496405,1.3111029052892227
13650,1.5898998461386005,1.4894365492146506,1.5427210788908061
13655,1.6782894228246603,1.571951158258818,1.5059985959788154
13660,1.1950874122263746,1.1167406251759129,0.8823420318844227
13665,1.7789878995482322,1.2067546906235642,1.1448015494606127
13670,1.6342175592496366,0.974721047318181,1.9920718699972924
13675,1.3864102049012093,1.2873106140293158,1.3728003409948788
13680,1.7725024484219074,1.7523847925253895,0.6696736605150827
13685,1.5151867668653949,0.8866310017596867,1.2950086640367544
13690,1.8649360860542443,1.9350445832906642,1.0577498822633593
13695,1.4618309393530151,1.4647151759967765,1.3547873396620447
13700,1.4701290483044422,1.275533303660572,1.9961255061589247
13705,1.0417902866111666,1.5541151989556083,1.156817256397974
13710,1.0762558918807454,2.0523020127720466,1.5336595072258998
13715,1.408759368902908,1.4177053463406257,1.7185430387020693
13720,2.185436462284069,1.2338452923827443,1.37417888922629
13725,1.3757400456946964,1.702590998482765,1.4608301255693552
13730,1.3476439333356758,1.1724198954544913,1.216528532766889
13735,1.7473204341231574,1.1979974778997584,1.1944047014544579
13740,1.21392855962995,1.359114020982218,1.2656948709922753
13745,1.7303913391089365,1.1941700518518499,1.4490459310245722
13750,1.6310016620547767,1.3455129234601608,1.6107305870686823
13755,1.517577730965295,0.7973788388054125,1.2032714196988974
13760,1.9537628692737532,1.1142069894677233,1.807256745300207
13765,1.450398787371406,1.463055138379199,1.848918200791525
13770,1.6597474562189347,1.9772871558030152,1.5962907152218997
13775,1.5804967979959907,1.493370117847152,1.9201313957616595
13780,1.668762246299916,1.1602207230462422,1.8300828736153287
13785,1.3316232429457842,1.773746212845948,1.7480996544086447
13790,1.1326790660596244,1.9943237241757181,1.423546625724187
13795,1.5002066672819983,2.240943066514433,1.2471156427018848
13800,1.5384886889450005,1.5717628904068826,1.60701200849597
13805,1.3031133681891263,1.671727556840941,1.6593644009989892
13810,0.8746824077219776,1.4582746229348704,1.812421744260452
13815,1.6761102717737197,1.2195412267546952,1.8722332717254282
13820,1.3276020462918445,1.8656495509914997,1.435103924747091
13825,1.6235546748132752,1.5821840236082785,1.5807444948045095
13830,1.5210503406967093,1.4472897535689808,1.68559273323154
13835,1.4930679036919772,1.4473208354155178,1.1195871547213851
13840,1.606273706043102,1.5051226730675333,1.022494552633965
13845,1.101594194428415,1.3850743759345654,1.1578521451149388
13850,1.6804222049919029,1.6030675773006944,1.1608541766987726
13855,1.7310923464649963,1.1405282778904684,1.7490376517710897
13860,1.4884188429003018,1.3658260190103075,1.2583510979766435
13865,0.9939825468828475,1.557538848027754,2.057896336278841
13870,2.1553498522672174,1.742099793055766,1.0255831620061162
13875,1.4369849266701957,1.8148596133344153,1.4157943954745993
13880,1.3883209708055102,1.347483082480722,1.1121154362341474
13885,1.4121017559943623,1.6102367887934288,1.5825782976598466
13890,1.152912415316996,1.7748801664284803,1.8196721508379108
13895,1.853988198170827,1.344382410851586,1.810841512648362
13900,1.5211110558167134,1.6635224203409336,1.4873658633880475
13905,1.5831343669292415,1.050093815416874,1.4263665210045193
13910,1.8528465328891743,1.2961588999079865,1.7665257735058235
13915,1.7122801470450233,1.318587794517124,1.393645943648013
13920,1.7667718377423518,1.3033928861027964,1.6965952515526914
13925,1.0121541509995209,1.2650694926925439,1.2977809101516122
13930,0.9197653154074242,1.2502094275149847,1.0494801576904362
13935,1.6956169059911006,2.022322662692975,1.632122240860245
13940,1.5757921479965105,2.090303825444493,1.2059273518239144
13945,1.6505886806573704,1.1784470043862074,2.0779922952098717
13950,1.5337166996825686,1.3004911900202365,1.24651957632713
13955,1.6162714582724753,1.460304322321091,1.2257767497107832
13960,1.3072742534787776,1.9701300962132708,1.6397112068161512
13965,1.743312003646657,1.1014114329257414,1.3619391517958168
13970,1.0843763705697065,0.7270975514854002,1.6636781507055303
13975,1.5711425622679187,1.207532898660891,1.1698360604779294
13980,1.4644454028492064,1.6346711364335955,2.181228152784431
13985,1.7506062055875058,1.461232903118581,1.2898151989621733
13990,1.8765858549612693,1.2468308841627178,1.3285419106196126
13995,1.786016083405564,1.442230203235294,1.746518610267683
14000,1.2742602783156058,1.4630181229088115,1.7614426233511071
14005,1.162015810068084,1.7669463429907883,1.8532220814481746
14010,1.4964016233075277,1.7441278377357579,1.6450779107718312
14015,1.6783178300261556,1.4126984844803987,1.4830191718515764
14020,1.0904546872285508,1.692505025178084,1.4899839807986426
14025,1.5445659183956841,1.737069054576715,1.6686864011038565
14030,1.345553148760483,1.5562104911468775,1.6023819664595476
14035,1.7945029920907283,1.5265118843951588,1.682545688267964
14040,2.116274817014622,1.6871129019657825,1.369094406243028
14045,1.330179734533964,1.1666704352033015,1.7826822703723668
14050,1.893538727599846,1.2329967436699192,1.3034704332281886
14055,1.1818284021555894,1.2998808989528978,1.5541489829047306
14060,1.337945131724167,1.3263349773818365,1.386910500355613
14065,1.235628773909355,1.2908652640356184,1.8397874901113132
14070,1.3572189823564806,1.4134365108297917,1.8884339379045645
14075,1.7980105192698004,1.4331197102955877,1.7474133193527752
14080,1.6459483014218046,1.5433977505780967,1.2536346744624236
14085,1.3375245219713905,1.3929908941265594,1.5245356067361302
14090,1.6099448488787425,1.4055460850720547,1.5237303358535281
14095,1.4678591646868668,1.6684859293460226,1.7957729936986384
14100,1.5322827166593258,1.0983518943430866,1.5328949956682913
14105,1.4986179361870107,1.5027603100955036,1.8471930515257386
14110,1.185130937337758,1.7279213345935427,1.3544534903873904
14115,1.1735888704783468,1.6089026851411183,1.5186159868577953
14120,1.292838158658621,1.1420594448623447,1.3970965352584532
14125,1.2647105130726735,1.7322987544885777,1.2312454424812305
14130,1.9252861076539594,1.7260024601687018,1.438434710364033
14135,0.9896205500428237,1.8235062443895027,1.3104963905751652
14140,1.5896659318867452,1.8349857399122613,1.121577155911237
14145,1.5922004662789424,1.9009635266927862,1.2755704422470509
14150,2.136932765864026,1.30893860644316,1.1441531876082718
14155,1.2686934181480243,1.0030993625623004,1.1004558857998443
14160,2.0330560122016945,1.3845401962414436,1.6500667435529195
14165,1.2078388654545733,1.8642086319535922,1.6983696799860168
14170,1.2144854634571822,1.3967182558510312,1.2670419495026022
14175,0.9207190020232091,1.5735564811806013,1.7456775576060113
14180,1.4130267744187348,1.4091350705760708,1.1257552959067079
14185,1.3448934291297445,1.3389281265351505,1.607187163038626
14190,1.484922007247039,1.7219092821227173,1.7695919860507976
14195,2.030261011493999,2.042287659493642,2.1763005273121356
14200,1.2798115559652095,1.508125504961772,1.235429721036139
14205,1.4558398360902434,1.4919100384185358,1.0642660945754112
14210,1.5182162863159587,1.2854165587764932,0.9882080323743718
14215,1.4321850711683053,2.1113388067741585,1.18532756354301
14220,1.2984472680055419,1.1744913767666367,1.5363433648023062
14225,1.3905075834186449,1.3283220713229111,1.3488564992163088
14230,1.662291582421156,1.6549767824706827,1.4816282703080537
14235,1.6957920173302108,1.6873315674900622,1.5224207870130047
14240,1.414214053807306,1.8158637336932109,1.5139055699618156
14245,1.167214699567849,1.4153291437234916,1.7223994816444508
14250,1.4794273761946215,1.5317568367021124,1.7993132360104493
14255,1.5083681210183646,1.608844554837056,1.4211981853551585
14260,0.9217539624828339,1.7489590446803365,1.6028551991582116
14265,1.8099895019868444,1.2720596239026762,1.528659568866805
14270,1.1317438957456551,1.263893177452388,1.621627735194614
14275,1.6917092913365745,1.1711146396520071,1.8313468225981142
14280,2.217914756075315,1.8655052499703202,1.4529014581845354
14285,1.5308167778511022,1.962749960801728,1.1611415727073546
14290,1.4886332822564883,1.4490931330527201,1.9757880905628318
14295,0.7135053927518217,1.7836598343176546,1.7057869670700252
14300,1.23823851758161,1.3308148920273468,1.4531627146084214
14305,1.307307260583024,1.4230477416902962,1.795007799596709
14310,1.3531605188415137,1.4506466541766612,1.3509816948681321
14315,1.492847913211117,1.9768160844724592,1.3643708082061958
14320,1.7558185703895113,1.2558855040734753,0.8508926702598139
14325,1.649871096389807,1.7757262804064409,1.957412248851365
14330,1.4465749705725783,1.6641936940315203,1.6880217476032011
14335,1.583910929298723,1.3183267823353686,1.269998263677722
14340,1.5204351972376926,1.6616902162160265,0.9816564148663902
14345,1.3445001850045204,1.6030042523055865,1.7626409217984458
14350,1.5625747496447824,1.7026624139565731,1.627481449389614
14355,1.6403007845068345,1.2910205680755813,1.8461367336659216
14360,1.8405752273729181,1.5793160450977561,1.4077607391491136
14365,1.2572380038617845,1.4244948334302316,1.318838431815072
14370,1.7806190834946112,1.6815349133857544,1.792405137611513
14375,1.555025382275742,1.888062093882179,1.3183333832445208
14380,1.7416968900348613,1.3051909536101882,1.4005477191600806
14385,1.7837910702855142,1.369671365826512,1.8309358713769113
14390,1.0579249500422092,1.3017603568329132,1.7199855304767047
14395,1.1489741196641527,1.5938751027770617,1.2433221668366814
14400,2.064510303853128,1.49932027476332,1.6919506493793672
14405,1.3908023607820175,1.8953731216891292,1.1016240369422776
14410,1.4710597242240404,1.577745466006895,1.8055021717836048
14415,1.197385006676115,1.4681614167741852,1.7196384244564515
14420,1.4744505152697323,1.7780673964575946,1.8299796101199848
14425,1.4486505292516176,1.5700050878597291,1.07043815788836
14430,1.4126838011088183,1.5180585590599336,1.5465632833520653
14435,1.3946634860304177,1.2656650000455212,1.6348068686792063
14440,1.2936624604795377,1.9407554311185828,1.0699516794245512
14445,1.8449761792401016,1.9336686963608491,1.5859648287662376
14450,2.1256476498953787,1.2503400557039968,1.0597856898549551
14455,1.7994072099041123,1.0611008481258093,1.3575417613491112
14460,1.4025614827005835,1.467725082877298,0.8656656461449207
14465,1.3953424770952556,1.1146764790462405,1.8534783519408364
14470,1.168807745410832,2.0062016147860113,0.962211002933599
14475,1.1699332563661633,1.6024627255582193,1.0427238365624931
14480,1.8536676340237592,1.6006978475703026,1.2657593209096478
14485,1.8436737597740633,1.385059796452409,1.636720436013358
14490,1.5479220329308436,1.3929694080528143,1.9300284695224679
14495,1.2584104378396104,1.3483186171679644,1.2933202546791294
14500,1.2676817850029392,1.7787240569576395,1.8282635371523217
14505,1.286155633500646,1.4424219223612849,1.4400881425149985
14510,1.2367296782983181,1.823337598996547,0.9093274979798339
14515,1.5114298345985504,1.2917298960483865,1.51582789719604
14520,1.2759083079621398,1.279887217381549,1.2720595679316258
14525,1.2721777785615778,1.2080099222257281,2.254541082685588
14530,1.9293927650600557,2.3862555177027773,1.2362674003568557
14535,1.4193449454513332,2.087057455543583,1.7604385816950336
14540,1.5806266643890268,1.3993908572808464,1.365096822211394
14545,1.2795618981507226,2.0066399260258834,2.0176380615469887
14550,1.696872576189719,1.404653269989389,1.0755836385216124
14555,1.3003811672601076,2.0127050482208446,1.372519022939457
14560,1.318046639463561,1.6997240241486917,1.2673003250215296
14565,1.847075246246296,1.8311205244600053,1.5105035532925166
14570,1.3115665221711614,1.3116728743813966,1.3923445576471232
14575,1.9218229864351852,1.4559411151466506,1.3593270980482703
14580,1.7885427467437005,0.8377613204656622,1.6406419852183107
14585,1.7047985305373907,1.7484034676942644,1.5472878621627324
14590,1.0399660722259383,0.8937325722149824,1.1667336446362095
14595,1.849697356867011,1.214758165630279,1.4074730423647455
14600,1.2907138415903903,1.183200339008098,1.2411210068055076
14605,1.3888088555439193,1.4271285551113733,0.8355066980235428
14610,2.123644862075105,1.8149320578704455,1.6704632649754383
14615,1.3910900460960627,1.1099647976228502,1.1078470192028038
14620,1.553043323359389,1.3315054755299058,1.7893177975596577
14625,1.2860259265981422,1.617037818372089,0.924337744283428
14630,1.1377880755080616,1.4352396304843307,1.6122814425427188
14635,1.5571506640725996,1.5559220208241655,1.6247411020025118
14640,2.0583841147618847,1.7930916980107703,1.9862454481050509
14645,1.7367374290120634,0.9678217096408883,2.33344674016715
14650,1.481898841774539,1.4718983137799422,1.8598005716683077
14655,1.172757668123724,1.3677462661266837,1.0837075341877274
14660,1.2864776446390405,1.4570596823768158,1.0374470182500493
14665,1.1240509522345001,1.5401148325806588,1.5218613194042148
14670,1.4951467493279462,2.0708121269529935,1.6922795674842743
14675,1.543006605387241,1.0537344588736473,1.6140895912496809
14680,1.652535933505877,1.5029153933904031,1.7057667869511421
14685,2.0251540585174097,1.402816465714421,1.2744116811894697
14690,1.9320143745875944,1.2079946279525589,2.18956773792666
14695,0.8670021649777674,1.5420327116908719,1.6345830720152539
14700,1.4852697053189856,1.396876600634488,1.5514069861164252
14705,1.3460743508107094,1.9853843055920617,2.0227357275887137
14710,1.8535667906175775,1.3642691219795047,1.6479849775506408
14715,1.365255926649463,1.445514000639586,1.8617871005014757
14720,1.45430318130627,1.8616716772078112,1.6953468730719579
14725,0.6971112957373559,1.2139793564697294,1.4417428299401898
14730,2.1815935362376275,1.1963402120730802,1.2299445114389291
14735,1.208365174872261,1.880826637933149,1.507844994701734
14740,1.1212794701791713,1.665222790371313,1.4295977903810566
14745,1.1163976564235347,1.9330915883420476,1.6509266496299257
14750,1.46617331709053,1.2296923725839748,1.3530343709051647
14755,1.2981609980749529,1.776148871260196,1.5580375742488326
14760,1.0676798969206729,1.5348988100154524,1.2104854647626104
14765,1.6086899551341582,1.440607497730405,1.6489181030458009
14770,1.4458089299199015,1.4407983952341512,1.8710428521958855
14775,0.7718050183815176,1.9870065264991108,1.6230438409401982
14780,1.530193472810877,1.6266071781822913,1.4897865356933442
14785,1.7404589646690753,1.0025816801027438,1.4548673299883208
14790,1.6174373067128864,1.8212352166317893,1.6279997322706465
14795,1.7586626776653886,1.5875891277492307,1.4989641745380362
14800,1.7623557067054088,1.7620241463688733,1.6156238431995633
14805,1.4493075360565935,1.1053630192874746,1.7099694823208478
14810,1.3990404416406843,1.3001840291574098,1.3175157868652285
14815,1.6967113359589905,1.5431559071953762,1.3200670393231946
14820,1.2425831760349189,1.3349287034849464,1.233366212522359
14825,1.1816095758391076,1.5869472178417676,1.378679200615947
14830,1.7409014067279207,1.5605987580972196,0.9730344211059796
14835,1.3633975627613917,1.060176370487381,1.0628905199710743
14840,1.1075011310182263,1.3065444240840045,1.2429105709317425
14845,1.8310340292372116,1.7502342015080568,1.2271876245761737
14850,1.7691916937917218,1.6798899074855485,1.176582078126274
14855,1.6534838048995484,1.407873943935797,1.7706382984356166
14860,2.080601553962293,1.3528827879968306,1.0700721438049516
14865,1.4141963657733816,1.4466188665010453,1.7407837948775744
14870,1.4359672072832588,1.665834385172937,1.5031428384884467
14875,1.9753369849446263,1.3101485363373224,1.473737579768024
14880,1.3516176967364653,1.578519219208496,1.4128642084437262
14885,1.7408902164736968,1.8146232777995945,1.6656637301242732
14890,1.3345968354841515,0.9139815258819295,1.2344844345677912
14895,1.5998402646354757,1.3391877574391444,1.155611300189543
14900,1.5128581230514953,1.2635401914026532,1.4400078505295866
14905,1.6828548656198081,1.70933148038048,1.342423792220684
14910,1.6286409156412402,1.1870234139131397,1.6933906707399955
14915,1.2074397800608414,1.2555735350424722,1.590996082560765
14920,1.9525965210550882,1.5849815350365746,2.2096141080608582
14925,1.8484694323436774,1.5142220888381719,1.6977979127485694
14930,1.9928558870151625,2.1129761731985397,1.9415980539636615
14935,1.9797791589990013,1.8540827869498548,2.0698008449079546
14940,1.430086129351647,1.5124103207043387,1.2083956045637734
14945,1.3492001944203953,1.9878416310854248,1.602646730634809
14950,1.6307512666218487,1.2715465215077817,0.932864459446012
14955,1.684909527730459,1.0645843138886577,1.6587503537688624
14960,1.304020967618425,1.6163107285379748,1.8396999051867118
14965,2.039250900787926,1.341521442409478,1.5359664826340083
14970,1.4060216718470708,1.200001595793462,1.620353771719969
14975,1.314336606008074,1.5362874070769792,1.844801107969987
14980,0.9167861755901482,1.791322970300681,1.6806369818648785
14985,1.2611936878722585,1.1379690613391582,1.3708302235295842
14990,2.0238244368792326,1.4799085176082274,1.6753505786474134
14995,1.3179266454868572,1.3853080305759269,1.8508178477009758
15000,0.8580670962803637,1.4075687516148463,0.8125993366931356
15005,1.4171077508721446,2.0135474271974183,1.049727947543695
15010,1.6799656603897786,1.9611727451288417,1.5203412764261803
15015,0.8829509163908097,1.9738211733728124,1.3003464770732014
15020,1.3650285539174338,1.720570329960054,1.543118086266437
15025,2.254996897546018,1.2846960526878752,1.2848268003698944
15030,1.5348604820628247,1.5089083488630428,1.8480555951133246
15035,1.5747372947499754,1.1379913235981685,1.7092038566828485
15040,0.9866461855867107,1.8851720725479493,0.7825728987357256
15045,1.371195627776053,1.4371894572265864,2.0571118823802936
15050,0.9916137805949323,1.6104726942435852,1.0888155233765855
15055,1.25672973954972,1.14880527044039,1.888906240538531
15060,1.1823229996383677,1.2314011590476255,1.4034736382074804
15065,1.6598844917909432,1.4787538020385425,1.9091479214206646
15070,1.3319293420988758,1.6942983045327802,1.646317296303049
15075,1.3885102227823969,1.717907222288091,1.2417492746981273
15080,1.2306691457309544,1.418400083861498,1.4380676732577473
15085,1.3621203449766666,1.2323680684005178,1.5756813879931268
15090,1.6204033855938609,1.6093578162817066,1.2274217225350217
15095,1.095715738174428,1.673926296195401,1.4591178799054685
15100,1.0052965320822043,1.759279068086647,1.288912535843697
15105,1.4216906102568292,1.9016262033156652,1.6536510550962746
15110,1.5248898662000434,1.6204758318565506,1.4077009279188502
15115,1.421257613729411,1.4962561067647735,0.8886899387047096
15120,1.3610948589324963,1.9672520300888263,1.5139844500508037
15125,1.0747883229667998,1.5735601968686699,1.076577621340245
15130,1.1930842511939728,1.5141088162455834,1.7472181394990034
15135,2.163440387101671,1.6428022102863562,1.07938021892366
15140,1.512888497618463,1.286092717468002,1.9009172736869895
15145,1.5459225238302419,1.9557270292860673,1.315160262594872
15150,1.7429984406221277,1.5200128128958657,1.2009649804498308
15155,1.7402558931852492,1.5941265059446326,1.7126241196130068
15160,1.6313641417774645,1.0257645159141058,1.4006497882158522
15165,1.6473964289975411,0.9140474642551585,1.9377917734718066
15170,1.5503409377920951,1.897140015980302,1.6038491376470272
15175,1.9516280477239034,0.7418576934710354,1.9567750364085155
15180,1.9633266184513571,1.7058454849886364,1.3481682504399395
15185,1.4415925605954505,1.154390264308055,1.4157017583599047
15190,2.1447578177454405,2.0349607118882855,1.6639690132413467
15195,1.4059616023572377,1.4789106632274127,1.7082213390458314
15200,1.4691802992297125,1.88110875251692,1.736384416740448
15205,1.140692488496625,1.3412337420054063,0.9669526288442288
15210,1.5801181914364777,1.7873114116917639,1.7252765018010146
15215,1.7778867332612602,1.2956517268125167,1.7949113157216094
15220,1.5970366038633,1.3266552935229434,1.6131020830951448
15225,1.3603553312528025,1.575531840256252,1.19654663467406
15230,1.0730698149262174,1.7084303768498796,1.0994892796044653
15235,1.8923390592679297,1.7496813148394204,1.7942732719851635
15240,1.6898738221220544,1.1472838674194206,1.3373286087637508
15245,1.2761105847197003,2.040139469578704,1.047993952514298
15250,1.451413658419862,1.5981714835246998,1.4624621089010448
15255,1.5882353620206189,1.421006612565089,1.9127548848498874
15260,1.6676576899302922,1.6784209311556884,1.895047795915321
15265,1.3810203263671514,1.8271129938473614,1.4813453775687997
15270,1.4432735193692559,1.8434886292272539,1.93607658087469
15275,1.59710162251439,0.985757971394586,1.6675122968785425
15280,1.912999776977638,1.59661354363394,1.4671393166355227
15285,0.748111212145556,1.840515178662824,1.7894533662440897
15290,1.8631333931643992,1.3678604976910564,1.6088992142052216
15295,1.4871414396660227,1.4205363990656523,1.564316111328227
15300,1.777954001977875,1.5302523276251814,1.1004414680132706
15305,1.2757624878944405,1.3509676706978002,1.4257009967343117
15310,1.581984664865767,1.5476640451443653,1.271587029911305
15315,1.310762388697395,1.6224432874758279,1.0553580300264727
15320,1.7450878244219186,1.1014700072841355,1.5327189765652167
15325,1.7305713311851458,1.7907149728772869,1.4613008689390536
15330,1.2833856098307892,1.6199508656473043,1.544252231890741
15335,1.5426108287544602,1.8001052055427746,1.1843459681767299
15340,1.2796944110515283,1.8490923330045927,1.4023776244385442
15345,1.472508935345652,1.382546306004632,1.9448837018168088
15350,1.0958294738728176,1.6563444157393081,1.7481148600577092
15355,1.906732394377668,1.085737307769265,1.522326906799772
15360,1.3702160264989998,1.5252629723719608,0.8992757099737978
15365,0.8528900463301589,1.3197495479465022,0.9722633578387604
15370,0.9219186625746638,1.2045221172578717,1.8007073847701878
15375,1.6834814182719704,1.6999427239827567,2.1291126352106673
15380,2.2686223753500885,1.215206530833316,1.5294950439647863
15385,2.0019416265319845,1.1457068551824585,1.2664396609929534
15390,2.088111483645401,1.8976181419163318,1.6484648923883054
15395,1.7292422453506024,0.9260232247776785,1.4125409410224357
15400,1.408284492655684,1.1355629050984302,1.59044903586661
15405,1.616161361234605,1.5224467392370793,1.7708873844788848
15410,1.6526692126975313,0.8826094051072629,1.2071741292115372
15415,1.776740318763827,1.7268040583321518,1.9007392596342936
15420,1.550019993487637,2.0457604044457396,1.7062531711182471
15425,1.8480936689057361,1.6872725460571196,1.484786482683132
15430,1.7726508775055498,1.2860866010165217,1.7808204588470808
15435,1.1897070909762117,1.5359541203461093,1.4356700485144684
15440,1.6445698118923002,1.8898053231380896,1.310991735712007
15445,1.7999976439153258,1.769247421381554,1.7953226374787312
15450,1.7259711955440171,1.5542560019333913,1.5697958086194805
15455,1.299084829439216,2.096619446879068,1.3731383851447232
15460,1.2743841709116692,1.338413951734562,1.136446835629449
15465,0.7976748065063168,1.9446114575112214,1.1520303644715466
15470,1.5455181925374482,1.0875952210583906,1.422739480245084
15475,1.9135523397313015,2.078654161274425,1.993990449892502
15480,1.2347818818736118,1.1910466494895888,1.729318332329434
15485,0.9119163403152885,1.4473050244124803,1.7531653959396318
15490,2.0123798548890566,1.3503125841065298,1.5052053837816353
15495,1.4551102820763975,1.3746632536795125,1.2530358821431522
15500,1.2973847596679429,1.6422320587352806,1.5020779380373555
15505,1.0371859215212105,1.193246443714674,1.9060476906365722
15510,2.146627118330296,1.6993989086644339,1.6299615894917925
15515,1.0773031616900994,1.765524081647786,1.2060108599184884
15520,1.1425025757164744,1.1752188711562948,1.319976404442839
15525,1.9832852749206442,1.2864612989025115,1.6436894631358956
15530,2.050080163956583,1.4530418242239778,1.4202783999203021
15535,1.5265776395828425,1.6153447978594817,1.3274292515813042
15540,1.281369214955447,1.5713654227777167,1.402404582274534
15545,1.3030136039094409,1.1943467304731077,1.272236456372844
15550,1.26758083911834,1.4553122082559666,1.482959254394335
15555,1.858499998512976,1.4722180575101036,1.6547469319093888
15560,1.651283754007747,1.549088450219852,1.086870697168235
15565,1.5295072408272272,1.6524608420091487,1.1786441402980525
15570,1.4102235125170994,1.2107486525321824,1.782385429113016
15575,1.416630845000195,1.9322838179264339,1.6309223582961982
15580,1.1154907583891425,1.1005826460929513,1.708259457647952
15585,1.4777711851715227,2.339358399377946,0.5011640399729852
15590,1.4016038265204624,1.8201232467281845,1.2169085683810497
15595,1.766702468438785,1.7183854854947405,1.6719182171134175
15600,1.6169912147059717,1.350986240556083,2.0358987378427735
15605,1.5708967811773626,1.5876087667428105,1.7214533954753861
15610,1.6496777330919483,1.1919184864164536,1.5357192796293155
15615,1.591343904187601,1.6486051901325525,1.4727522105010946
15620,1.7355153056862131,1.3695327972675972,1.477462005719762
15625,1.1473488892418482,1.3306174947206189,1.8011660264323703
15630,1.3189494184139252,1.5496115618570236,1.7373264269481383
15635,2.0501935161707534,1.0708030836874114,1.6419250185311673
15640,1.5596748853946307,1.3745254875308128,1.154961334535999
15645,1.6234427281500823,1.6896536790510472,1.5422683429512367
15650,1.7258311591271802,1.5263956549399458,1.3340220430940841
15655,1.4041241375951505,1.1185721247626916,1.427977497750192
15660,1.3971744559458181,1.623601270906709,1.9483387358910917
15665,1.979917094088349,1.4581795209539408,1.0731108126274733
15670,1.9046639585177596,1.648331744057062,1.308773429564527
15675,1.4294796692819156,1.4696760163089493,1.605606721879702
15680,1.7443741983010221,1.89010118674716,1.4792493515074476
15685,1.3726739306854658,0.9914416495757064,1.4955086254066807
15690,1.5806146714145795,1.2375985101482332,1.9390854104018662
15695,1.8569127472612066,2.2461238931445573,1.8652885280568994
15700,1.01180111404274,1.4047650270085303,1.7565749629552971
15705,1.5510182729861772,1.6258596586688456,1.5337205479989509
15710,1.4035436968195458,1.8041510765536686,1.4679073051980251
15715,1.3564967706673268,1.2397294055580637,1.4005417624296057
15720,0.950329722117718,1.525030880325971,1.6747129875895168
15725,1.0664210328712185,1.453087885602398,1.5083162217001458
15730,1.3663277170971366,1.612410392423595,1.7331241133869766
15735,1.5799802571851809,1.399734615948118,1.6565709062901828
15740,1.5399238431488493,1.1430629626380375,1.1056128451052045
15745,1.470692594766047,1.656360359078779,1.4238098387159153
15750,1.742666299667074,1.456501113030551,0.8801090654521077
15755,1.5462313064932651,1.1210814780442766,2.1069417300549422
15760,1.4530136607377901,1.984368481072717,1.526117096375535
15765,1.3712659945594348,1.281663826961854,1.5275250932075504
15770,1.3361168671217802,1.0567733133104125,1.1276031748663793
15775,1.5627588449457679,0.8748226337135742,1.4145098176312896
15780,1.511438766863967,1.604375215416854,0.9439681170797714
15785,1.8530873658746616,1.1505422716440248,1.0982695001143852
15790,2.0210009213353533,1.4908258134291692,1.7750736808907221
15795,1.9707171160356398,1.3274848451137249,1.5334391527928195
15800,1.2994134072148547,1.4506640084441542,1.843442658180935
15805,1.3420086492833603,1.5810894434217135,1.6138202953946414
15810,1.692552152097349,1.410737536531383,1.5848156434487506
15815,1.2206783802750554,1.6703886676968018,1.3296803649045321
15820,1.858471169528681,1.5126181200411677,1.412648744775788
15825,0.9686212243896501,1.259722108133301,1.4492675129888437
15830,2.04258153322052,1.0317272085215998,1.5294655250910947
15835,1.8573168298759353,1.259491688200222,1.4777683444037786
15840,1.8251716146216477,1.7243958095143859,1.640742500378456
15845,2.4004539804838796,1.2646863449233365,1.9149867348835412
15850,1.193429074759323,1.5694914031214726,1.22658424584465
15855,1.397210578637529,1.8297628499957022,1.6097611921961836
15860,1.7031155109420533,1.3968221683578093,1.3566052879865174
15865,1.2931316637231243,1.601266828080343,1.412475433849281
15870,1.5597300028214272,1.8610007222637732,1.5598688894475614
15875,1.5452207380208007,1.6291010078566248,1.5626250986368706
15880,1.7126226912270488,1.5354713450764097,1.4654904501179875
15885,1.4385010339372666,1.617862923493786,1.3091941528324356
15890,1.489178809740534,1.3597380846753888,1.9266999692084643
15895,1.0430585062518616,1.898149940273008,1.1558413085920543
15900,1.7350931754905257,1.4936948700414616,1.6917987056974295
15905,1.3772020813352888,0.8927189072422201,1.545680443375215
15910,1.586615593594085,1.2670126774336792,1.543176326238123
15915,1.764205067083263,1.5645164189922285,2.2224004923668526
15920,1.4210504569379794,1.4503552393915393,1.5853394672189522
15925,1.7163385510821583,1.2840912441438346,1.2465439818406878
15930,1.6056265773855078,1.9350190726321874,1.6787117613760376
15935,1.651024832070275,1.4000152305499942,1.3900343287973822
15940,1.2971748349365795,1.4151299456740942,1.2574839250149028
15945,1.7097086504183379,1.7295404443533664,1.3125800198825943
15950,1.2628390531936717,1.8318518584453696,1.9106018126693984
15955,1.3531939475911414,0.9911778913604338,1.1167253674118744
15960,0.8931269763119265,1.197305056168359,1.4148335504327219
15965,1.7640631186492095,1.1403797011901093,1.6737184355912769
15970,1.7759072108230418,1.470886971425758,1.2998397660433612
15975,1.5370771975789204,2.0401548192756342,1.406119928025717
15980,1.0273899158424213,1.1897032764264421,1.5550231401708834
15985,1.7308326615718101,1.1193649225811708,1.2890692933279178
15990,1.4079935569937598,1.6557224527567735,1.210664535394106
15995,1.011696513811188,1.3342459552984482,1.752674006717304
16000,1.8640909661033735,1.4534792505686445,1.8605275053058832
16005,1.2922850752431885,1.9682678051735045,1.7576402720208235
16010,1.246025856330341,1.2498387672209783,1.1180335472850484
16015,1.334691677747308,1.2782795405243796,1.8759128471244777
16020,1.1109673221111462,1.3621257109609077,1.7696039636918008
16025,1.6876161367635423,1.3770684761898881,1.2470148670452854
16030,1.67688832527565,1.5136623581585087,1.452585058268931
16035,1.7549310444083048,1.5283470049202446,1.9702788451995779
16040,1.6814691004838995,1.8943441843288533,1.5910616968516136
16045,1.711379354213382,1.1326467827043372,1.7891090071664637
16050,1.901058304707804,1.6655249121988651,1.1026598628219917
16055,1.3427060087252625,1.0770254549482499,1.919446239180618
16060,1.524184635990784,2.26666466011198,1.2125387698985959
16065,1.5272664017899273,1.97866090729643,1.3971540841545913
16070,1.297884314295551,1.3402155823185908,1.84882532611268
16075,1.7839192295857011,1.6089936487089782,1.2038226778730037
16080,1.4931504257402926,1.0283608947500589,1.7363410266635069
16085,1.4175999015677354,1.980244250774886,1.933475559584173
16090,1.4085384405634267,1.2379098996095732,1.4461432993047798
16095,1.8162515709696585,1.8932957490775013,1.710650401758324
16100,1.404444828760302,1.7778147584488715,1.3660687845804789
16105,1.370095877925619,1.2804505498884406,1.5961138497735783
16110,1.76025272794684,1.5637427170135392,1.31657316633703
16115,1.3059823246793636,1.6648511216590145,0.7615151023860105
16120,1.182597142579892,1.9157173023573748,1.4351616474419713
16125,1.2230742283191525,0.7024779906494233,1.5033810407968107
16130,1.9269204059042258,0.9362923005201435,1.45019714807374
16135,1.4029290599094613,2.01935142611804,1.5153407322795471
16140,1.0181035105456555,1.409447729736871,1.8602724249575207
16145,1.340838842458332,1.410923278258058,1.3778791514515474
16150,1.8934601151537729,0.9458737073511807,1.8215618050849884
16155,1.4143582220750064,1.1216068155504195,1.3758774961237537
16160,1.5469143768025622,1.5306472622682965,1.599603380065903
16165,1.2855804238193347,1.694755240384964,1.2241394970220938
16170,1.0895053182195387,1.603105183146601,1.4847006183300573
16175,1.202901371593418,1.6202231900930157,2.1670594843712654
16180,1.734937272518955,1.398337313459889,1.4325096021137005
16185,1.742897100882737,1.4608931529151246,1.5896273816363697
16190,1.7115996876491493,1.6759094166082924,1.4696710604727936
16195,1.5456198202892026,1.170270139783966,1.7266190004551396
16200,1.017413660462846,1.3941150637903263,1.875194245861558
16205,1.5359673873867825,1.5531509567579012,1.3381242421113777
16210,1.1984675073745794,1.6881239630048386,0.9665498777460045
16215,1.9553864607535838,1.1158915406554866,1.2907742665092456
16220,1.3619441226806734,1.0220774176404954,1.2798699557153381
16225,1.5536591077911426,1.4403907859315457,1.0693852642228825
16230,1.4578370969005805,1.9081749845378158,1.3213563909051578
16235,1.6765825385729969,1.733590132826858,1.4653965786071272
16240,1.6753195594957708,1.407152788765734,1.5956211680657055
16245,1.4565218641917974,1.4896271320726053,1.4076599475788345
16250,1.2914775716039086,1.174287593805533,1.7097720682835864
16255,1.2818938262505413,1.477499836814841,1.5948042001987273
16260,1.734863702877539,1.6894880309605345,1.4175421679232465
16265,1.4270123332639582,1.7004194915764501,1.4777110085099827
16270,1.5052204751546396,1.6353740013294265,2.221271758308034
16275,1.0301373194621326,1.5320760330058865,1.829567021363376
16280,1.4126517339348414,0.5517144324965233,1.111615940051736
16285,1.552088588863849,1.586001294201968,1.1940898550102397
16290,1.8287608572314626,1.7537256452907586,1.2778780612647853
16295,1.52410268962813,1.672564822572471,1.2876986626609241
16300,1.3499541641518544,1.5119152683252213,1.6690524912975777
16305,0.8934045075734564,1.5075307299576122,1.2117263684362753
16310,1.1277301598937544,1.3756809123356786,1.627378133840336
16315,1.5144251378857172,1.4798086040602465,1.3229081756041945
16320,1.2461111896521813,1.9257102615646917,1.4966176559884867
16325,1.3722990477184827,1.4693319077953302,1.6406470700309217
16330,1.8300544707300528,1.5739206212389396,1.0992200667122956
16335,2.06383548073214,1.4481737054796981,1.5024318471840241
16340,1.2624337618995207,1.568015028306661,1.93936862651612
16345,1.146703847067495,1.774849757104151,0.9948635602666865
16350,1.2842296014424521,1.4203872935635975,2.114198472404348
16355,1.7946840202694954,0.8779202267944678,1.3529465832743721
16360,1.231334895525456,1.355423407116494,1.408386614276333
16365,1.8180283787117923,1.7662007758628353,1.6747116606444852
16370,1.374097917541969,1.51781592892759,1.324201748573529
16375,1.7077257448666652,1.400392183183323,1.003299009871879
16380,1.499081941931181,1.5650438924417365,1.5188781228088901
16385,1.607719729805742,1.4900751294532688,1.3107741749972808
16390,1.5707025417939648,1.880308782557981,1.038305896599802
16395,1.5159322734529295,1.6346721264180968,1.2822692786145444
16400,1.5441629755873785,1.6885420418554151,1.6930371597064628
16405,1.55457589679316,1.3714419062990637,1.4931947490232347
16410,0.8491540401078841,1.54572422390602,1.360915140478118
16415,1.68653678926568,2.037191544964018,1.7193369727016015
16420,1.4102598277045246,1.5991284288481482,1.4558627045353998
16425,1.5358392870248965,1.471352205514649,1.014368408295852
16430,1.5829859397730697,1.4233732511614066,1.2425020390394863
16435,1.0503928943026217,1.3443585248796217,1.3356043458548008
16440,1.7314044040707877,1.2317489002296231,1.4250092204742955
16445,1.7898136966144094,1.2752045651183732,1.5901744984441182
16450,1.364754478781347,1.5379276965513717,1.9190220454358378
16455,1.702312785222642,1.7249101960768383,1.4574544499597075
16460,1.9415081808475185,1.351886127579146,1.2787964472971989
16465,1.609348327664089,1.2563807787652268,1.6532934483937056
16470,1.674991120526323,1.3411274657932253,1.1526768098426665
16475,1.9217807464622205,1.7565576034494408,1.6011112430906103
16480,2.0892495517947403,1.4021717205027984,1.8120665503052509
16485,1.5060592842930107,1.3802476254596068,1.4129396458882482
16490,1.6315062409777539,0.8258298285252055,1.5985283109037784
16495,1.6090122695469697,1.3833856032683134,1.2155306749875494
16500,1.2225041444826803,1.3884360065345949,1.5721575571817368
16505,1.6709735000914305,1.7498839991599258,1.521888600173213
16510,1.338274531225399,1.7598070095378573,1.9348840457596714
16515,1.7330745771944607,1.8832357634053427,1.7442460568109222
16520,1.6206650707887196,1.385158645236306,0.7135056499302542
16525,1.2085274888522384,1.2028916773111349,1.6683207707743561
16530,1.240607743001294,1.4565376783537147,1.5195156663691158
16535,1.7056448179409758,1.5632079988732765,1.552689285342838
16540,1.434059166044037,1.4843612611362376,1.0799231914046554
16545,1.9575858973465057,1.2244458338117876,1.671276956877185
16550,1.774635119213091,1.7458329989293735,1.7664913364286945
16555,1.6119824512212528,1.375622552209897,1.7162379957022509
16560,2.1775441263649484,1.5060704345976688,1.454083691152429
16565,1.0962314609242958,1.743058549088721,1.2253785606867358
16570,1.9955243369416633,0.6867393592950001,1.4187414798242284
16575,1.0940152238865246,1.5801728546794849,1.6127768274500611
16580,1.8430845501782473,1.1375573888812436,1.2014236479491807
16585,1.304421603142277,1.3637894437917195,1.2518207284502116
16590,1.4482312288234296,1.0895236733736082,1.5009545476747186
16595,1.410535411076585,1.8353008185583042,1.5990549087464452
16600,0.684396261418302,1.6870335233770974,1.363140931527665
16605,1.6650994431238917,1.273472008677049,1.4973741831587815
16610,1.515383142538436,1.2157381429951049,0.9747312688881422
16615,0.9766899313193675,1.2084445645807302,1.7863012106295937
16620,1.2446629511675165,1.9091632612212703,2.0559684871442006
16625,1.7483781433087788,1.4857757899728605,1.4935759506690898
16630,1.5519251286099822,1.5452113545147008,1.4374900323013564
16635,1.0480415627002302,1.3447800459749475,0.5807519217578575
16640,1.0263734789460197,1.7838542414203853,1.8023214607562092
16645,1.6225239001300076,1.6733411709641113,1.720367144308103
16650,1.9785360225651893,1.0695788378369804,1.4822373927412578
16655,1.8072521433278705,1.1916266556904378,1.4428623678779051
16660,0.9613400013791075,1.502956617636122,1.029502028581852
16665,2.1963734962348473,1.5846312533686586,1.1948369214383936
16670,1.345594179207913,1.5612607450290161,1.3361669016022857
16675,1.0811285643723585,1.1217863748483652,2.102969484278216
16680,1.4700822402076636,1.4742252137664975,1.6939474131490175
16685,1.7477997913393977,1.1102141873004068,1.4610199943095314
16690,1.6349840753541005,0.8904051635357685,1.6666957674719787
16695,1.9064695876884719,1.6290746100866642,1.4824344950676918
16700,1.5908140365585806,1.6890435658630791,1.612085118678008
16705,1.7631069281963465,1.6702947052280535,1.4470656839293992
16710,1.4402583465347356,1.5304957732821691,1.854619568853398
16715,1.4345787376116514,1.7216728421412655,1.3736603943465417
16720,1.6607310433107412,1.848533863042587,1.8620992648364167
16725,2.227898441390769,1.0264297230710078,1.0505266793305386
16730,1.6583692312258778,1.3447444365850794,1.4892578977831614
16735,1.2469189950752844,1.9829128807890402,1.7105988625909134
16740,1.2291434769649425,1.9217802352855289,1.4298106732856684
16745,1.402822679873807,0.61914087249177,1.5909907578131717
16750,1.5776764144504964,0.9965618767942105,1.9241832709203635
16755,1.311180669852841,1.5325897842258185,1.6483341671606904
16760,1.2347082667227567,2.1095220641710637,1.553608408484288
16765,1.4699627718360284,1.6854481816987652,1.4263046938597452
16770,1.5857998853724409,1.4768483668855374,1.6562835510990275
16775,1.4990864713415595,1.7992215279640211,1.5130558107837266
16780,1.679847149070878,1.6529034027602734,1.3007713120785038
16785,1.3703299517764083,2.2874677697621673,1.7041891535255007
16790,1.9111409547015186,1.4099460527469763,1.792654922195742
16795,2.059730552417111,1.6331934925510692,1.381772191494094
16800,1.0517855424862592,1.5067119932819282,1.667711867036603
16805,1.558855909406943,1.3524022087691505,1.5953674190230407
16810,1.2219412935886949,1.9378417454095909,1.0693804952677983
16815,1.4034981094149324,1.676362726772196,0.6537218959377706
16820,1.3211999471226492,1.4465423762909728,1.4992889827469926
16825,2.1268618713627063,1.9612725670838203,1.4935810810248011
16830,1.4399391956520764,1.4026689893983293,1.7839807290223244
16835,0.9810860985127791,1.5245955737165928,1.0712002591052678
16840,1.8993216572144371,1.1950181203163135,1.3350945962233203
16845,1.1222405623001341,1.5141002246145605,1.5555655192735014
16850,1.484843300506395,1.6559502234215904,1.4597826146186386
16855,1.3469951422113862,1.509874521710919,2.1104340865255877
16860,1.4857660560222938,1.799735276707601,1.495159561251517
16865,1.3598639847698015,1.5537557910699777,0.9597175048077955
16870,1.4836756825352535,1.8109002179719627,1.7485106986993024
16875,1.8155123263139572,1.3656471708162752,1.7022429123240204
16880,0.9212627475996217,1.3515835869751036,1.701372835466733
16885,1.544758862015093,1.0385742508865596,1.270053604083121
16890,1.3613978709469754,1.4769310254733248,1.7440159368808106
16895,1.3096782017311297,1.6353516677348952,1.568035721055946
16900,0.9231423415872126,1.8223600350716587,1.1654803147401134
16905,1.3137956357342178,1.5555289489291497,1.3051850162615664
16910,1.385975609058041,1.836102342471851,1.2550091078732168
16915,1.2475095979186,1.2468058985068313,1.9554203547298576
16920,1.7729040659463844,1.868354127807806,1.503391141736123
16925,1.975887953143498,1.0824233116424606,1.2762597629213313
16930,1.4794673168187533,1.417462416115519,1.7861067608551795
16935,1.1688458217246502,1.2119892201444677,1.197147579901456
16940,1.077850238081634,1.702103405455964,1.341352790212904
16945,1.2659784451660678,1.4250402677480576,1.425615953180894
16950,1.1187412795168643,1.239068917854555,1.4066886535356702
16955,1.665704559488582,1.847247516490822,1.393296374648484
16960,1.016616757976676,1.1943995563239806,1.2301270349871398
16965,1.684633880344868,1.8063185486651485,1.1872577277388774
16970,1.6385907151268782,1.2064556667316886,0.7757846046786512
16975,1.1118204384964998,1.7080189932380987,2.1408655346203487
16980,1.530672614944632,1.7481825129647657,1.4013556066850252
16985,1.2707177885450842,1.5870466163039951,1.5464025391551035
16990,1.4604869044434905,1.2803793635194611,1.8419078379822391
16995,1.59501252287187,1.5337408139790178,0.8333139034699518
17000,1.2919867064090478,1.8266438798495634,1.5408342578940568
17005,1.4396769414855053,1.2832841890033104,1.7216088999065706
17010,1.5213514135462418,1.6141085453146022,1.9306753844877098
17015,1.420017716794951,2.2241394110451784,1.496636060958384
17020,1.058827001213211,1.3315072274405775,1.5500097369068657
17025,2.275323042591415,1.5474535791106463,2.2853462047029
17030,1.7113990571638151,1.3551629692586302,1.0529503105632325
17035,1.2813785253332983,1.5425740958558058,1.372773317554847
17040,1.7829547641190153,1.3291156065096335,1.669877571056318
17045,1.1747877835208378,1.398057978265132,1.8262662754996053
17050,1.5525700613664013,1.5363070322625747,2.0466970405725675
17055,1.4860346034663867,1.607613601055403,1.303957832651818
17060,1.1594047272629642,1.5430683569114987,1.6907360142557197
17065,1.6882459008600719,1.6623572107172078,1.245965283937014
17070,1.5450845127325266,1.2755390001093285,1.387001561727662
17075,1.6893925574245237,1.312735612126234,1.7363103470001184
17080,1.30417216869384,1.4085737537813745,1.3224311208936694
17085,1.1748801683261483,1.6755099653437322,1.9825456640587227
17090,1.1353699023348844,1.8531672952124343,1.7446281402907697
17095,1.1001244756254296,1.9888664426893277,1.3107340605618871
17100,1.4014941043116318,1.3306600309433658,1.3192441888858557
17105,1.7406309129289799,1.6871476707449715,1.0881411772985026
17110,1.0026022731782853,1.2624222310472675,1.3319823354269429
17115,1.3399083820562423,1.331889496412471,1.623558060585282
17120,1.825786839583075,1.5015799064770645,1.581025974903771
17125,1.281619567117744,1.3742455001232599,1.9449400642035348
17130,1.606288563646283,1.9802311749467865,1.774598479344529
17135,1.94005016756353,1.5767222463695605,1.8123935659286272
17140,2.002456660545262,1.5668109588036128,1.556029428558822
17145,1.5672733563379302,1.6765144486462422,1.3330385858007348
17150,1.6353317756130896,1.6616833113653493,1.1290657415015926
17155,1.9142551838027269,1.4800920640609412,1.218496530908289
17160,1.6620927613024385,1.635054223516192,1.8439786123085642
17165,1.165609490401073,1.4725313149884702,1.9532379982178592
17170,1.4013419027051155,2.1483011849146103,1.0729521216266351
17175,1.7889708318761113,1.2812081982599093,1.4124248333209928
17180,1.4270224950513575,1.4520045780679791,1.0053054127272207
17185,1.2634495536801642,0.9286500802915072,1.204333290289623
17190,1.4409249034017464,1.5094987645659517,1.6378195483688553
17195,1.6324801196970273,1.1089059231722767,1.7870601483280408
17200,1.92288036125885,1.5787340337741866,1.4453234566230868
17205,1.3866189737288257,2.0089608851575376,1.4271025724018849
17210,1.538664204061042,1.7760022417172716,1.7005041312907399
17215,1.810751584593172,1.6666325871837377,0.9868731564161898
17220,1.6207836174736139,1.5203506062738517,1.5352833249086288
17225,1.4665887680288205,1.8965209164639343,1.3280498843535493
17230,1.245032761553967,0.9931340953071166,1.6832120180237038
17235,1.572258808253905,1.3446774933851633,1.4209019284667928
17240,1.7566095121708774,1.646995913255885,1.2677897038650325
17245,1.6331876586464682,1.4638364643744235,1.6951718751397158
17250,1.1388413358046474,1.26261101754035,1.3699064929709597
17255,1.5374152085496189,1.725914102254153,1.3753912266378325
17260,1.410150386142555,1.4501668799733185,1.12722162138883
17265,1.4724061227846186,2.0547293422412896,1.4255632496997972
17270,1.7376353756886882,1.3108314603891298,1.455898847553123
17275,1.1998792173054924,1.511673105615608,1.7474796568494328
17280,1.6070809391484913,1.2996006571218808,0.9372278553094389
17285,1.7370974482587043,1.1702580655341932,1.5601522041897737
17290,1.3698308630429044,1.2206708815880978,1.7215793468938059
17295,1.7371945692955606,1.3762013669506652,0.9645201080336439
17300,1.4888693615429334,1.2343201991809327,1.394206306847757
17305,1.155056325755969,1.5519140211789164,1.9243181768172175
17310,1.572193711169326,1.4051715128707287,1.8256645609795181
17315,1.503255569132996,1.8270608170149671,1.864914850445221
17320,1.416323942716986,2.028996576637264,1.5634625108064046
17325,1.3139029942979794,1.152521486880251,1.6759927069138107
17330,1.5523973175237182,1.5579048030820795,1.5911410438232998
17335,1.804439082780041,1.5759691315205928,1.3188575050570932
17340,1.509485141107936,1.5916250848163704,1.7167253601962966
17345,1.6256420942745702,1.7474217360837334,1.2277905648884413
17350,1.4762828100293637,1.6392016031443846,1.2474381181128302
17355,1.9847158749440363,2.014634907378714,1.2753858854871531
17360,1.599209184722057,1.6307279753292883,1.052530929156709
17365,1.5274682834707438,0.9906645565078387,1.6273116818559636
17370,0.9922681712552506,1.730662151753394,1.8797841111901699
17375,1.4022240668217518,1.5661491330456712,2.032120866449861
17380,1.5576324918263964,1.419617182449639,0.8850822871014025
17385,1.4266146974368068,1.1420073131856663,1.3826415449198755
17390,1.74202661965862,1.6926177630298573,1.2524779136420778
17395,1.6677816020803569,1.134720622859932,1.6738370204655475
17400,0.8872723242514517,1.3637053564614974,1.2753599752468365
17405,1.5304832327035496,1.784336163796423,1.6142188577891874
17410,1.3259735502544465,2.022839376762301,1.1315195535005622
17415,1.2466993559306727,1.7389951187679287,1.2994270630239522
17420,1.5946211737897629,1.620067991634769,1.8260516650685799
17425,1.6416013134757266,1.3666007395594715,1.6513360078673982
17430,1.489529291139139,1.194108010298686,1.5227056525600193
17435,1.5534367359471206,2.0688013340644273,1.6016109632736226
17440,1.2048884215064184,0.9693177564144904,1.1936904904331627
17445,1.7131615026072842,1.7458317763432838,1.3544046164508028
17450,0.7492569049970159,1.313573817250154,1.444524422728268
17455,1.1622328514031346,0.9727072187114074,1.6936654122619343
17460,1.7102579966306224,1.6312223602159943,1.276152942337362
17465,1.7182143958063134,1.5767583333230062,1.2278035766736939
17470,1.1355523049090077,1.9560569595565207,1.257546021076375
17475,1.1677891229726773,1.6826242547316717,1.3677078983156463
17480,1.6831906726488761,1.5601511068452774,1.0518526325439672
17485,1.1854556300546741,1.625792733457075,1.5241377339470188
17490,1.4267738305595046,1.4460593042691796,1.2321740048349474
17495,1.7765151598016518,1.7076639516307293,1.5541812537567583
17500,1.199389809775736,1.3374021359124557,1.6967399841186042
17505,1.8058053966051184,1.9011345981969834,1.3674244250382361
17510,1.6571157734337596,0.9286185925196446,1.4063631501419407
17515,1.3267700333095682,1.3122941913187596,1.081919580427832
17520,1.1573971756419987,1.3461000381295025,1.640305374879632
17525,1.257879739780436,1.26983650963789,1.36350903555906
17530,1.1209250079084419,1.6627428441160497,1.0572077653147
17535,1.6232657719731631,1.6674322787923441,1.7749378221691137
17540,1.5426612518593459,1.9082650219874127,1.3765451118016607
17545,1.6907728182858452,1.9010524401765352,1.5900081262752868
17550,1.3106386593865198,1.516471849164027,1.0472838569483198
17555,1.7769217506480581,1.1283501051588496,1.4076699504001102
17560,1.432707620468401,1.2839721715962176,1.6231904688391037
17565,1.0032114468749422,1.2086088911724513,1.3779495508513624
17570,1.5045500141090138,0.8756141734428079,1.1719650329131381
17575,1.9113467492709002,1.5775973859327888,1.4541114058465718
17580,1.5017187831416783,1.781292580313762,1.2338138564009744
17585,1.6704062465633598,2.013950880098744,1.3755016194073486
17590,1.4010234448823737,1.7300578294013222,1.0771470335379656
17595,1.5901822145811517,0.814819405869064,1.4429581256256288
17600,1.866265592908612,1.118806350907223,1.6131841200133508
17605,2.0171842362412646,1.2516118674982615,1.4538159148282526
17610,1.3280970238190366,1.1121907707414174,1.711767938656364
17615,1.7335921526431064,1.213669374975032,1.3963247449777267
17620,0.8698632234231921,2.0217655590873242,0.9897813389377551
17625,1.0274125305876605,1.350127988489724,1.4060580403360532
17630,1.5410837501757424,1.2082980462716315,1.4186531490415855
17635,1.6370984723496718,1.8680585117240087,1.9520515607776756
17640,1.427046760317925,1.3132027524989909,1.7302918968192433
17645,1.5479409747928632,1.301212092575366,1.1080293879927439
17650,1.7922588980503307,1.6685430987903884,1.461226381652855
17655,2.083460632688364,1.5585132013290357,1.7835411950127589
17660,1.3603266400320833,1.8616956039745098,1.3819690921606624
17665,1.3963121685905402,1.6990107880555014,2.043623293975908
17670,1.3650946838718971,1.8207514894857322,1.0939250005235839
17675,1.665266103240342,1.1465621229639686,1.57221412561027
17680,1.7295020649674506,1.778894776804541,1.5345943598643428
17685,1.3284575028321404,1.3677977396610461,1.6239350990851902
17690,1.38342750961911,1.783874955312213,1.3706187409353119
17695,1.5254310675311786,1.1177644663769042,1.5381846775593213
17700,1.709662153073794,1.6637235744639498,1.6471963295803598
17705,1.3599555484783639,1.9177830293403297,1.2566576402540506
17710,1.4451816484359037,1.3735117440946476,1.9564208041686288
17715,1.618303729249218,1.8388119722482108,1.7057250266761537
17720,2.039953168456419,1.6663016216356026,1.6665090672817433
17725,2.066867083329953,1.1415516510555723,1.736997757856559
17730,1.6977415572840444,1.4004359067168421,1.24044574811213
17735,1.3600063689069195,1.772040200239816,1.4978530147212148
17740,1.4705183655753726,1.715652158493401,1.3524202848426363
17745,1.682206216633876,1.3518853712415173,0.9808390729492524
17750,1.3780783530494678,1.8158540884221632,1.4756625846832134
17755,1.6560436980027302,1.380160074898374,1.3395183335625187
17760,1.388935898691233,1.913394138277599,1.6757640234388103
17765,1.5590546313780471,0.911509945488973,1.2476135387969345
17770,1.3813807597208305,1.7865863899079863,1.2732444555529148
17775,1.292737566500437,1.2404659765092574,1.183153932568097
17780,1.6139197069393143,1.6567672757526586,1.9743263841027519
17785,1.0799490414729052,1.6914804219674389,1.6566835025756736
17790,1.7630553711982409,1.9766533504754353,1.4415639265830211
17795,1.5025117751072998,1.4681499975752224,1.5261623288134163
17800,1.6334048449708438,1.7199535767129357,1.3752764173433312
17805,1.3425436706833958,1.92225013585975,1.28955948969785
17810,1.9488307373471683,2.015118291241026,0.7303927577491952
17815,2.3480714458805374,1.455889173671211,1.549504101238497
17820,2.2336354132397185,1.368109179430791,0.8345046735287197
17825,1.5889827953358944,1.2415629165034925,1.9761030395292303
17830,1.5534755575071029,0.9031792568855527,1.1078428446321729
17835,1.137474412612935,1.740865983894798,1.6277058184100528
17840,1.7604275081684766,1.2982044244996045,2.012494423887028
17845,1.3863626007369054,1.9139257343302984,1.1820596047722611
17850,1.5393415722122707,1.7772786463620238,1.7094031940693584
17855,1.4116990789397934,1.8869032896270181,1.886097955874259
17860,1.4942211898865727,1.5076964653146936,1.5920677743247942
17865,1.0029050842287344,1.15321955468952,1.351365811036223
17870,1.1168043021508254,1.832654966328236,1.790890901959198
17875,1.082994637511559,1.2427030715919578,1.4190819216709132
17880,1.601375544373228,1.0851049615853572,1.5936348704690069
17885,1.4257736091465005,2.0874719054619497,1.5142454308660003
17890,1.4984165079850462,1.13970164882468,1.7060261675822315
17895,1.10516292229842,1.1487879561366638,1.0604717061316844
17900,1.3442853161587014,1.1107543477744397,1.5429189095965545
17905,2.0906156115359096,1.8675335315192432,1.8387220165696618
17910,1.340326504931539,1.38012139739795,1.6517303027551922
17915,1.732079943095854,1.60312459997493,1.2599912127712125
17920,1.750116837956462,1.736358729333354,1.5018899461862922
17925,1.7526276240381957,1.3445748184606734,1.566815762201311
17930,1.1390491014339004,1.6634023939032192,1.632694086793249
17935,1.4522355422232769,1.1808230495554595,1.0123180411744228
17940,1.6046820738575556,1.3459242732528125,0.9709285821363818
17945,1.3601128933946085,1.8028667273732495,0.928169934256326
17950,1.332019008735298,1.4669786164231589,1.596633201211733
17955,1.6575582804001816,1.570173040802194,1.0629119754693983
17960,1.4112308168247836,1.7604636914320835,1.3274725495726984
17965,1.3690035367458606,2.241546543468876,1.2775076975518582
17970,1.4495070756209372,1.6576261164915942,1.7686618787166375
17975,1.6904738360026172,1.6436307965161503,1.19364322693048
17980,1.499151834423746,1.5966364517901863,1.77460542486133
17985,1.6555446849014086,1.159905052683153,1.5803762795974996
17990,1.0112700820459268,1.3873068823065686,1.2422004281734536
17995,1.2689178961479914,1.9310799677842114,1.5423314535081787
18000,1.420904458860114,1.557365806831153,1.2090518207567975
18005,1.3487639844100734,1.1562192534587785,1.8673001580134438
18010,2.000510471767272,1.332069402752525,1.3481917103870227
18015,1.6375013794977373,1.5719622192875635,1.393915079919913
18020,1.6617065356234615,1.5436704521696882,1.712327360194844
18025,1.9692570038309625,1.3634956856209075,2.1531570543394785
18030,1.4790059787123635,1.508714468781466,1.6039650016888942
18035,2.0554393202716215,1.4758017708687412,1.7989503848989084
18040,1.4660168463679242,1.860679692232404,0.8058928450984076
18045,1.7405831042911206,1.5802617647188517,1.397128041436664
18050,1.9357609547742263,1.6411925084349708,1.5288694895736568
18055,1.3334803780852806,1.492815784403542,1.458756504276436
18060,1.3288810980701744,1.6666075552474013,1.5312103362431937
18065,1.426587372684563,1.3538136740530373,1.9370224213385427
18070,1.1408259570840547,1.728416433905923,1.0515419517879399
18075,1.3920276845029533,1.3731640851709241,1.5799468006617943
18080,2.0235772925530555,0.9727691047474689,1.6662653710248547
18085,1.6047513313016162,1.330853813714603,1.5351967184182755
18090,1.4372508483918267,1.936415028169114,1.1726443947829264
18095,1.567161735543132,1.2936629798401427,1.395458792621302
18100,1.7914684530954859,1.6219705534323174,1.64411108185087
18105,1.7411756571133972,1.3844457256521634,1.3452716223129761
18110,1.478695865811444,1.2770311268548118,1.4531909414316748
18115,1.5086161367078792,1.466227619294784,1.8153691198921458
18120,1.7179685702749978,1.4511085915614226,1.7264152513304658
18125,1.315261986168807,1.5677495088408535,1.447925757963021
18130,1.5138342666872115,1.0023017524649025,1.5680261496901224
18135,1.6421839468993678,1.859833471866277,1.5772774398562137
18140,1.6292206574349828,2.0451581254088396,1.159677779190736
18145,1.3490149615906433,1.341348330017126,1.2799086915130757
18150,1.5113513955546767,1.5848616230544277,1.6227969429193636
18155,1.5648682600671688,1.1650955569269998,1.580187656071265
18160,1.3713434681671615,1.8558863288199592,1.3764434598912947
18165,1.9222324672558866,1.545878328473576,1.7354652123992254
18170,1.5776699925038948,0.6331065163233024,1.5649769699214136
18175,1.4878213709322523,1.2525048598739015,2.1050335509116085
18180,2.0008744866712735,1.7081485365858549,1.9873434933189993
18185,1.7122343860880396,1.0657823122907566,1.196748426779954
18190,2.001362735810355,1.3697388529993426,1.4102385891320222
18195,1.966154634878659,0.9889007923395869,1.8593213866557807
18200,1.4291408753845798,1.615505167503246,0.9302784434765009
18205,1.2690470666827631,1.2085861925207444,1.1574506399920648
18210,1.1619881730918247,1.6661930112224081,1.5981049488531192
18215,2.2599371468397664,2.144220576672608,1.5826291428144668
18220,1.4304969409960473,1.2136128819913374,1.8430699434500366
18225,1.402794225031567,1.3515997332169394,1.3729212970244626
18230,1.042205575346487,1.6772991591270752,1.7703053373110378
18235,0.9850060850916568,1.6142053732925943,1.6107657534220639
18240,1.8036368813796606,1.5763494412604837,1.383765710426566
18245,2.1234997052414704,1.6418450077528797,0.9452668430997128
18250,1.299289694734175,1.2450419562857595,1.472059801934386
18255,1.63308247247514,1.5042652345940841,1.2598753290290012
18260,1.7614827468774465,1.5887279086331283,1.1597999570789534
18265,1.2237962773168152,1.4430643302277337,1.0803819645688875
18270,1.8390078163222698,1.5180386027042516,1.2048637929384813
18275,0.95323659429414,1.3563275269934465,1.1739630950217024
18280,1.3496441178485603,2.116611388252278,1.4578802722357653
18285,1.6677216288894623,1.7529179618768935,1.5347274694501485
18290,0.8048353041919678,1.6213502025112918,1.3621654598037638
18295,1.8128671335533655,1.2824595144381123,1.8743515482233741
18300,1.3018104053011859,1.113090224205746,1.172160550015767
18305,1.6206737894281869,1.82825389810087,1.7499663187325112
18310,1.5456040455836333,1.6481656557776465,1.1756676949783256
18315,1.575789153936218,1.5162985144233445,1.321093820775159
18320,1.6413304652145646,0.8490999688083165,1.5487218410221444
18325,1.2318116944374757,2.0099311037942273,1.525096739340882
18330,1.66601246010688,1.078049075265193,1.6406190881035603
18335,1.820395460362887,1.6348457843660045,1.8758474664640252
18340,1.915364331303964,1.8055195150889058,1.3777089850996378
18345,1.4486049136042374,1.4912773399788652,1.173346329768027
18350,1.4361835089377606,1.260726420916932,1.0186456225282248
18355,1.085582880114569,1.7722283223917148,2.020979495677642
18360,1.3564741548641144,1.4929582767191318,1.7691031689149674
18365,1.9372770707646838,1.6983448791942277,1.4813652816553364
18370,0.8872539038002788,1.4890910723268103,1.7056293136320746
18375,1.3700058746702553,1.760816941982757,1.4702742614020703
18380,1.5225557335932893,1.7680495893854968,1.4058105004128734
18385,1.3487748343262667,1.2419988604209578,1.5875729320864627
18390,1.0712290868140273,1.516662579094353,1.3328381874637072
18395,1.5715731215937048,1.5681047344325822,1.5082332151259592
18400,1.551194772851645,1.1340489475222684,1.5740017719812687
18405,1.3231020701994365,1.6941235428664991,1.253498644790708
18410,1.5932880286257531,1.0614330411816977,1.4832726131773104
18415,1.3161089385653744,1.4721047734840174,1.5487983904846325
18420,1.8032296104304186,1.7406946133526904,1.3194202548386187
18425,2.1170703809928475,1.3205986912220176,1.8839296491523
18430,1.4243956695283206,1.1417358285085548,1.395237116878827
18435,2.2150255099845895,1.5482931040207357,1.8121033990372766
18440,1.972884933717586,1.137730445157303,1.3681459459078023
18445,1.8072303436747321,1.6826327463248507,1.9116084835484903
18450,1.3530213207187698,1.1740326197425284,1.618801317690131
18455,1.6024802095613124,1.6048574874566288,1.2852935594133776
18460,1.4269922306756113,1.405208830443146,1.4937417242906756
18465,1.4803623922761684,1.4835300692748274,1.564752683969807
18470,2.1910335105280465,1.678338507451928,1.6246944206513594
18475,1.484414261994377,1.3950056339582255,2.130104700969647
18480,1.3187914375654681,2.319158273673366,2.0186382753424312
18485,1.1994023574063524,1.4208873683063168,1.469374715385089
18490,0.9440680478521095,1.481462129326476,1.1603514727422288
18495,2.079725206261915,1.4543576290249352,1.115515899075169
18500,1.0399814616084215,1.216529364089421,1.7527343704113165
18505,1.8225672641705035,1.4749925851979933,1.5710206140570135
18510,2.02736200593313,1.6015730411961588,1.4342321419940782
18515,1.7725110783048768,1.2032772400726646,1.4688898282513232
18520,1.2517535904265324,2.049350232701261,1.763967538578472
18525,1.4108605331222053,1.6296195717182156,2.209384254509746
18530,1.3605841949381992,0.8813851156422051,1.4234317869903983
18535,1.0451811582686648,1.5869384745919017,1.2912349754751387
18540,1.7795342196059114,1.7581400102280826,1.7533190173810478
18545,1.342615545542302,1.8917848702258817,2.1339843448734506
18550,1.504180387313194,1.4603803774216162,1.6849948183504753
18555,1.3527638297942917,1.253174591931013,1.5834552026886675
18560,1.6133430954004393,1.3628244788533395,1.4257578364294867
18565,1.9692490857640819,1.827751163471738,1.5144054064984795
18570,1.0133730173277316,1.5085517251511666,1.8059249301557916
18575,1.3601403325398016,1.6662341357460033,1.5424324557794646
18580,1.091101194791231,1.4160888298686316,1.168578474656521
18585,1.9817288385044909,1.1565992088450134,1.5515270852576062
18590,1.8303300959864794,1.3722786279007877,2.0439112924890774
18595,2.118795282510434,1.5028481306132206,1.4937917819222497
18600,1.4387060433482235,1.7130518847867247,1.4779171172920342
18605,2.1531427171193673,2.0643906327903605,1.686770395627012
18610,1.3019525705010924,1.2097662190935843,1.6092439723643586
18615,1.98767483228574,1.9006517094440336,1.3696383233715412
18620,1.6881448377298531,1.4317485111635468,1.3407559145629027
18625,1.2192911801493103,1.0254274758283182,0.9421078714802564
18630,1.3758302817619028,1.3778887598432377,2.025625902617162
18635,1.370637503635193,2.0091950667954372,1.8067046262277082
18640,1.8140827594204205,2.067975492142025,1.4270508519758338
18645,1.392103962881777,1.7664743098324018,1.3076369206177874
18650,1.150196427717439,1.6003420461046938,1.6942279271422231
18655,0.8649721452712956,1.1938012410581644,1.886597889840227
18660,1.6241225755628008,1.3365634460757974,1.296840819400757
18665,1.5442810599846273,1.6040164198725226,1.6681233346750894
18670,1.2987494315746377,0.9138748573341877,1.7255778396713957
18675,1.774053191141497,1.8643287290428192,1.1312459810964104
18680,1.6094819014901747,1.5123839029168467,1.73028226722666
18685,2.044577636562524,1.3710038054382714,1.2189588139831251
18690,1.554704619238763,1.5301396093006532,1.189555818470075
18695,1.0869497410739437,1.365837898895292,1.9327328810241189
18700,1.9012246532334653,1.5352497958776254,1.0075151124403414
18705,1.784357914136908,1.8774041060330935,1.7151122123756268
18710,1.4342879613241406,1.1944477817006964,0.9221549637942481
18715,1.33461598068597,1.80244220569711,1.259766650246792
18720,1.9035494531090782,1.1531513455498512,1.5821421144096788
18725,1.2860783957884987,1.8549748819275729,1.1941838803262863
18730,1.9291410923667986,1.993319187398487,1.6134953756914483
18735,1.1351847832198538,1.804350502197525,1.5672669128834884
18740,1.2024439071781772,1.7043796169727345,1.3716823842614025
18745,1.3880826065681175,1.4200551731067053,1.1975897695096427
18750,1.488648046015825,1.7855612251052722,1.7028707173571134
18755,1.7600873814002151,1.5356992420075437,2.0383634859972695
18760,1.1572977097235555,1.2410875594410948,1.3165464570995626
18765,1.4308425726665797,1.0578043933530679,1.5292149636926538
18770,1.7101490444775025,1.7544375602537723,1.4723748147696767
18775,1.1293574295666282,1.659514815407161,1.2827124090583382
18780,1.4338119522236474,0.6854163297212563,0.8888811102863279
18785,1.7530343455403106,1.863788629494498,1.5131611273868666
18790,1.174916245796494,1.7444979300459607,1.2772004731710063
18795,1.9437260568870927,1.2366747891073087,0.9634609720377388
18800,1.2390097300766485,1.3391774026415686,1.3484641471971948
18805,1.2736300569195689,1.8267757841245822,0.8881829806829425
18810,1.0664139991430968,1.4599255937392563,0.8916001927414304
18815,1.3997949203626618,1.9540373716985857,2.277360779875554
18820,1.716927848176912,1.3612728198618955,1.5324078248819346
18825,1.5416778227761396,1.9808421673846555,1.5084272416677362
18830,1.3450772440041951,1.4022992756840855,1.7369761551628384
18835,1.4288948142448956,1.0452932462608546,1.4082386556811828
18840,1.1701205144847573,1.6193700803697393,1.3206836759030645
18845,1.9999875727429255,1.0680186071356408,1.6619941507093379
18850,1.6224817839651777,1.9320827879196716,1.8304945570257956
18855,1.7379867448939266,1.3188748092769145,1.2179402167033597
18860,1.559856490794268,1.5748824796544207,1.6833795804924985
18865,1.567889982706109,1.8402490816844028,1.673931583916428
18870,1.8862497160269807,1.5634719294737225,1.4982326877147842
18875,1.3641195881011834,1.8307932355445689,1.1588763633104373
18880,1.4156439286266838,2.01580790144862,1.2390356628679153
18885,1.4275438272780878,1.8446941406944075,1.5521528263756614
18890,1.0292697663666122,1.659511428247709,1.397930672929769
18895,1.7693811085060271,1.1606383875966908,1.851623782578719
18900,1.5953013638607005,1.6096989806500814,0.8875172618781921
18905,1.558781259482721,1.4420463024967447,1.1633738033240657
18910,1.3065192953844873,1.4839881794988625,0.8981970263611329
18915,2.0512497154592015,1.44611599829438,1.501565281136601
18920,1.1015820310729774,2.0581789115764453,1.259914318058984
18925,1.3274278534623944,1.3612022983943988,1.532076443986029
18930,1.7001516635516682,1.549035555332258,1.1213446465430472
18935,1.5760138117017033,1.4204439429998699,1.6476622937465975
18940,1.3608050258113675,1.5202464639975468,1.5602995731782328
18945,2.139950399470437,1.293043432157064,1.7237002431909694
18950,1.6069905903688522,1.3695634910017005,1.2295415907603948
18955,1.103578710418256,1.3240554539546754,0.845044445924503
18960,1.8114954420570843,1.6562391765530502,0.9699288504403702
18965,1.2517437378877976,1.457638814177101,1.212176391509221
18970,1.2494770944783111,1.4206078082643947,1.7094709935386545
18975,1.3152227496540647,1.3878183665765116,1.4575380513047784
18980,1.6895547631638381,1.2974011083552839,1.6403647069753164
18985,1.615938103408094,1.7379822704316483,1.186396452424813
18990,1.5437009312046877,1.3522655655131162,1.7053063498248677
18995,1.4112311346724091,1.8302153384336897,1.8268244050580813
19000,1.3163715323463387,1.1401577899170645,1.6862119436019716
19005,1.4733972865521927,1.7817155880403899,1.7231187296019832
19010,1.4493459612103605,1.5461460688654556,1.4903164080902458
19015,1.769912311827839,1.5380812142673468,1.528186951995194
19020,1.569697973989344,1.4231590010561466,1.3326577085416256
19025,1.5194359306548497,1.1980444129127927,1.3541144266841052
19030,2.23849460402415,1.2579965480878579,1.223062970334262
19035,1.2277445819065393,1.672095054514998,0.8119685299734943
19040,1.7035988459747347,1.4343835969216874,1.600458866525674
19045,1.6659685554598003,1.1925008824087946,1.3364461178530134
19050,1.2703907372538195,1.5042944729175765,0.9847390024461739
19055,1.1054127961725133,1.487431355641638,1.6617440860947923
19060,1.0822129759439227,1.304583323596272,1.7655440961661424
19065,1.9284089277617067,1.7751052498226898,1.36493317947957
19070,1.6952333134868804,1.3385649757794944,0.9648111438584921
19075,1.881431786285096,1.8544090918865592,1.581239567421239
19080,1.9514953145143337,1.275428169442711,1.678128302102311
19085,1.4531069228769529,1.8099033537756486,1.0928378840500343
19090,1.866218461463336,1.4377027313879533,1.7534491747356142
19095,1.642659060932952,1.3776918778138016,1.264904449942936
19100,1.6752127090827884,1.8258945931371162,1.60766789480025
19105,1.3520717176908337,1.8685200890680336,1.0059217011162622
19110,1.6353657700862159,1.799640417754541,1.485144093454371
19115,1.9702167438595972,1.6534422910934616,1.8158362049665393
19120,1.3659066035746539,1.3571203532400895,1.3507196925028777
19125,1.3050247684657992,1.4560128705318707,1.2380525688767645
19130,1.4675448611835873,1.5115839848411106,1.7360152918802143
19135,0.811405780369936,1.9478683599977153,1.2571606677009224
19140,1.501573744965076,1.7195594281971056,1.2665620068620782
19145,1.4015210968194691,1.6400506457505317,1.5895600157685035
19150,2.000366180081542,1.2785201970951037,1.6679325110336691
19155,1.6746475586006138,1.5289857141669818,1.4735645206591292
19160,1.1691649003638331,1.4556181018358032,1.3954813647764799
19165,1.6839477701098542,1.6970614475171697,1.6003961041485366
19170,1.4779774811751676,1.2688691196202264,1.9581038454358668
19175,0.9630696347439567,1.6300504688832433,2.3500135284941086
19180,1.7985919402155717,1.1011450236314866,1.5231936059146938
19185,1.6156715685075267,1.6496255869162684,1.6714850604764622
19190,1.152726095833388,1.3609391492583622,1.3431361195332319
19195,1.4024441234913585,1.327974377229514,1.646673800836346
19200,2.1760725651342065,0.8320789599465647,1.1666996482231933
19205,1.4962477827295537,2.0425673051949698,1.4643342360388667
19210,1.2876792124336156,1.5658092403478714,1.5375648993075763
19215,1.4615722967064282,1.9782089651414259,1.3079554942488296
19220,2.0375819900998122,1.4309828936826001,1.2854629487226246
19225,1.1957131378450685,0.7824585898952766,1.884862614094494
19230,1.373515617465701,1.4581172335573993,1.43063696256002
19235,1.0348237210682374,1.3509559662940995,1.6608679846817658
19240,1.4358494775264397,1.5394799130143921,1.6003184543144606
19245,1.8469616007157603,1.2752110918223427,1.4613012759571784
19250,1.8718661683485034,1.4467521161660897,1.5404661099090453
19255,1.3441203214810609,1.8667250544339489,1.5774492034246015
19260,1.7756224188490584,1.1180048795548787,1.0566371871568416
19265,1.6424357763299215,1.2164144439456703,1.2593579883109123
19270,1.8518355393805515,1.4915802686375628,1.6629229594387174
19275,1.6532582286765223,1.8379432130540745,1.8002981111091612
19280,1.6741350629849656,1.0954340158884026,1.6110357537929973
19285,1.4092861171879854,1.339855076856733,1.762921392945435
19290,1.363663715535598,1.3564220439592383,1.8314578005329643
19295,1.5592910475076833,1.7532092521218459,1.7841730021090383
19300,1.0485548747002609,1.2138948710541775,1.1870388239429726
19305,1.472225373272548,1.330908201166662,1.7692071451117943
19310,1.1232766546589383,1.5069172693223338,1.1403322903055797
19315,1.417121559519934,1.2684246901835325,1.396943615801883
19320,1.235025645555289,1.573462510432837,1.699636144142799
19325,2.15499116967406,1.4335274126319102,1.2269864945349678
19330,1.2629766240741616,1.5322291012699218,1.4194928758565153
19335,1.5830922472126596,1.5625237503684548,1.2452570568485148
19340,1.5419959776678038,2.3126790717703862,1.4897685434601313
19345,1.615471540349557,1.3927458333917468,1.3669266578343144
19350,1.3348724959517908,1.135506236494003,1.4318745594511015
19355,1.5079914562822272,1.83338841381601,1.6464765658320042
19360,1.5561236662416547,1.331329586252882,1.7718941023849117
19365,1.2746565309711262,1.1965455328858323,1.333369392034756
19370,1.3827618031415714,2.0535259479453636,1.2592978126077217
19375,1.4883014603708287,1.3615986678090828,1.6249837120976691
19380,2.397154835221478,1.65502699693564,1.8994082650253126
19385,1.7012327542922505,1.411905942140866,1.264824455687026
19390,1.5954666483930722,1.464519526262329,1.6022957088108842
19395,1.4563794795429739,1.4496993834434588,0.9753970162362331
19400,1.8250512888430055,1.2181304898566125,1.8960680853867127
19405,1.5821335007674207,2.060002716202816,1.434623630766532
19410,1.8218002875135497,1.732965290487825,1.0524812629838225
19415,1.4149584451037573,1.3504033115496157,1.4781663954808544
19420,2.1246464360302437,1.4085307298278766,2.10746182878507
19425,1.415431007409831,1.0876923780536134,1.580791519872348
19430,1.8285693654956063,1.5337469100453094,1.4957070858467352
19435,1.005013318441498,1.715210220314583,1.2934837955941867
19440,2.041562817186239,1.561845557248229,1.7897347794640315
19445,1.2757418086098302,1.5361363733473063,1.4943882548852445
19450,1.6867216275666594,1.5346017486609067,1.6566166877421766
19455,2.1136062406735983,1.314607020372067,1.3192567432944151
19460,1.1146892028963313,0.951629239117986,0.877382171979803
19465,1.5915376653949431,1.3288691370162622,1.5484239466253027
19470,1.4223522163190236,0.940532969907886,1.4517854829330508
19475,1.3285959327365098,2.3457578752155936,1.5493530337102723
19480,1.8688305685512518,0.9326146991441653,1.8548499162417322
19485,1.3277077464491702,1.8259261888584246,1.2889770549792239
19490,2.334485304122608,0.8471854312371386,1.9200484670033033
19495,1.8710509538214786,1.3424820938917403,1.6058995089995365
19500,1.5572209663862264,1.0944753996880132,1.590642544768462
19505,1.2291664929630093,1.0855663918543714,1.3887187316969607
19510,1.5008340697188973,2.047737943593386,2.0745972973401217
19515,0.8685823030550132,1.7528669084260757,1.6348316591596521
19520,1.5974405124515487,1.3673063632038553,1.6540081923743684
19525,1.6190095169292136,1.7705888420763098,1.9218086833875578
19530,1.3181516621529803,1.38495917037678,1.5691724881223612
19535,1.2745037683872067,1.7019643955943626,1.2696678421196501
19540,1.6741530027209386,1.697187062958992,1.0748765294076075
19545,1.4152282769897497,1.457678170462495,1.023366146628438
19550,1.492383554512996,0.8140625670585597,2.1055785188990663
19555,1.352836393651193,1.5618856894155573,1.4448527034261072
19560,1.6303878138200765,1.6776661608640588,1.564722650477119
19565,1.5297292657192803,1.5192811089860812,1.3845089955555103
19570,1.7862322041961765,1.7894541310584229,1.4827662725106894
19575,1.5066490283205947,1.3900700532862214,1.649157583857914
19580,1.1176684208338217,1.2702241182741518,1.4254380960135242
19585,1.6545038334957518,1.3532891221653491,1.7297965165980134
19590,1.8318103162262438,0.7933122184042422,1.5552896514088153
19595,1.2640198917259386,1.3839066703358265,1.4259711920580815
19600,1.342542883406356,1.4468474774017193,1.5229310566812373
19605,1.4554725706779041,1.5729326035817124,1.4807603093118435
19610,1.3203904423711343,1.3368417719028909,1.574888240242371
19615,1.2959881426181328,1.6742555411044646,1.8512753078372377
19620,1.0199066294998826,1.6889280654277086,1.611394791608405
19625,1.388050201394846,1.4311488658415241,1.7953588871065793
19630,1.7606281031128717,1.8376197594161634,1.1063342119151716
19635,1.3145111101454,1.6924102227039628,2.130472243537395
19640,1.3207255177743573,1.7462817010901375,1.6923776228774574
19645,1.6250737181169337,1.5038481380826323,0.696937498301357
19650,1.3742985008642692,2.0466366708367567,0.9062063300658476
19655,1.522676035681097,1.4522403007850504,1.8066355645489818
19660,1.050943009792549,1.3207870541118374,1.2796322903556248
19665,1.707734633408092,1.8236993354890085,1.4283744366282065
19670,1.7467466679896562,1.5829196363920075,1.6659179188553934
19675,2.0656852367327767,1.478788798317051,1.5118291109037247
19680,2.0359065493337014,1.8852685832820255,1.5456267040575544
19685,1.1794157432444565,1.6047347464869164,1.3895743591217937
19690,0.6133524679655696,1.9318513390461487,1.455344116586471
19695,1.5926948913126346,1.1998697486672938,1.9787075847819549
19700,1.473456330605982,1.9751828301016587,1.6184932457302974
19705,1.5131109966049097,1.4925588012721704,1.4229570958213305
19710,1.185672854446406,1.3609201584517436,1.6317104187564726
19715,1.8680424278370318,1.37312770992797,1.2901922265191381
19720,2.093995833641318,1.3185924048974766,2.106034981431979
19725,1.2247231330232244,1.5337773634028213,1.7457561665700685
19730,1.3612930382276942,1.920313994787105,1.194182067354627
19735,1.153641502650783,1.1673407746444677,1.607177195453557
19740,1.2119796104198977,1.0721355911365194,0.9200228946752912
19745,1.4860000810169163,2.2590920605385105,1.116071569543462
19750,1.5401539984500836,1.0913760191716064,1.4341437944416513
19755,1.834130086904687,1.640547775670926,1.519243708304314
19760,1.5332294001251026,1.1787763760030412,1.385005004439101
19765,1.7397611868870255,1.2815268601154775,1.3450217397916753
19770,1.5124851093023126,1.6070269246682392,1.8547613966446228
19775,1.8639152976573712,1.0668055626557253,1.7581454566678978
19780,2.0093330115961305,1.5098975445860512,1.5461956820057192
19785,1.2786048022811574,1.4891732793078696,1.8778652119137054
19790,1.6685144788430843,1.4762726669997732,1.7306587942773002
19795,1.5379511899380953,1.7320537175064075,1.6000715891656503
19800,1.843208036118507,1.7498293504835865,1.5506935273936153
19805,0.8036157130366534,1.2510408024879947,0.9039902597959667
19810,1.322399484845505,1.769130685725849,1.7340209777050746
19815,1.2423534340321105,1.3143682874611489,1.325370258136927
19820,1.3615703090341398,1.3330526084218473,1.5569095754871192
19825,1.4251230049846875,1.9386306201487638,1.4440851287187175
19830,1.158989444051483,1.561371120409745,1.6536184257510886
19835,1.6358150504459035,1.5086035740644825,1.436133396444482
19840,1.51553550616857,1.654153554761968,1.719858793702006
19845,1.1483639394954785,1.6011139506391634,1.8918760108134995
19850,1.6086009550841203,1.3329830182519848,1.5414966835396111
19855,1.3944317735919936,1.1900323027548243,1.493335377668693
19860,1.9566645182701474,1.3461252288862078,0.8093196224881731
19865,1.8973850777350918,1.260450169788033,1.746783146460754
19870,0.8480544248747179,1.3777999924546975,1.619700061186232
19875,0.9972951384658869,1.5923646776747507,1.4372109325117326
19880,1.2865852480980855,1.4763756899988247,1.7209443905761073
19885,0.8269396328568253,1.6321419691703551,1.5842659433673152
19890,0.8918199029299845,1.0022919130092691,2.1012307684777625
19895,1.5297461082135535,0.6667412379598262,1.2910758956205162
19900,1.1560693752279656,1.544285159141173,1.600438557104724
19905,1.4039621953783379,1.7274551510087361,1.3633487809431133
19910,1.235534394868223,1.1148164903193978,1.6073625707416124
19915,1.396343905329943,1.1970221564486727,1.5749177872856577
19920,1.531738611648571,0.6428232508361829,1.577410420838247
19925,1.3606546336609324,1.6318711082173245,1.0056631105100862
19930,1.7818178795623079,1.6632771127416577,1.8178896045204296
19935,1.5203148403007987,1.363021378649816,1.8260979722996074
19940,1.8634706148711653,1.6419035094568852,1.5235334944115901
19945,1.060062089606114,0.9967300292475468,0.9587667988872183
19950,1.3671558768369745,1.3170336932351387,1.7118406980176406
19955,1.3051261291298986,1.676050831042188,1.8195605451554702
19960,1.7191338671722032,1.674251156623776,2.0520068827977482
19965,1.793024471877656,1.5823476050435539,1.013050442631194
19970,1.9545133485622839,1.1004763236366588,1.6826478857596745
19975,1.881843589702404,1.3562326513680323,1.6580940312967989
19980,1.3820761715861973,1.640663774021924,1.5164418782595444
19985,1.733297292673086,1.3046797267206214,1.0819788231594216
19990,1.9183131444839419,1.3464622451404193,1.744915667937972
19995,1.2600074528165612,1.5331804783540843,1.1659735701003964
20000,1.6771510052437124,1.7671856740289935,0.989332219950471
20005,1.3874115722298526,2.0465120369045686,1.3257623703558552
20010,1.4768182207107758,1.4136184687699815,0.4622513491885336
20015,1.2863411055642566,1.6910712286847824,1.4855824359579555
20020,1.4161601224033944,1.548385028190841,1.7409945490254415
20025,1.9909652601073502,2.0943641570451623,1.408123720018336
20030,1.6748513552910065,1.2228555658721494,1.2600937316243992
20035,1.6711417281722096,1.3194947445353464,1.0891716508540261
20040,1.2478355537679333,1.1622920311549256,1.918813167269892
20045,1.5693436839772978,1.4443718617193415,1.8507710700868327
20050,1.224188265379621,1.9573481627196685,1.3532443562598029
20055,1.2996410790627733,1.779174636615052,1.8681384162926469
20060,1.1012898014699177,1.5510038641491577,1.4911950625790327
20065,2.0942315205901956,1.4228858202394665,1.5754502785641964
20070,1.390575285625374,1.6241591271863631,1.7896036417450314
20075,1.8592279786983528,1.2458452068638142,2.1669654401626697
20080,0.6894962847639816,2.0263121995697135,1.8105033303214413
20085,1.5504841809811738,1.6258540680362128,1.3579428286730408
20090,1.6104830859425934,1.3848086820335206,1.5480381774466276
20095,1.671212549143099,1.4635181022722525,1.2375612653946726
20100,1.54005711144149,1.3486301162986445,1.240146356931548
20105,1.9968136473671907,1.2171174667131375,1.5632082822843945
20110,1.4362818405453306,1.6056694713182569,1.2662092482787162
20115,1.9058118474251922,1.2771468225204292,1.154771855405779
20120,0.7948285461594203,1.8169525193318048,1.3432204355741255
20125,1.178251097475972,1.1721627209188747,1.2138704696584195
20130,1.4618388077139441,1.3228475597895728,1.333821634829472
20135,1.6819924275523852,1.5014441643988976,1.6271991106519725
20140,1.4490288087764869,1.5025768453437018,1.690531559463658
20145,1.5161044820830027,1.557753040384235,1.743812239449872
20150,1.356197716767997,1.5370169178911632,1.739804443225026
20155,1.2771106476021412,1.1622504581261794,1.9302499734438276
20160,0.8016832881584212,2.3056718397645404,1.8181262698667102
20165,1.4526819960009267,1.4200339106907478,1.239742798281711
20170,1.3534873234133251,1.27632398427134,1.6145342138009826
20175,1.4374326041350967,1.9529736807354308,1.4496121567336215
20180,1.2844287217280497,1.3052741135595132,1.354539825788458
20185,1.0759536415563562,0.7787692153531112,1.6477366797167035
20190,1.268654150019529,1.1374307201042688,0.9260749966607118
20195,1.6034228632589522,0.95400406003067,1.3294534249200307
20200,1.5075620081134284,1.6571667164730117,1.4632826576005313
20205,1.747666347918989,2.2798251086331334,1.3014033847073416
20210,1.6186880292090182,1.769748315978057,1.1989987322974123
20215,1.806108554438409,1.3620382280728363,1.6826422685921565
20220,1.7667733523101041,1.3353093904094768,1.5094821338003153
20225,1.7589619575082884,1.905305294448446,1.7723833171863563
20230,1.1879432442244364,1.1447806453785352,1.1507466033596303
20235,1.4392509405252314,1.4999744991848725,1.723020904020226
20240,1.7018129944470073,1.5943418327052665,1.2856351612558063
20245,1.8264716738865627,1.9735419784144952,1.4126064650066739
20250,2.216185306220753,1.5541087325403977,1.607822086658333
20255,1.482272756503189,1.6501652780810585,1.854095106105933
20260,1.6101827069965087,1.7736917568326418,1.5927397952856273
20265,1.6209005574733781,1.551958937360534,1.991603563154045
20270,1.0641464420284639,1.848302511833913,1.3443134993244972
20275,1.0732287680166386,1.7278545823520477,1.910731758028931
20280,1.5649442693892246,1.6506556059820916,0.9799533201654537
20285,1.4761833173444041,1.6196035456251956,1.0241168461659425
20290,1.8670695491251714,1.69701677139204,1.738426700708025
20295,1.5395786616446516,2.0151084300955,1.4996582203499402
20300,1.4359030434995887,1.3991589547590895,1.698403621604554
20305,1.7217246420487777,1.2176814695772973,1.4468110437590147
20310,1.4589174197096775,1.3580445969727648,1.4800675570760897
20315,1.4937082472374246,1.7397442230851359,1.14845231614796
20320,1.4801866431078925,1.5859677628061786,0.7710850204709583
20325,1.1225454426363841,1.2674465139590787,1.772407369063182
20330,1.6491528924550911,1.4891513580739868,1.9086468371046126
20335,1.8865406930751503,1.1035780447686723,1.274606441651507
20340,1.6549273787434324,1.5128674869565173,1.2739439393711884
20345,1.7056582578707458,1.247797644992711,0.9019776955337906
20350,1.7776065806633408,1.900815568732266,1.255054389061898
20355,1.7944237528193732,1.2838258552487989,1.4156590288048
20360,1.5377145062403001,1.8892081472214222,1.4511784439293676
20365,1.507883264793519,1.1258463315529275,1.2335891976629845
20370,1.6339574344663728,1.2385649166192358,1.6070239096136336
20375,1.6688060011701344,1.7493262402049368,1.2726467410713995
20380,1.058328719515035,1.064087061561254,1.774105952671097
20385,1.55661272990131,1.8772246165612876,1.29318083598239
20390,1.6912339663387168,1.365403225968417,1.4898556810174972
20395,1.0346396172630627,1.0562183316670206,1.693183978512051
20400,1.6744522718763117,1.5768867867233485,0.8748232971888436
20405,1.3220733007094394,1.3535559355404567,1.9871913452499919
20410,1.4900899275429738,1.573101565066248,1.1423713604095707
20415,1.7883923694300532,1.9782185596149382,1.7265587025208817
20420,1.8835287573912831,1.4424827636414634,1.2149491775955605
20425,1.366162101489053,1.4300880495835928,1.6582381203037542
20430,1.6117816093677657,1.440082961293541,1.5736422486088832
20435,1.7378803369472071,1.5952019217345472,1.6973421071836972
20440,1.2918114067531683,1.4955183059948658,0.6030543092953032
20445,1.3757542730973105,1.4544351657376275,1.309133848282732
20450,1.7111317825343886,1.4384542521026655,1.9976810089266606
20455,1.1331798454147983,1.3949794843164047,1.1017051889715237
20460,1.6079029738774961,1.647971083454351,1.2819232064719732
20465,1.7710836642960637,1.8143063377045159,1.3347647647093699
20470,1.477785709696731,1.5645760085377975,1.798641325716587
20475,1.4039815339676307,1.9361606924068424,1.402805824199571
20480,0.8924636402023133,1.7114736896589948,2.027655998097189
20485,1.9590706038787027,1.6376369313865715,1.4021924548495555
20490,1.8148621763230628,1.5425745734144811,1.4810353496614264
20495,1.1035381426481345,1.410944849490374,1.1562346633226865
20500,0.843257952387343,1.3923149941371933,1.446242399989123
20505,1.732062668055891,1.4545658161752355,1.482967051058187
20510,1.6522503914491253,1.1814635130389768,1.0842796568134787
20515,1.5955707033786186,2.082055010413579,1.5743338746868392
20520,1.704290446269536,1.7113782771003878,1.3496604005750548
20525,1.564730734080369,1.6632378803053531,1.6058441143690136
20530,1.437357481106702,1.9618328153214994,1.5312583739272678
20535,1.2181288861222168,1.4417363892858004,1.0228885546870388
20540,1.650757133938339,1.3397926408043501,1.9051247860603853
20545,1.2350513575114292,1.6181947796346579,1.9846361456766834
20550,2.1696126399816005,1.893450661601397,1.0453705292408304
20555,1.5721799147823288,1.3711666474887796,1.4046470509561606
20560,1.4081066504519406,1.4189290421123628,1.4276089514013928
20565,1.4519965972640254,1.906706305630856,1.476836665756165
20570,1.3161884552771046,1.9556615815672604,0.9406238718767675
20575,1.6730011947960026,1.357562780310818,1.3114091442453057
20580,1.8877671857776257,1.1630240568346093,1.1905548204293661
20585,1.5028934669960679,1.480158341856068,2.4171314503126347
20590,1.57047037540134,1.4875958078883706,0.9856444064597647
20595,1.7790807071067198,1.1904211030579672,1.8209320049491684
20600,1.359936388865826,1.2702218531069138,1.7190108067883612
20605,1.1135424789519415,1.1134404784628293,1.7543119729481949
20610,1.5596298574166079,1.7796071961794206,1.3879345545838122
20615,1.63029303838999,1.4336992755703424,1.9430517582139761
20620,2.0329124152955544,1.5932485755435213,1.6583127363063082
20625,1.867607761523324,0.9975882474284749,1.091423532495867
20630,1.4439753510972757,1.5535542801489106,1.8790280572717386
20635,1.146653776576075,1.7582797984726382,1.566170785870844
20640,1.8645218271232062,1.1949570834152718,1.7498445765052726
20645,1.404918582082396,1.8132457280783973,1.8573402723210566
20650,1.3894692342022803,2.1714329870974787,1.2089576039704317
20655,1.2320397500193454,1.2727237571613397,1.378419414499459
20660,1.524386863185677,1.445012472485615,1.7301566803116135
20665,1.298903757945457,1.658376459031059,1.8045128138999187
20670,1.9404707304974558,1.740488703111438,1.6436627987407333
20675,1.6201709315806632,1.6228082658363518,1.0435309197835185
20680,1.5121630204876675,1.04366238650493,1.305582897700134
20685,1.415785758363364,1.711750723032868,1.259747663389787
20690,1.6465584021292843,1.6982121646363644,1.8044439558262453
20695,1.3847159016792439,1.2721487964789013,1.9275979676858577
20700,1.7015055534892967,1.8699981610302892,1.0784099826227556
20705,1.487030004120882,1.1422803591405581,1.234741243126356
20710,1.5338402067226633,1.3825377490935915,1.755746444680102
20715,1.8705758175375806,1.5632616130825003,1.9564805823107574
20720,1.3932095210303235,1.5609760268959936,2.0334538559198236
20725,2.0024200347179058,1.3655786430223724,1.2094997775679652
20730,0.7825912637177982,1.4520423988373847,1.5172455881922662
20735,1.101040612648615,1.3397935275948942,1.4257429919818105
20740,1.6006927171834382,1.3010210823432997,1.5443843584081605
20745,1.4440271304007009,1.7606446479144866,1.5614046636392074
20750,1.514139631893246,1.8629382883554646,1.1257340031593208
20755,2.0565705238653864,1.690026606621145,1.9742572048655975
20760,1.7126720164234503,1.080345131370094,1.192777136025305
20765,1.358789973562425,1.6022927009914516,1.7379637612908105
20770,1.5911784710503887,1.6857743505094642,1.21611054294969
20775,0.880918276594932,1.2388905913266683,1.8463923303067338
20780,1.5462290099921934,1.425582233217134,1.482756298448184
20785,1.649753954252733,1.5398166753911902,1.6481369254929414
20790,1.5725328217723413,1.3582153266162476,1.4261775639006085
20795,1.4295411844216392,1.7030808664430135,1.8544422971997823
20800,2.0594638144629007,1.4174204392273768,1.468610715513772
20805,1.670544972100064,2.0645080201780166,1.7205288291313026
20810,1.4311567174629856,1.5886543665820776,1.7500563987986544
20815,1.6884166954517528,1.4645065553559846,2.193850646770412
20820,1.525254332546966,1.3460034366347553,1.3313705399575642
20825,1.67972345492459,0.9787816290166189,1.6048032021343646
20830,1.4356794027135005,1.200191501567583,0.6336908515387942
20835,1.8006260190600152,1.3437660835998582,1.496033470652748
20840,1.3736217878892858,1.5994908586368362,1.300304694684687
20845,1.6738451510874421,1.5969863357583165,1.4446726376595849
20850,1.4682418864798588,1.3206076253309198,1.0142102958207881
20855,0.8757266336233782,1.1718958870396416,1.420177106972425
20860,1.6896687478993222,1.3770133447088806,2.3750082563117836
20865,1.790663384100867,0.7055461339698966,1.6315715839935807
20870,1.525053871360953,1.380185379839132,1.6905888106985625
20875,1.6215443532370712,1.211723072010086,1.363315024136412
20880,1.4392347727333847,1.148225069568836,1.801495099592137
20885,1.6561458309406434,1.626477134668261,1.3198185086980443
20890,1.7343736685841824,1.664344396960066,1.5735868641063384
20895,1.6560023171727571,1.0149282838506146,1.8698825029706874
20900,1.6372352545089335,1.5069215306323624,1.3254059876467066
20905,1.4541719019955321,1.3063746507930145,1.6418525507724495
20910,1.6599348755616405,1.6198347736914525,1.6146861523859168
20915,1.916449312109906,1.2784271173421304,1.4613264918843152
20920,1.4151535534841289,1.8695802152853225,1.6638298524095343
20925,1.2404750584234099,1.5003724288901832,1.4805483432418318
20930,1.9300380460962152,1.6364004323566936,2.028936509803511
20935,1.3276828971000807,1.3990349194807346,1.8196777416075776
20940,1.4131547247000749,1.2859977745581765,1.3565752825489044
20945,1.54232072997605,1.0447336944071575,1.6071904445815595
20950,1.2537779339878725,1.7730757177709506,1.5469847594083355
20955,1.252799065367583,1.6228956211031085,1.9004314006687193
20960,1.5484311277387925,1.8658445588641202,1.068494609283862
20965,0.9940628627231441,1.4463857484317382,1.2439486132591837
20970,1.8006756858673187,1.8115467028696568,1.5097210028169719
20975,1.6012465724448322,1.6384006040915795,1.7943386239440375
20980,1.0224186723525521,1.7232758856026236,1.6133707846052632
20985,1.3762282661660008,1.5516267856562806,1.715965462661257
20990,1.5727826595596557,1.2530442738608936,0.8685607433589955
20995,1.6058037316226297,1.3524731402076275,1.5281271945688921
21000,1.3769953067586067,1.5516929287651762,1.2955473828670407
21005,1.773333251085499,1.897184588041987,1.9348161068339909
21010,1.261050256341467,1.6508610551983096,1.4457527314724257
21015,1.7490593306749527,1.479227799114649,1.9290763214047364
21020,1.4665665646544095,1.681057448474935,1.289628083055452
21025,1.8906841023684005,1.792197562002431,1.4259836147440552
21030,1.1615475439560536,1.3358979396445694,1.5005390920222086
21035,1.2340104575682032,1.5419368207602313,1.532242387095557
21040,1.3971667774892829,1.748435447640401,1.5398851185518372
21045,1.5270417434602002,1.2814866506792613,1.861653298011934
21050,1.2111445463339339,1.5983231732975764,1.454129966348322
21055,1.6490372824128834,2.043704263165579,1.6276587146374681
21060,1.4074021020541312,1.6710168815530904,1.6727861036438594
21065,1.034855587221805,1.3762298127507258,1.4812530006460995
21070,1.6720067443681896,1.5415736003702891,2.1203658115327944
21075,1.4210241587766939,1.3968955730297816,1.466613985693192
21080,1.6367125603516266,0.6777377165165602,1.483168166051075
21085,1.9738076209713173,1.797824137435183,1.4261829992374464
21090,1.7538611896874303,1.7360098660428496,1.8507230265782941
21095,1.3745272208051673,1.4512730099419153,1.3798865308195343
21100,1.5033492939472912,1.3994183728083125,1.3395425840914665
21105,1.5175664085732652,1.7067530841382665,1.4125209655515285
21110,1.3241624853721308,1.4962555807261735,1.495510445124868
21115,1.4847518836238252,2.0512582429391504,1.5011133578713347
21120,1.8686937487959747,0.9822469208960659,1.6168086358387903
21125,1.4401411974500558,1.3009119617235998,1.1228086552793735
21130,1.4618917115522672,1.4616159142926484,0.7899793804082572
21135,1.7011515171613676,1.2345094676214465,1.768940514255646
21140,1.6774601142069865,1.3170714313653422,1.790795859025386
21145,1.6018121769855704,1.8912885146836742,1.1665687092303134
21150,1.945813339987586,1.3765378719928607,1.274580386966547
21155,1.6547340360190494,1.940527912544086,1.835987814277907
21160,1.5475052647823513,1.6649188381890436,1.3907558047944129
21165,1.529832875206442,1.3182402258659498,1.5658487414743
21170,1.7525644433310459,1.5726346087128984,1.8805343111001318
21175,1.5302775802730775,1.4806661952887488,1.8450596703941518
21180,1.7022878970778341,1.6983527300688475,1.734673605861484
21185,1.9274725793541811,2.2356376970667675,1.354587760129237
21190,1.0531185493487512,1.8056507793073369,1.3834296990174386
21195,1.764408383848612,1.628603079012355,1.1581113383246961
21200,1.606544961484069,1.3643912585828535,1.297138612102058
21205,1.1929853281178477,2.06567102273759,1.1445494891967745
21210,1.0480876566650856,1.3988436504008215,1.4975467309452224
21215,0.7580305954746381,1.3324646719342932,1.419141233091027
21220,1.4136748585793442,1.4045512880432687,0.9877299430645181
21225,1.6584020338600916,1.4462423836752427,1.9051098555737103
21230,1.1772625867487503,1.9740369885677551,1.7027559488780688
21235,1.8842101088132996,1.386910089174545,1.5605525044739152
21240,1.017338879987843,1.668238667589135,1.392833240163316
21245,1.454845980861901,1.8126894469512966,1.427049051832736
21250,1.6927392944328379,1.6957422097337929,1.5720093950678402
21255,1.138240726230586,1.385545868361631,1.7893704877071799
21260,1.6946484546749319,1.2371062137556568,1.5964045479058129
21265,1.1933832043430943,1.2183390371071017,1.0749859955484573
21270,1.408676956976501,1.1314689668507913,1.5021594811063048
21275,1.1543741680409996,1.3598357258741127,1.494724023414523
21280,1.757364962456672,2.3584486226032704,1.228759982251967
21285,1.7916337125005446,1.4773233514637274,1.3572286313251585
21290,1.7525807642024402,1.2921237865151214,1.4440574107759079
21295,1.5230638303566733,1.9490747398395891,1.3069131508964527
21300,1.617337327056864,1.196828227030489,1.4641536668071413
21305,1.60590830345546,1.4988656633020458,1.9996098209590825
21310,1.6923362431535913,1.192471010471323,1.0417078114117322
21315,1.19830570722091,1.1717634683357578,1.5335360365622464
21320,1.3706636609260103,1.9511834306291624,1.7911124831816574
21325,1.7562008023004032,1.5161895056007313,1.734855703529393
21330,1.2107838976972525,1.8334727303131808,1.3019597744005182
21335,1.6843775195695387,1.9434646180354616,1.2493842351405353
21340,1.5484317354401607,0.8369509454509787,1.5438561542321378
21345,1.9275540768949904,1.6078035499838272,2.526914581144873
21350,1.4726261314286064,1.2912196876113375,2.0873710389076843
21355,1.6943152579054255,0.7449490828952058,1.0851426538937177
21360,1.4184109806305298,1.665586985184419,1.5746102605456864
21365,0.8558245961045974,1.6397645784904211,1.3333195250616539
21370,1.3151998948364296,1.6043303009076695,1.7881433316500233
21375,1.7775323773132885,1.658075967900293,1.7416809087052425
21380,1.590412338733794,1.9149188916252164,1.4957761349541923
21385,1.8166774481970414,1.8806238349015656,1.256199345784848
21390,0.9117807627803547,1.5203635784034852,1.0988929002802914
21395,1.5595708060623596,1.5240075878665023,1.4598438204409931
21400,1.3524198469367588,1.7787798363298677,1.4546912040271638
21405,1.5589274613610327,1.0707068257522177,1.7910074340437783
21410,1.3954271371229285,1.832069077863332,1.7056065039728798
21415,1.6555706382773245,1.8296504851659203,1.6970208535250086
21420,1.2345352083165708,1.474794533660146,1.4052646232618953
21425,1.3140180174761804,1.5619328611403946,1.3588702869025304
21430,1.8773522181870534,1.716876292455472,1.5426585947843008
21435,1.4730185119298962,1.543490785221848,0.8090773774099094
21440,1.0016559470509077,1.3305473774442989,1.8423265838122969
21445,1.2749140275765727,1.5354091104445144,1.4380333112197656
21450,1.708826095296548,1.4229596793701984,1.3759940649618916
21455,1.2925986707221924,1.3097171167105284,1.6713462082037227
21460,1.4032197451957809,1.4954968077967605,1.6038670764004344
21465,1.806743240491505,1.0888492643263228,1.5671205028061628
21470,1.2388741594944204,1.3161998685594563,1.4666032286017818
21475,1.7933779149434508,1.1043918477688974,1.1831224777339493
21480,1.241231316217537,0.6996454565291361,0.9293532486462226
21485,0.9314056034723728,1.396371768542084,1.450849003916315
21490,1.286082992481342,1.513815702000988,1.450553566326478
21495,2.075352347455366,1.7272552976455213,1.0895136987874152
21500,1.1677118177915495,1.6989177602073284,1.146897806758539
21505,1.6736920907427308,0.866783817184416,1.7988291384472987
21510,1.3153165851179938,1.2183657913860706,1.623323171903585
21515,1.6375578554670356,1.7631025585938793,1.9760142495476778
21520,1.6715586352891407,1.6647184113958982,1.2774535099096276
21525,1.4478575307265413,1.7971165077002564,1.9529905167280242
21530,2.050749031430958,1.179553780829223,1.5394628960184935
21535,1.631881975592484,1.2401216191837645,1.6818711327923346
21540,1.3940445168825604,1.7122498226912908,1.641292692529425
21545,0.5597315237276528,1.4572286882526497,0.8913084050851287
21550,1.3638514556038626,1.6075240337810957,1.8162106665968958
21555,1.3706746537136238,1.278341831915037,1.6152295681116844
21560,1.081651699243734,1.0324607438292277,1.0662339314963716
21565,1.1802274191045838,1.6352517728018707,1.0944242785332718
21570,1.130533936013499,1.8375556179581392,1.848653322794649
21575,1.524481426370745,1.382084880183241,1.8943322448098252
21580,1.6591923384928837,1.7297327796928412,1.352130229899215
21585,1.4077850913897885,1.2555672007110796,1.9527031397826373
21590,1.6679529509915798,1.1351819745685965,1.2441697483793188
21595,1.6822375783894856,1.819733835131522,1.8320066568102034
21600,1.6148881059354425,1.8895575524745327,1.9071698852342418
21605,1.1550233470563769,1.4410013090760285,1.2476479291114937
21610,1.4404182360409266,1.1648154562578388,1.667030370836378
21615,1.783881820405624,1.9336969894224345,1.6441075331615753
21620,1.1216119497796153,1.5968939335781815,1.3995230638204403
21625,1.6596949876056875,1.644353603673393,1.2927661973683775
21630,1.0456869175179437,2.13295452556824,1.392162919359501
21635,1.9750319925361106,2.1268557174450815,1.5689008180447606
21640,1.6248594083830918,1.391857335172242,1.3819897729603579
21645,1.7805140074953676,1.7220753662624957,1.6106260743413927
21650,1.6659409534718046,1.470638324103932,1.0670580774522316
21655,2.123016611512075,1.1192692460477396,1.5300926076934842
21660,1.365055136697029,1.5935291279507455,1.423723886251381
21665,1.5322755170518967,1.9384991117215193,1.6200054974195073
21670,2.0687221490229675,2.064102373194604,1.0990029381059028
21675,1.5116820789638807,1.0723632727776946,1.686668512490569
21680,1.0405270452499278,1.869208754710483,1.1046897265243005
21685,1.5139244386753703,1.5613610002319573,1.4767882861316095
21690,1.5225133017915737,2.151253499340584,1.868805921850901
21695,1.1966251623491007,1.9454656623849809,1.6853813982214438
21700,1.941115599694795,1.4513256323983024,1.6792273090661138
21705,1.1210719401295646,1.578903050367848,1.6565865693054205
21710,1.4930252294002486,1.5334217096596072,1.550934210699134
21715,1.4193683415241545,1.6459108266503286,1.3413435198676666
21720,1.3589930282771128,1.2449432546155264,1.41833356263119
21725,1.1615156273472729,1.6747820656526566,1.533370211207277
21730,0.9966188284558778,1.5962664136113847,1.442133399767776
21735,1.371973217917074,1.639771129398429,1.3512114713788446
21740,1.5392944177944643,1.7365768276728728,1.912713399951712
21745,2.387948180446304,1.9302134005962805,1.9570121204554067
21750,1.1093560055424032,1.5480249354139135,1.7270596977031396
21755,1.5696912203132891,1.5425863128180446,1.4266847009918562
21760,1.647729507190126,1.3547871154136977,1.5921251248689983
21765,1.4978294431829549,1.0942944297151607,1.5908110344704065
21770,1.5065631590611934,1.5677434911793717,1.729722424944687
21775,1.0247811739559136,1.3142690516230235,2.0222315286581214
21780,0.8258872856790394,1.5947565234947083,1.6477431714566997
21785,2.0131783919174153,1.6622309258033756,1.719596403777058
21790,1.512911309115339,1.1970980915734437,1.3123530838184092
21795,1.17741688292251,0.8895637296964317,1.7872133440804676
21800,2.1531127680663196,1.4232154722593573,1.981557118996835
21805,1.7855204340686401,1.7209099466113873,1.5530775567444035
21810,2.060712285955222,1.5355424433005023,1.2221436099610727
21815,1.5192046289498473,1.720514868997406,1.642812632830049
21820,1.6550529395888918,1.5111664084452587,1.1968579129004544
21825,1.571368816978239,1.8516251187688062,1.184211086389366
21830,1.8316106407952264,1.7633045558815599,1.6190754847837088
21835,0.9570116897722214,1.0221730793517576,1.2773575719153814
21840,1.7992439083926337,1.7301577322589443,1.6427395426715738
21845,1.6441531044292221,1.4688871997153572,1.7177775178740202
21850,1.8220740902573458,1.788244339540281,1.7561396647540963
21855,1.7215988718533974,1.4132143929433765,1.2870004897591245
21860,1.7780057874044561,1.0423102339156851,1.7996657489647436
21865,1.5344788055549308,1.407131463449181,1.7125845365085706
21870,1.408950553720457,1.5984715898147346,1.2746077982482722
21875,1.8479038793937703,1.8247028526407667,1.5630312773867276
21880,1.6447703072006732,0.9999529222487278,1.5353593650927808
21885,1.9265446361324803,1.4487151003664198,0.8954827825585071
21890,1.6778269964220571,1.7101942366039515,1.6796180608814286
21895,1.2386610272624086,2.1128614198787377,1.676809758402831
21900,1.9731339797838232,1.665975068428875,1.360114936735518
21905,1.265275095603171,1.7971514269574211,1.3466492632086253
21910,1.8067435610605735,1.2788428271615577,1.6250817380668139
21915,2.1187590396670855,1.6207121201513033,1.2136169658487912
21920,1.9519852480209239,1.561489583240651,0.9313604995964647
21925,2.4037175462997498,1.5662264261287158,1.6501614437008754
21930,1.5882945993829822,1.4328623920263575,0.9235839138975945
21935,2.030278752341624,1.6312873014385252,1.2829712325772105
21940,1.3447518399312337,1.5551377593704703,1.4239786279841529
21945,0.9842169748125458,1.4014635863318428,1.342464733437503
21950,1.7439578734268892,1.7657640591103327,1.4941947880876802
21955,1.1514545846472246,1.7274717903950019,1.691561115135567
21960,1.8431487019094734,1.3358509917762633,1.3831464245975327
21965,1.4852380114175083,1.4089192842957565,1.4361918114308558
21970,1.2450137574342888,1.6453560611309967,1.6256109482792416
21975,1.3435421589371321,1.693224519708354,1.3191316949663812
21980,1.4435480068617488,1.2441091102905413,1.309473827422771
21985,0.92749334895552,1.8187959885972755,1.892575002953104
21990,1.5736081390242531,1.9045582006445425,1.225323055792668
21995,1.8458809713658157,1.8429623716111727,1.565043493344313
22000,1.8662145672980526,1.6457120848168927,0.8630760771679447
22005,1.1884662691905539,1.215836721664545,1.2056608555850838
22010,1.1859431188476337,1.8521319167054056,2.2063245979024275
22015,1.698964007246257,1.5375684400355338,1.8408177008128885
22020,1.4804946598798334,0.9972920961838122,1.44140330044177
22025,1.4904804221344186,1.0810480679776437,1.3563686520865164
22030,1.3770195572579722,1.957776886355647,1.6656209663729908
22035,1.4366196621049572,1.7977202983243163,1.0182648085064727
22040,2.1674052096124625,1.5390104749282227,1.5871486309492653
22045,1.2539388703838616,1.6563669283285387,1.3162536489483445
22050,1.1953668177825014,1.4303142349519025,2.055534626252941
22055,1.754430489428492,1.4833595666659474,1.6346850785573284
22060,1.4116798213475528,1.6444161056724358,1.8767486045103916
22065,1.3299307575278345,1.870224598631867,1.434018340704138
22070,1.5245962015446217,2.005316914030005,1.8856922418197621
22075,1.5837479146926599,0.9139575621682479,1.3316905695504253
22080,1.425639149479733,1.7051914260318513,1.1108677931883586
22085,1.4363652226264878,1.3705620057486922,1.462326783263371
22090,1.4602685737526018,1.7622460228836456,1.5622218410298028
22095,2.1498269355892887,1.5658370179106174,1.9601357837227558
22100,1.4576138469601032,1.905261256020811,1.0897995527357096
22105,1.3454704161266706,1.881067439670365,1.774312285176511
22110,1.3012386945987902,1.603926100564954,1.5408816596080306
22115,1.4162740424180527,1.803695140213848,1.2830585246643427
22120,1.4261806330017204,1.5584925881098093,2.1726351311654826
22125,1.4593821401012392,1.5566467122951062,1.8383518698628374
22130,1.6849805905899216,2.341870198038208,1.6789939051159664
22135,1.5728632305233532,1.715736263384352,1.154075504679338
22140,1.332035937200267,1.2663366703209828,1.2728935604324234
22145,2.1647669985048847,1.5590004736967025,1.0780867182855094
22150,1.4168294242843018,1.2775497577331842,1.6387161359394984
22155,2.0619509558334896,1.6080783336779336,1.620653707491042
22160,1.4059183175651417,2.233816140040394,1.0035150332220764
22165,1.701348949432845,1.5880319084353,1.7121865846563964
22170,1.1992497396489348,1.595466856906745,1.6434817603865264
22175,1.3740708943340172,2.0861162199191177,1.6047225659137756
22180,1.4663754288777207,1.836112751943638,2.0316870814582666
22185,1.718673739116618,1.0786458944706236,1.274614730865688
22190,1.4965390647621346,1.11681831195946,1.8231166131876582
22195,1.5447866466089761,1.6383878683248014,1.3367678095255944
22200,0.8007922022597634,1.3086304108435711,1.5393470448508366
22205,1.5934535479659062,0.8531370454657178,1.7149999524753758
22210,1.5787189582513286,1.75491105610611,1.2345441764561254
22215,1.9444545811125,1.5672719746506536,0.9948028600743924
22220,1.253621887618988,1.5821661324555647,2.0254717069133106
22225,0.8948054611555881,1.7420743348051744,1.3850595626150148
22230,1.2225157276911371,0.8089342393621076,1.6516253772432243
22235,1.4509815535589148,1.120335763980469,0.7899178765335234
22240,1.0009162336682462,1.351869450227978,1.6374821719946837
22245,1.2069781092275915,1.2891615106625571,1.381177110119776
22250,1.2585824580830387,1.5578144801369502,1.8159495866338253
22255,1.3953597256278847,1.0508453474072035,1.253929733001448
22260,2.072765583989771,1.2389346394107736,1.3665614570209572
22265,1.696969981758128,1.5257497370770854,1.4564686613609488
22270,1.69845578410877,1.4644252045073212,1.5663556425162308
22275,1.6933944619826165,1.338872792501215,1.8928143767328554
22280,1.583468025559999,1.4660004870983379,1.694844357365129
22285,1.4958544552494457,1.5701704754511459,1.8255018965625518
22290,1.5066012625605454,1.9654506849959,1.5866201419812118
22295,1.6391645436700417,1.383539906329911,1.8945676331763592
22300,1.6158472194285585,0.8165491462577334,1.387846905087735
22305,1.5377033487150389,1.5168816748836327,1.884758994310781
22310,1.371411391549022,1.8613007422744317,1.6096918280854442
22315,2.101310753832046,1.3178984612452653,2.012771240346733
22320,1.8476012004311881,1.733366802676299,1.4707064840678634
22325,1.7409149049101775,1.696574219880358,1.4590423449501229
22330,1.263742792499898,1.3510687380615392,1.4580008877831558
22335,1.9367918624023572,1.6499514304028622,1.4235632561206437
22340,1.5546998024900176,1.2705344431179344,1.0074672930050594
22345,1.3969017190713875,1.0998051109653404,2.057560135866562
22350,1.5069298950944179,2.0101051928836133,2.17856239285
22355,0.9219026905470585,1.2663834820291053,1.1726544885270411
22360,1.8789525835573027,1.9756515267211534,1.4763746628922296
22365,1.3447334821894605,1.6252309359043728,1.531965847771349
22370,1.7228194386122286,1.7252985480857288,1.2940777697752022
22375,2.049907207270025,1.4388596540210188,1.5452440502928104
22380,1.192234787491909,1.4829167475628997,1.5525040881088643
22385,1.7572670741818905,1.8566547033248288,1.9217947412975145
22390,1.8038472835225685,1.2665198328443972,1.6702884407090588
22395,1.9510058577878238,1.659276374210595,1.682422727391333
22400,1.2623816503625966,1.261475708227623,1.6717058803003655
22405,1.2215987423998227,1.3142168754279708,1.636284156634667
22410,1.5281987945167108,1.6951405758896523,1.807144556254757
22415,1.5857623106584193,1.2217240178674706,1.4257244510261882
22420,1.386325547936065,1.2987920427105732,1.6540549390277801
22425,1.3469579763171842,1.2750703900515814,1.1285576259778334
22430,1.7060087672521296,1.5263520225853555,1.518568011401069
22435,1.1937903378776342,1.1918909148298042,1.4221983648203211
22440,1.5559203908592032,2.1182611033398655,1.4985034225786875
22445,1.2990891423801887,0.944095630593554,1.5717889360811816
22450,1.7478579330480328,1.0829712786000711,1.331092445168946
22455,2.153364262159258,1.7650104586785882,1.8190908141615745
22460,0.8896815158185684,1.6953711142587151,1.6937217454282492
22465,1.152969327808944,1.1583192450148931,1.4019360387173019
22470,0.9357801031200912,0.9110811693264859,1.811872624994856
22475,1.3581735839117348,1.6930842111204902,1.9359000288344834
22480,1.9607719122617357,1.598956306723072,1.641361046966003
22485,1.8141418329893917,1.6168272808470678,1.6516844292229118
22490,1.8152991907041378,1.1005722381296243,1.0932644183069287
22495,1.5454596319003269,1.9367140243561283,1.285709680418645
22500,1.4576379446322205,1.5153104764945087,1.7131981669947958
22505,1.659981047925299,1.5937777397065356,1.4896098088737737
22510,0.7418237312190307,1.3736519021764484,1.5696191518574067
22515,1.4146869206418564,1.5660760104293863,1.0719950364715816
22520,1.4668516099419757,1.7386180185977897,1.3410150526838205
22525,1.4153963753109724,1.3100757985723865,1.224563013733407
22530,1.2381058390978743,1.3819157984670127,1.1347604162547387
22535,1.3139568278739944,1.9004723746172103,1.574618133100189
22540,1.7585063371454042,1.2677380014503816,1.8255422674539963
22545,1.5593040758807846,1.4162588004762224,1.263907878587199
22550,1.184038750741605,1.5949273706010578,1.89933511647949
22555,1.5635757319112917,1.682468327631549,1.3769567536467435
22560,1.5780320369719267,0.8263656828667162,1.420117939573633
22565,2.039550143281029,1.4261839470472206,1.5222967761113575
22570,1.6328528301808427,1.355796052726126,0.9887153492167414
22575,1.8048625230315365,1.1386767177132877,1.4281007005136919
22580,1.4645846331839727,1.87841599489911,0.9852129751750321
22585,1.9252474260210857,1.7710056682595223,1.3616181108732195
22590,1.4255908999222546,1.4270350406255248,1.7640023217709464
22595,1.4581917539965603,1.882497467164384,1.1632245608700351
22600,2.0702457009196373,1.5302633332859001,1.5939826572838824
22605,1.4101989467090656,1.0422357024489886,1.731144905813865
22610,1.5979312073829324,1.3714830117213834,1.2585774328144261
22615,1.736322241491124,1.37702983328588,1.7430799568076636
22620,1.598789619368199,1.4868055469649044,1.95188805378231
22625,1.6252608828316961,1.4383353901627933,2.034045952261743
22630,0.9068634514095922,2.35550546385442,1.5083633692614113
22635,2.0408315917709885,1.4294103566550909,1.0598662392508205
22640,1.6393962066600665,1.612832949344143,1.5590845289610507
22645,1.1845717097390265,1.9275162335458145,1.2215045189593723
22650,0.9892309601872739,1.080900546768005,1.4540035773149118
22655,1.4634073937986212,1.8421471970376815,1.0310181922032766
22660,1.2161127491363064,2.05519449821064,1.7172222633523384
22665,2.0181248575143638,1.4655302974409499,1.4784004760387282
22670,1.0030914768171344,1.5746030691966535,1.6417558046591867
22675,1.5620138631835148,1.2128311524518103,1.348555868159613
22680,1.1117757600218343,1.637503259895326,1.7149985919612518
22685,1.7593375972769802,1.1488340900853942,1.5265240046804955
22690,1.2755165926580583,1.6140857835849227,1.3321977280447062
22695,2.0915152181943784,2.127006591246256,1.464862120168804
22700,1.8342480816745448,1.2121288397735457,1.1825026457848387
22705,1.509604883763158,1.2736254644806912,1.5051289223083215
22710,1.123134126902091,1.5684859499792276,1.5878906402939694
22715,1.8728486489979548,1.7038955373879558,1.5122703937570612
22720,1.6132392194162468,1.5055728299945073,1.9752955935502081
22725,1.5760699010159913,1.4956788070601674,1.7251057031196608
22730,1.564479080134004,1.6678157215079668,1.4922586021717745
22735,1.88627199247984,1.5716123757053755,1.6730255450391613
22740,1.2337381564189343,1.786453554923324,1.7313966754570689
22745,1.1417130257144388,1.0894652930695972,1.292195248349831
22750,1.3210351698158773,1.7781433579855879,1.2136356187227286
22755,1.326217847152079,2.0350272596933032,0.9769648142790698
22760,1.5365605653093288,1.6830841816779163,1.3228120820433982
22765,1.4346694183533064,1.9264950770582678,1.6610854728036504
22770,1.4327651619837565,1.4515770959479792,1.6188050650990606
22775,1.492795256609014,1.3834961963340768,1.0353487402462822
22780,1.8276248207994377,1.3583622846075893,1.0073065834767059
22785,1.5888220765595555,1.4086177291766584,1.258394162402019
22790,1.7003739835726757,1.4901347029399865,1.537230103859875
22795,1.3382206309460223,1.3671427059642536,1.2567078143798343
22800,1.4172514949956283,1.8796722141048081,1.1990371935156698
22805,1.4674213238419083,1.2601072902894062,1.741848427003419
22810,1.659497141766764,1.27326962737884,1.7631661416650255
22815,1.718385854531166,1.399282027845998,1.4609475862785377
22820,1.9660852469520897,1.4959049617338895,2.00853058310448
22825,1.7303819753987209,1.7810353579345106,1.6389803490365311
22830,1.3994510900837125,1.24722998253045,1.1942259340901498
22835,1.5668051292561995,1.6890868614232861,1.490715522681888
22840,1.6406494396147326,2.026703284001006,0.9012994804943473
22845,0.7947618119034999,1.926888079522071,1.614494092413426
22850,1.0508019422616486,1.4743119217519542,2.0970248099320488
22855,0.7033078176533628,1.0996498545016236,1.2596917061116553
22860,1.6084626730992524,1.669651136281501,1.1931303572209018
22865,1.6772635815679462,1.3592307576564038,1.6457502355404827
22870,1.3716853373994968,1.8294015716583083,1.6662885612253504
22875,1.6492193108221274,1.516240619293219,1.4945197413877895
22880,1.8217686522680114,1.2819402717430102,1.2262110545400549
22885,1.1747290909084676,1.6360873215944405,1.896870678573385
22890,1.2402874080921964,1.7435381539471864,1.4920384483791704
22895,2.1486177117406022,1.2558187469620141,1.629361727103345
22900,1.3293448049331351,1.3430418311872554,1.5139923007110934
22905,1.4473129393944615,1.1484137123257847,1.7814843132598237
22910,1.8452263533169115,1.2286477618114515,1.6723835347143499
22915,1.532830894395089,1.2646159273996185,1.5800112672957298
22920,1.0831945975603294,1.5113308204524971,1.245116582406331
22925,1.7065542617523666,1.4349325798127714,1.390940250893732
22930,1.1827702979756864,0.9918405218936807,1.2490307079695422
22935,1.271211670992487,1.2516445388409858,1.4256224609943895
22940,1.9599538631816973,1.113861702589686,1.3700457159098858
22945,1.3460120073144497,1.467791617669347,1.6901073264737811
22950,1.8167270097124095,1.7317078099961323,1.336797227440922
22955,1.2544923013505431,1.621273890280058,1.060815295775462
22960,1.5007316854844996,1.6936150859280632,0.951762655946547
22965,1.1554514604912773,1.0968046849571231,1.1895711650041174
22970,1.554910513756437,1.5368306611569122,1.4953492994527406
22975,1.5658810662789713,1.5499076874712137,1.206764521362929
22980,1.6154649863951394,1.5015156521185724,1.749164417684456
22985,1.5362467852522816,1.333917562047069,1.483006922822945
22990,1.685005668001215,1.7352038842140487,1.7417679946922957
22995,1.353246996813541,1.553059128998034,1.5662660297462025
23000,1.1293489512778576,1.565421610474732,1.6100071569500565
23005,1.8574249342414617,1.1646051253925607,1.5389424643043559
23010,0.9023358068178967,1.8685541839325228,1.3890830418608926
23015,1.4642570117454483,1.707563532029274,1.4314642058231566
23020,1.71101153701785,1.7672773949669547,1.5428266235816723
23025,1.4937747293823194,1.425681428558714,1.1078428664973863
23030,1.385962707283681,2.306046733683229,1.6369142277282873
23035,1.172573847383286,1.7054955030878045,0.9330261528379002
23040,1.9113393312329736,1.5747341052849304,1.6141087988201015
23045,2.0094273718579028,1.0354869832457683,1.144239721538172
23050,1.8438037670182854,1.4597078670149775,1.2994820313624054
23055,1.7825582927392718,0.9927570557211859,1.0583009823772132
23060,1.3132221736167025,1.14344025450577,1.1132062088157428
23065,1.5683284153237271,0.9151565929966685,1.485951611703089
23070,1.1671041147693495,1.9969701759497687,1.6168931036343097
23075,1.2607341000470105,1.8912284796329477,1.4137073196164014
23080,1.9776292037998875,1.582226167950908,1.6518384170881406
23085,1.115317384126725,1.631543318886967,1.5597761035493032
23090,1.82623923995607,1.5504422460364353,1.524981933146181
23095,0.9613976383450589,1.4910309961536836,1.9831600061123251
23100,1.856481337737773,1.1963828616991203,1.6070519253459952
23105,1.4997186614069484,1.9331291307201033,1.4532687100210135
23110,1.619108639432491,1.5011637186812519,1.6382094846652542
23115,1.859268059326785,1.7788775197335045,1.1625388673420227
23120,2.046695325181577,1.41828045088675,1.0093462931803492
23125,1.3231784877535537,1.8234689483533315,1.8665225874687328
23130,1.4347477506868047,1.4798549057676595,2.2155322021713317
23135,1.4435444794634738,1.372684853515019,1.4041241914718199
23140,1.111559148990648,1.8707311840567415,1.9202816474202362
23145,1.6192669479647936,1.617738801436777,1.8781246725394776
23150,1.7741895403125731,1.7939617251845066,1.6112135286711238
23155,1.2977460747687724,1.1629531864884022,1.4466444773629366
23160,1.6584980042594561,1.707125734531235,1.1527654923651445
23165,1.7843752116256462,1.9313546492067806,1.423110486447272
23170,1.378122828574548,1.7198597358069683,1.2517123641197405
23175,1.3939130303082574,1.5406356814093607,1.4503667893209398
23180,1.6261464019574812,1.7044369550567064,1.8459891068619332
23185,1.470860592012317,1.1694532144570209,1.4226568719096058
23190,1.714611168561124,1.368145701532196,1.89671368378226
23195,1.8084437183753317,1.2980058108840191,1.908153809905667
23200,1.6625842221712648,1.8245022222364755,1.321094776995779
23205,1.9602275618181437,1.4817360172301846,1.1325128229108745
23210,1.3188008624956262,1.4794173190939313,1.5791204260540963
23215,1.1820253820302673,1.4240293443646421,1.3756582918224407
23220,1.4771711413876203,1.4256605452330866,0.5471328130496795
23225,1.312503357570843,1.9673260552935259,2.102228603803866
23230,1.7213013163276063,1.8276290948479192,1.5023127578885216
23235,1.6574296045261103,1.5025837797035062,0.6136009130104166
23240,1.6104089396935442,1.5765003455585471,1.5255994764577772
23245,1.7390772971470714,1.2863311731012708,1.9026969410565897
23250,1.7499553420467677,1.4007902637956104,1.5707521611514341
23255,1.7484004790808985,1.328598098078696,1.367976042062709
23260,1.7482272216809889,1.2928787951723346,1.654683188266123
23265,1.4449817278181145,1.3205852983088493,1.7603599338172107
23270,1.3702647546391016,1.7463871583261876,1.7051961573628904
23275,2.050627532590358,1.5990010515425586,0.5992277470792802
23280,1.5902742921099853,1.3107522762054677,1.9181678700118336
23285,1.590829572715541,1.3768363433189024,2.0294257562091937
23290,1.3340400560795844,1.0605117729574154,1.242681605227312
23295,1.3218591663914507,0.6659339643974984,0.9531447981663091
23300,1.4203899784718277,1.0060937057674861,1.7210212508391052
23305,1.4901913229150772,1.428499564347177,1.6045061902789213
23310,1.4905822860587803,1.260752626067001,1.2293742618433081
23315,2.0307659875120034,1.5849795220637524,2.027829795558351
23320,1.869108463640477,1.4461798162934474,1.3495540049472772
23325,1.6881414085653696,1.9248852872515523,1.7348698356103667
23330,1.1608853849214305,1.4792107102529022,0.6133544342366398
23335,1.3993599280330524,1.7304181393479836,1.4312620236596125
23340,2.0654534837521954,1.312382916552992,1.330389444704837
23345,1.4470159971716408,1.7199741095552277,1.4302210125170263
23350,1.4887621875778498,1.0665774877606071,1.3627431975176747
23355,1.400775424750457,1.6414619606712098,1.397964823539813
23360,1.4830129370673677,1.9503562721340995,1.6175776084001503
23365,1.4466461617705861,1.8352666524006347,1.8404638956252743
23370,1.150207202280419,1.6939059760893405,1.3497123832684847
23375,2.1584371436772796,1.8209734188413738,2.0514710084602075
23380,1.968891211589359,1.4036914430042395,1.8938554388941098
23385,1.6845351587217539,1.6460914328924483,1.6056335459411442
23390,1.5410056746082326,1.118676216711818,1.564167838087933
23395,0.745243277682013,0.8845022256789626,1.7784248437312766
23400,1.3631164183550792,1.3668675771473184,1.3825555548596027
23405,1.4511369155029425,1.0586167282410373,1.4994619841237047
23410,2.108737715019589,1.7435908755235854,1.5915214896887708
23415,1.3143919347690103,1.3064098501045116,1.489514310242315
23420,1.423097991085969,1.2513456201345028,1.9144153534681347
23425,1.1581723522197442,1.0824763246912745,1.6062441534069625
23430,1.1694601629864034,1.1107148320870235,1.3404098471009214
23435,1.339755895658432,2.1152468405074427,1.7604486819557383
23440,1.771480785589867,1.3443068796487843,1.999241881516744
23445,1.4622613057046479,1.407754887388965,1.3242415513690613
23450,1.8082846728138753,1.9540014735053335,1.5111858879859166
23455,1.4487694927214763,1.532448395440535,2.119099002663321
23460,1.167438305178373,1.8190193742512406,1.4620803133214846
23465,1.5174825304449107,1.3399610066297942,1.6574643242052656
23470,1.9159727159902427,0.9416566076210432,1.3106238436150957
23475,1.370008000333624,1.3292312774558763,1.5783546738334129
23480,1.7592792618100432,1.181129616858287,1.1263278952759448
23485,1.4651323659097184,1.5021031690482176,1.0313619319513037
23490,1.2996833333931308,1.9429007701482037,1.1315836068046783
23495,1.5189482160135228,1.7072188742400498,1.0639827999741618
23500,1.344979723831865,1.4262529892773759,1.5207239754327961
23505,1.6335087496358143,1.6052494429173552,1.4002965675905488
23510,1.4566313373585553,1.4939012992806913,1.4410286709961624
23515,1.7434430212534517,1.4405422796035228,1.3571258069139107
23520,1.5216723708073763,1.5789540168020066,1.429794596795389
23525,1.6957817026659796,1.3023879192736043,1.132749234062051
23530,1.4904977112167064,2.010360412700995,1.792950339041073
23535,1.2936245748011304,1.7633011209421177,1.1382774253048829
23540,1.1385821837369923,1.4057949030536652,1.5877057356161768
23545,1.9728634581115618,1.709012533027556,0.9751247998930975
23550,1.1965685168652813,1.6434143202473395,1.5213875325702544
23555,1.3780196366472959,1.8109565671978711,1.8292663668598177
23560,1.1974839247856137,1.4667498500748912,1.00954421362684
23565,1.4383662601771687,1.3293698667100422,1.6193045732860225
23570,1.7154306051456802,1.377690887442563,1.8488642088048248
23575,1.9369764322545548,1.9407973714146656,1.653450347278008
23580,1.5839051838552838,1.3920151757977193,2.059544773974423
23585,1.2617971936757042,1.4645680060558932,1.7313372831174523
23590,1.3278125256376683,1.687558262185729,1.5058454558345806
23595,1.6545302267710076,1.8442721342186974,1.364966319496792
23600,1.289935362929618,1.6800751909828922,1.5165298247826438
23605,1.652735572113898,1.4492702004938005,1.560201052230296
23610,1.2483137770367514,1.853271223370395,1.9002589143110382
23615,1.3973354189121874,1.21967054683983,1.4495444250332634
23620,1.020286796375733,1.6887188822986676,1.7113266240109046
23625,1.3190283304554165,1.432298336569715,1.7998248286650398
23630,1.6449235128010087,1.4803629351026373,1.2871451073341817
23635,1.5957578740657152,1.276193676486267,1.3353227962358898
23640,1.3918703114526159,1.2095504749843753,1.4520336843299815
23645,1.4453377777175314,1.4156668435083222,1.2088891106245345
23650,1.6293140238982642,1.4037124561932657,1.2037585380671132
23655,0.8157862324601827,1.3560863245597712,1.482719642024163
23660,1.6856743602490312,1.5061542674752304,0.9744829822641226
23665,1.7969260212107676,1.3298153079741422,1.6141468928382383
23670,0.9862856505567483,0.9926931274234517,1.8426889390753112
23675,1.6291190131014766,1.7083261924440345,1.43210915090108
23680,1.2312052557817517,1.7528704924743277,1.6123758938259243
23685,1.174665562691217,1.8951812544364253,1.4873222487986162
23690,1.5243116717112934,1.7978681897191304,1.074158477235976
23695,1.089904296268055,2.0685888062673636,1.5233815096591652
23700,1.4961872003017815,1.3214540896745794,1.3978296479035437
23705,1.8138604536892264,1.4410645854838762,1.5123068760679683
23710,1.904533060217214,1.650618364916101,1.3728778413453453
23715,2.136072066952777,1.3881948042000942,1.4255721376205028
23720,1.0917117056258463,1.6480521039043576,1.3813902877667765
23725,1.0855387151030347,0.9632752517936469,1.5379175516826595
23730,1.6299330164656238,1.373187549506618,1.1373218376145902
23735,1.047872800753294,1.9067329294774358,1.37922234053174
23740,1.5510370616490732,1.0447440690163678,1.0458576020322563
23745,1.7736617477391683,1.5509271590492753,1.269357652924763
23750,1.3427517950612948,1.5228560773605353,1.6352231277846079
23755,1.6855912607422856,0.768674469438684,1.6880499181914073
23760,1.4064471474118931,1.3321155761709826,1.7873082833771679
23765,1.6966872228263392,1.4647436807274163,1.5632231929040457
23770,1.252205946732712,1.1135665382895055,1.6571618210669217
23775,1.5490773150922204,1.826485295028606,1.655315117958376
23780,1.558243252595676,1.4918158962620132,1.3482106609039444
23785,1.623095426492376,1.6736717608060283,1.5318141915442174
23790,1.322835175233368,1.8090034933651467,1.9805884887442002
23795,1.2450532962553387,1.8771572171010316,1.9828100001616016
23800,1.950862417797408,1.3589258751113147,1.5739329761144543
23805,2.0498760834085368,1.6261806497550024,1.960353333349187
23810,1.6023577123414108,1.7284796699564162,1.8695336082719205
23815,1.277217264152284,1.5812790820012093,1.1287902235921075
23820,1.4625388372069041,1.9014174903381136,1.1749855467260901
23825,1.0785010857999673,1.3427787343514157,1.3986618834171616
23830,1.9024524695836136,1.2855888042206884,1.6423601923973736
23835,1.464194942279682,1.5588854758575583,1.1480270522330156
23840,1.766686978875016,1.3256940747304442,1.2574287966083681
23845,1.3254132792581825,1.7910977277558302,1.35264523415732
23850,1.410199932329223,1.3610192847255296,1.733088655496128
23855,1.38458982782992,1.565954212327625,1.329585188960847
23860,1.2378455176482195,1.1252279160726315,1.6388835662055181
23865,1.1197254214389716,2.107638358568321,1.1344864159475179
23870,1.6258788904349881,1.610476287381402,2.0038657757328333
23875,1.6777360319073742,1.8168366663229125,1.8460038087184032
23880,1.3439724989163961,0.58682259158701,1.0527976783936521
23885,1.2678118195746781,1.2508081420738921,1.2895249732821021
23890,1.4840607906590138,1.5026948320252638,1.7201794371351753
23895,1.2620070657672644,0.9391242818160943,1.7973381640666224
23900,1.5536709860284401,1.1018490716269935,1.706269297178544
23905,1.0703393953146445,1.2426394388631192,1.4683634989295786
23910,1.7803652362029745,1.0627609521461048,1.2678422179059767
23915,1.432861304407895,1.5491504196398824,1.489686785574308
23920,1.1240138043171424,1.6139951962405579,1.247162358023579
23925,1.7697443193438294,1.1368654462065928,1.579377839213259
23930,1.4018117800500471,1.8851730588494091,1.676568349157629
23935,1.56985511031536,1.4659557574017514,1.2926761588497824
23940,0.9672700208556997,1.7364515590949654,1.3383466720847799
23945,1.8169624528787376,1.415909986982197,1.023773636524292
23950,1.3094715203528018,1.4823406265293522,1.7335788282482572
23955,1.8381238774854047,1.6858375169023727,1.4914707926595574
23960,1.800172778382985,1.966642869149053,1.4080405072960704
23965,2.085967029471804,1.536550840769964,1.92118002032101
23970,1.5551023381636204,0.8466609567360361,1.3943323351398187
23975,1.2351395024436371,1.6161183532008778,1.937715591591243
23980,1.89214399275032,1.233940403127193,1.6474974701649074
23985,1.4688116833878144,1.9059138775301525,1.4775499637285894
23990,1.2930341981559093,0.9087694773059279,1.679808195881613
23995,1.2512793185073479,1.3866395722616003,1.4430215495759118
24000,1.6538268431727214,1.279901881449136,1.890959407379884
24005,1.6137438243771072,1.5330514848256993,1.2643227155284948
24010,1.9493629106396417,2.0727544890702156,1.301215474254449
24015,1.3626347145903424,1.4584052752273784,1.2166069332744784
24020,1.6752520539908669,1.4361829778215252,1.5592803217107996
24025,2.1551426098683786,1.2566697061021168,1.4005374094350382
24030,1.6114816394600167,0.7857524166613054,1.3665125956464337
24035,1.5346710451982668,1.263487468057915,1.7411315628301587
24040,1.7858168472897473,1.6275425748232826,1.2716563003564052
24045,1.1304421277743888,1.2716850648241211,1.2412329725082556
24050,1.4998201535067026,1.2550627097810154,1.515371564077817
24055,1.6784494673847665,1.4468181768156936,1.0269674640118853
24060,1.149289033849197,1.2334199662415344,1.300243647474415
24065,1.508452457880147,1.1370796561538403,1.995552420018018
24070,0.7270034071603497,1.2060484432719942,1.7938703864260706
24075,1.4358141668289732,1.6267525279162092,1.5487737734850646
24080,1.3516023735169915,0.8780160846988754,1.7608887005977643
24085,1.4907360053224343,1.3102381756971555,1.0412913199378773
24090,1.1685427302043412,1.496845014952659,1.4686625358843677
24095,1.2944643128382018,1.1236781794714186,1.2146701533574127
24100,1.248782398900995,1.588771124696387,1.636846560399115
24105,1.3216026535137237,1.8236895628631185,1.1904126449734702
24110,1.438725563380429,1.4463181970660524,0.7985969387052726
24115,1.6342472400791175,1.4808354781604094,1.277526828446985
24120,1.8393566281613065,1.7007189644699798,1.8030767721976821
24125,1.6302208385315637,1.0247075686351128,1.4086616707735753
24130,1.8970380539645084,1.3500240193073831,1.2303589719804255
24135,0.8144319361361411,1.8633490848001972,1.7206171527843945
24140,1.2942892690899104,1.8420095642263847,1.186692554843892
24145,1.848805218942843,1.7848712260429491,1.2761860661918911
24150,1.4551805932104789,0.9337631534902557,1.7838284164460063
24155,1.2507530299232459,1.5782274364926006,1.16632418848826
24160,1.0178378359450075,1.6269418951468957,1.4643051468595263
24165,1.8162101009553555,1.298702584814064,1.4193586848361295
24170,1.8650197725420472,2.149186891078749,1.1364591327341718
24175,1.75254127585081,1.6954602628082136,1.5631932386240468
24180,1.1320244909025439,0.9576333681435069,1.1051556050124611
24185,1.8671617103620113,1.7089580223251977,1.5794530965575817
24190,1.9202330653550206,1.205773647481836,1.579708436234211
24195,1.6223288100172903,1.435148517634507,1.6284863684356043
24200,1.3640605931812253,1.225781125122241,0.913825519046095
24205,2.172066294122882,1.503597838575958,1.418117760743313
24210,1.399877218531962,1.8141593410189127,1.816785741627864
24215,1.4772266221702468,1.2158123034504684,1.959247917664356
24220,1.233191559684992,1.6115106914602915,1.0115616359452815
24225,1.2638934654867158,1.0733810885523256,1.454308377338689
24230,1.6173636744231292,1.776912809848197,1.8206915847502534
24235,1.7627266025232255,1.9210968448556587,1.8480635227360949
24240,1.7017786471832919,1.7248285263366205,1.0945325259406695
24245,1.6516010117902973,1.2358590703689167,1.7827162908818714
24250,1.4139298241153264,1.2575135136848818,1.7609824043715152
24255,1.3208872946465693,1.568794889052431,1.626055482005196
24260,1.7896499541897235,1.1484414198154884,0.9930104242404227
24265,1.433643054808693,1.7798002559343222,0.8817153248259814
24270,1.0819104580007028,1.313193229420764,1.4167059872733483
24275,1.634262733384655,1.3496490707243698,1.5517365173426354
24280,1.1586897133108027,1.7939234350796722,1.8512513592030506
24285,1.136009427675721,1.5739949564019982,1.4958265123240173
24290,1.7143159669624755,1.270408001023696,1.9118668534964762
24295,1.4840874094320093,1.3535822765942884,1.6418837665958428
24300,1.4921587035190067,1.0726671165644466,1.568659656025941
24305,0.8878874994153991,1.5470306131459957,1.7791509363906022
24310,1.518437197393197,1.3457833644498178,1.293899628442642
24315,1.2617297291779594,1.6413693989449474,1.6495905340663615
24320,2.0486929554112003,1.250187013112444,2.0546919726961037
24325,1.2791287011668802,2.0294987159847437,1.8970301342810094
24330,1.4672291773192339,1.5336525377418087,2.115496059897898
24335,1.6232990947336035,1.164622003701648,1.5581115914157944
24340,1.7366812967549055,2.2701793458354675,2.2120927932588876
24345,1.3327881611479595,0.949654136556877,1.600752491227915
24350,1.3942672511088832,1.32677714021135,1.7904451509472978
24355,2.055494744665079,1.5651100647369354,1.1171204686823302
24360,1.1589915608124755,1.6413819986677276,1.1658059896499657
24365,1.3222389192435706,1.6504415733016726,1.4218046885926736
24370,1.4193564686341962,1.8996980463741484,1.5066430817756689
24375,2.150819943843959,1.6230443573739108,1.4533566938360774
24380,1.7433246855219093,1.738251203989632,1.290020290642161
24385,1.3425785743201877,1.82580047838784,1.1936010161344506
24390,1.079696550105337,1.3616192903693538,1.906003477945895
24395,1.265059524603612,1.2190763150858532,1.2086963224210638
24400,1.351088281778342,1.1097393709874837,1.0941293071367646
24405,0.7547197245285532,1.7462580734325077,1.6324824150081976
24410,1.6995791878040607,1.2323874050311487,1.5199702787760438
24415,1.435248979130251,1.3132455951191706,1.458041917269545
24420,1.846141756447139,1.5122979784138375,1.2689505299907238
24425,1.8356383404221497,1.7445831783132784,1.741478715451967
24430,1.1203209064074138,1.3186405779474897,0.8385927108110317
24435,1.8002604770123565,1.0874459934809408,1.331866696800045
24440,1.2329459252786594,1.291966041612799,1.8484230533382981
24445,1.8507900742523702,1.5997776866324498,1.6488537165862387
24450,1.4766711838537818,1.1689790206912347,1.0593542653933101
24455,1.475615658043164,0.9716611527583557,1.6986581066977904
24460,1.4310967317571341,1.172511825554374,1.5889281569890739
24465,1.9387318838087841,1.1435329590353485,1.6854637101695402
24470,1.989190217671728,1.4238191834466025,1.5748740628500602
24475,1.0755417447388491,0.7874648217953331,1.3234002829818157
24480,1.420970015056357,1.1857578393430586,1.2562434783688174
24485,0.9459416442010895,1.3054628204016945,1.5547916350598145
24490,1.8769496021367709,1.3275525958285521,1.6840018117172517
24495,1.6818822160808602,1.2658724142089754,1.4680760850823733
24500,1.728797860176454,1.705440251216765,0.9406053808617171
24505,1.3901136808817778,1.8596333705182195,1.4647666194820417
24510,1.67551367515729,1.3722228693258973,1.7361194036417005
24515,1.5092419262567174,1.423746213162906,1.7982901698519913
24520,2.0892613014520505,1.8963423124686274,1.5891418444102596
24525,1.6224549451004244,1.184783974867816,1.4418810134034659
24530,1.242016715965359,1.4257006195458544,1.3447292867276728
24535,1.3700038223389155,1.8803886562367835,0.9961498591066915
24540,1.5982808945158529,1.6894387081920266,1.3753529301410596
24545,1.735448955655303,1.9689387994661494,1.326027806133747
24550,0.9928689333724746,0.8987598397120261,1.7965242128407932
24555,1.623393893157841,1.3378928656776377,1.416379828605255
24560,1.7901853927190112,1.6326758924353801,1.4513069603951239
24565,0.9780342004839491,1.5708101125315568,1.9538773712842898
24570,1.765417882591491,0.9944509758901254,1.413539250931038
24575,1.6629120412509188,1.9219133432954676,1.7290067078440872
24580,1.5034699636666964,1.7181025273940354,1.1742221270310824
24585,1.6670971862033097,1.6275788078240925,2.1210388209324362
24590,1.9854213860859486,1.5025238226404067,1.5577111823784642
24595,1.8310074341761258,1.292515926589764,1.3055458510919897
24600,1.2641479273041483,1.614659733229403,1.877591376058187
24605,1.6860261356076622,1.5548652491687243,1.4901258501052386
24610,0.793750879782737,1.4949498186750876,1.6132696672372928
24615,1.8078380636456075,1.0735055798228361,1.503004062919831
24620,1.7351333972302294,1.7830638274142965,1.2265094030160988
24625,1.2603209106105948,1.5178802945759142,1.370307400822774
24630,1.8347413646885464,1.7359597787007435,1.5373585033209707
24635,1.274267004257864,1.520123870650013,1.241214568846738
24640,2.000480374474508,1.529275005869777,1.1030301005384544
24645,1.8455876895965246,1.4699911301648045,1.2729407398073251
24650,1.2960139327082263,1.7664317949120503,1.7885784121358184
24655,1.3601489464994676,1.3309822065702712,1.1878175899349934
24660,1.5943433409304504,1.9864300272373365,1.7032130570499528
24665,1.445327175515512,1.378540321563198,1.0446924910236106
24670,1.31170295905773,1.232604055702237,1.6455485571841504
24675,1.7504674534874292,0.9779101598577901,1.3682394762813668
24680,1.8284804910376293,1.1624694616722098,1.1922258655073517
24685,1.4320454548615649,1.5519418200335726,1.3925425468038068
24690,1.5743831165757214,1.0394453066931049,1.3638542770861628
24695,1.3952895015585989,1.358652577715634,1.222889163147149
24700,0.9855788294109683,1.8806300204472446,1.7071522266034367
24705,1.4409214068909622,1.423853533459385,1.9068979131914392
24710,2.0066874519590643,1.304246090068319,1.4265483163491313
24715,1.5498255324235708,2.118269568391707,2.2263831437588415
24720,1.5114525331207505,1.716630732746332,1.4571570646658525
24725,0.9546528518609123,1.2363860238994326,1.3601570040093012
24730,1.8049240989444333,1.5854173450286628,1.5487614185347462
24735,1.2329564263515422,1.3205179613334053,1.3754484193183274
24740,1.4778248878273157,1.8208316543139436,1.6180176052859927
24745,1.4356865993318606,1.6819601492129275,1.6337927511364538
24750,1.9521367343357858,0.8154090530123097,1.6653846729090978
24755,1.6631059776080799,1.6303715001798442,0.5526868705066258
24760,1.4364976082256213,1.510198987517812,1.9742030465259088
24765,1.4255725845138418,1.688241322424951,1.3819652078160058
24770,1.6970058427765353,1.3810431780601302,1.5148516180725966
24775,2.0502515017914114,1.727956632594528,1.670947799552388
24780,1.5741202425151901,1.655058830626659,1.7661390082824406
24785,1.6179486368789893,1.031294787894465,1.3793487176140806
24790,1.5749420099066278,1.748790895219548,1.8359714975122865
24795,1.3571660817435953,1.4012728304786717,1.6035863216223594
24800,1.0075970009390924,1.7558350600812163,1.5502913593260321
24805,1.2594850389786676,1.2965091675910212,1.2418070118123352
24810,1.2021705899247397,1.9215504435326471,1.6899771980053055
24815,1.5854768136377368,1.6005719616610576,1.6147196679261322
24820,1.4107382381196942,1.139421846415467,1.2806024328728371
24825,1.013990774334262,1.7414993036534243,1.3819397670397269
24830,1.3917026371700287,1.5858554939391551,1.796877228226216
24835,1.7786715478844646,1.6285707535627572,1.2004146458196647
24840,0.8061620307419869,1.6343410558085427,1.4258070868690327
24845,1.5069930555162263,1.471546666244669,1.846862263654603
24850,1.9110942002050062,2.2938749040192787,1.7031640346963142
24855,1.3939177386503847,1.2496832983573416,1.0169443634342967
24860,0.9663091600955417,1.5849549720463336,1.536911766326123
24865,1.6575087595194766,0.9326664335197088,1.5259779931109227
24870,1.261786564564322,1.6031251029238063,1.7373270649928085
24875,1.599774472234383,1.1472066349661523,1.4802069175991035
24880,1.2105242819437112,1.3222241716806233,1.8882093673376268
24885,1.0402673258535065,1.4200885004905532,0.9928031426936388
24890,1.595462500716869,1.9583507114046963,1.448111582789994
24895,0.7289582465699782,1.3128404957272455,1.234477785257249
24900,1.696956549585556,1.511559378485421,1.1756955780576324
24905,1.6774268086591488,1.5128613960181652,1.8265710291171127
24910,1.8775753758652252,1.416228675812003,1.6282665120053368
24915,1.4597166586179846,0.9078325833823987,1.365842928840688
24920,1.5874013702734566,1.7518793859154056,2.1529153345318033
24925,1.6365259750920795,1.9172540681251888,1.058918996489425
24930,1.5153060308262198,1.6097487475614713,1.5252613138072455
24935,1.5024898241354785,1.3281739110901651,1.7275081598174717
24940,1.5481749676423595,1.7707235973895854,1.2240957745071406
24945,1.614275565881819,1.039335362687687,1.1313705023850065
24950,1.3909910334562288,1.2716905484933243,1.5481292299024705
24955,1.7606154502016091,1.4854544719288167,1.581894514176178
24960,1.6346530026046082,1.2373645452489275,1.5960097063920935
24965,1.878790405691635,1.5675710150283588,1.3807549334481153
24970,1.8594756491440299,1.286904106232424,1.5018978000308538
24975,1.4747779564754973,1.5843689798919145,1.614423172313882
24980,0.8911446367524881,1.2426660014989146,1.3893809595237905
24985,1.7601470337286564,1.2451199566618536,1.6235183944738905
24990,1.0110663458554645,1.6220372193638966,1.7938800457491422
24995,1.4685160493825098,1.7663558583250327,1.1331192612553067
25000,1.5777278049765984,1.4545092212047106,1.0037017268375812
25005,1.563262681176,1.0173155871664283,1.3089041656279161
25010,1.6387656595187465,1.4296598557505242,1.546102201952524
25015,1.3310386722845404,1.7004484829211237,1.8444389039898061
25020,1.4193523290528596,2.128811243762522,2.5395802941217807
25025,1.130957191950106,1.5668059052596979,1.2753404476827044
25030,1.831167288313607,2.2351225740430274,1.3801045234089704
25035,1.6334773899174213,1.2521445683514871,1.6674428541871746
25040,1.2208770676480063,0.9760052839669048,1.4097173910432919
25045,1.5935737846551539,1.4302445975954903,1.1639181391917883
25050,1.4963986355301562,1.3636599923727175,1.4001562880777276
25055,1.3431651138896317,1.428324676944272,1.434168872152444
25060,1.134855082724992,1.4036009838671715,1.5916974539903772
25065,1.5033579196912326,1.9784312887922155,1.4236844548112881
25070,1.4370924478918887,1.8441129182974167,2.2020721996009973
25075,1.7256680120192895,1.0084670868586074,1.325873830979438
25080,1.6634113208482955,1.7700561930481806,1.177387070004361
25085,1.6543892684294426,1.2813085003431777,1.8939415023879023
25090,1.0853899618999208,1.6589974950354536,1.1687643847950597
25095,1.8648954301606673,1.5810959718761375,1.579733849298007
25100,1.3180458124908874,1.7421077422564923,1.42195323775442
25105,1.2611468831640518,1.1640764541348763,1.744122472781121
25110,2.0084724312511892,1.5657058954641798,1.1572886060707135
25115,1.422457804637151,1.8732526356556645,0.9474815344921023
25120,1.6489206711096505,1.2985716303633381,1.1858610572189174
25125,1.6540842840407264,1.3949805801032136,1.153379484641362
25130,1.019416182430342,2.001947412156179,1.62639995047529
25135,2.193506603136335,1.1982571122929178,1.7698568684720455
25140,1.5030072998800412,1.5689647108452562,1.8742962058221002
25145,1.510645637977238,1.544323731285617,1.64787123683435
25150,1.2469602585071933,1.6430864469081041,1.4790271103514392
25155,1.9127296731942034,1.948109879945684,1.3963629638134072
25160,2.000980279097268,1.4286985207666034,1.3898261389934592
25165,1.7286616050765142,1.63550131561277,1.7786401710477335
25170,1.9042932085162239,1.7467919288530824,1.3208673401764925
25175,1.4813451854393198,1.3010089572972479,1.431116530090898
25180,1.7730958733214408,1.3579674047455295,1.733348034696143
25185,1.8885705027468678,1.1098017861982088,1.7404622125788027
25190,1.8630594576344022,0.8742523299818592,1.4595958123064388
25195,1.3222939614146072,1.2403873619853192,1.2132100261206626
25200,1.858274338233139,1.3029417483358943,1.9204301636951757
25205,1.6107390193768747,1.2604870425095587,2.1096756521134403
25210,1.9128240709312678,1.7069606458413562,1.6839948984744622
25215,1.4472311190120553,1.2750424413333803,1.2829068303328424
25220,1.8903210664253944,1.5337343135642771,1.448127427120765
25225,0.9052743388373532,1.3233480590870381,0.7338462495536984
25230,1.1364296999995647,1.6376530665765612,1.3964408275934046
25235,1.639965361772507,1.5008883186575923,0.8854049667292604
25240,2.119149942433271,1.3864588870028336,2.023628336344627
25245,0.8792221691740023,1.791427893144273,1.6561978836116116
25250,1.165887696027551,0.8824725255428386,1.812774208727168
25255,1.3274875633430119,1.9394867013690205,1.691978465013882
25260,1.5088774506302005,1.0469104621657395,1.8664383676604497
25265,1.7121109309720164,1.3616558620468449,1.3054492317213267
25270,1.265116403344693,1.441565961504534,1.504735447331996
25275,1.5525275621216392,1.9940526038396496,1.6610357913850193
25280,1.691379389290413,1.5399491164092913,1.582842937122598
25285,1.3336692224279387,1.2329462475549635,2.3504151003974623
25290,1.39717098381762,1.593134767186798,1.9133904824913512
25295,1.257465901435343,1.039432654941198,1.0463269788188279
25300,0.8747292477964801,1.4706983641546487,1.8670540645324145
25305,1.5550442723787774,1.2629368641008467,1.3584038701167225
25310,1.449965915582694,1.7929765930871562,1.4578637149728346
25315,1.6578046006237948,1.4400043418272455,1.8039447401104254
25320,2.0725868035524724,1.1921598175909751,1.2092135377444815
25325,1.4166130110978343,1.3128792759655052,1.7459137658975277
25330,1.3289394462379798,1.8434911263937679,1.9712127777151762
25335,1.81198048483648,1.1702338723352566,1.368216122745995
25340,1.4087814977800452,1.4655235668970623,1.222879435730284
25345,1.413960802182927,1.7987382530633507,1.8151133637464707
25350,1.2383062254005306,2.069084711814636,1.1249323106253803
25355,1.3877757839990486,1.648273614355052,0.9499217618959677
25360,1.4981318721483288,1.3549219196374525,0.882520614101704
25365,1.452960532794547,1.6726923417513713,1.9175659091890542
25370,1.88598030693448,1.368294152418022,1.4559526026620877
25375,1.272782165434432,1.7146366396555106,1.7815856721543113
25380,1.9259718655758924,1.5919454413813452,1.362596530145316
25385,1.5525956910258063,1.0364435322490688,1.5144040009190047
25390,1.4292208050496773,0.8921073567152207,1.5201352355255036
25395,1.4778609307423027,1.5667687843863316,1.3482451686988384
25400,1.385058366177778,1.2177663415138962,1.8958317257387927
25405,1.6235882394453562,1.9676754134985681,1.127796282481657
25410,2.073767144473596,1.7386476886082711,1.8552413933851746
25415,1.1528823470114848,1.6154389311321127,1.9472945951515435
25420,1.556945710650943,1.4339651968031077,1.0853998304361263
25425,1.3577158892626402,1.6536977331557776,1.3489041793601448
25430,1.6162563324696826,1.6093290241894256,1.4698300089757472
25435,1.903116051932244,2.329953341062601,1.3664731823752996
25440,1.5509647333308731,1.6757436060160043,1.6443784543817799
25445,0.6866828651197243,1.1404410749285623,1.7539434334400203
25450,2.0046986843099166,1.431297417724301,1.7153918052648907
25455,1.5212177802777425,1.373497052814005,1.657654803220862
25460,1.1356796477293214,1.4405226191918992,1.2710453482418478
25465,0.9680287290652909,0.9425734467309508,1.355253637984522
25470,1.2451394309359742,1.6007940827848233,1.24136759978486
25475,1.542691848483974,1.3862119958828942,1.4159610493034742
25480,1.6292016846346837,1.8278338091599737,1.8426450581442655
25485,1.0947263497713835,1.7320008617736355,1.3040215626079839
25490,1.4798420163255959,1.555645199443981,1.1759909818397993
25495,1.7592819714584627,1.2191733448262556,1.4303962030634003
25500,1.1145857919770854,1.9323448301279804,1.5627724082667778
25505,1.3196932315338992,1.1369979030025865,1.1275138655772152
25510,1.626344423774897,1.4104524783291466,2.1465171158053855
25515,1.4610301638213528,1.940574277261628,1.1924317006039218
25520,1.3228959239433844,1.225510036433501,1.3084756581151311
25525,1.665294272209946,1.452029321574082,1.5889857203645574
25530,1.5485475806538211,1.3270444182094532,0.8887125459694342
25535,1.4637642880740542,1.5929540716962096,1.35641434567142
25540,1.9271743103201189,1.1323356938152016,1.5915444277579527
25545,1.4446647511230137,1.722901464178983,1.5233721218275857
25550,1.086440980346775,1.628845646058748,1.535425512174398
25555,1.3273188919911876,1.5432461614613062,1.6056863880325298
25560,1.8397019499216665,1.6937164461178775,1.6392538680564233
25565,1.2009923516706955,1.8311490153389123,1.9773408234608596
25570,1.2906077001876755,1.9411497790852492,1.146295747318686
25575,1.5146896370455296,1.6940220481909238,1.7449247787798041
25580,1.0625519096576672,1.935211780016932,1.4792290279193343
25585,1.6237585821000171,1.1705955865791742,1.5654387440513735
25590,1.2497955532145695,1.814260359715067,1.1744560610984918
25595,1.7996343556412824,1.510907558856855,1.8754599223982935
25600,1.219926944985637,2.0186929755634226,2.086805608453584
25605,1.6468153552772478,1.4081641476055324,1.0330235048875616
25610,1.332218580042187,1.0651433167310773,0.7486507772582419
25615,2.344569065328905,1.741290581010289,1.18572590364718
25620,1.7633347747589234,1.4025673475153972,1.2593437692988652
25625,1.5183210227665378,1.9449476540054922,1.308448848642543
25630,1.0295558774484275,1.384157002263072,1.4480992544630726
25635,1.8856611724605232,1.215801531824583,1.58104939525992
25640,1.283338130314192,1.2164725505622536,1.8988820889926699
25645,1.8031030876111633,0.9856505220826481,1.7907369281993395
25650,1.0519967262072243,1.221918045781812,1.5971981439463219
25655,1.871660625824571,1.481252717824838,1.6100538068934827
25660,0.9229357017405593,1.1280409213461056,1.8798414341538519
25665,1.4439152913028876,1.7537423576989004,0.9881103010934195
25670,1.3958050265519242,1.6879563335924892,1.3497089369927355
25675,1.4779088400386926,1.5325077613159055,1.8994710127117735
25680,1.2933643683561102,1.5426246874015526,1.721883493385735
25685,2.0985828567736817,1.6453527144416147,2.0487021160845504
25690,1.7066727781831088,1.535301974019645,1.167456239678141
25695,1.2820941389612805,1.3224951749430147,1.7590486309203404
25700,1.2075554359330034,0.870836447583253,1.403671409260937
25705,1.5523136827575268,1.4655457078482481,1.348766863649849
25710,1.6288886303570345,1.498174089404099,1.4958039467517188
25715,1.7480121016967165,1.5877757290388983,1.4623117749473695
25720,1.4676353211786337,1.6870766790786187,1.302921682955689
25725,1.7458827773208752,1.2004264826558795,1.3926896274085943
25730,1.3035647265598507,0.906539318952173,1.6709648716437009
25735,2.0373610424479462,1.892655212659851,1.5922281230844375
25740,1.3707904634414794,1.4457947584789734,1.5440302168308562
25745,1.1019950078860126,1.3416760379487902,1.7363654900101047
25750,1.8436428087760803,1.827804154021366,1.6459704122676881
25755,1.7635203724917479,1.4918577493296241,1.8674289606627732
25760,1.4311209524468689,1.7656022615012132,1.2816606755549975
25765,1.3940024320101625,1.064734556968506,1.0800167347901148
25770,1.5059965926764176,1.3894928534920192,1.2310324349231747
25775,1.186518439421138,1.4930186920244541,1.465634706101752
25780,1.3489066420681564,1.5799955609038439,1.4153206162745675
25785,1.2544863541338453,1.669753225248597,1.6336694182208382
25790,1.8479639111763912,2.205340712795972,1.2317169783579889
25795,1.5631882150861554,1.196597345644503,1.8845407643239334
25800,1.3332056381826087,1.3951078423775325,1.0415069261782235
25805,1.076103345019932,1.7736307411655308,1.2562358728658423
25810,1.5550377892415383,1.8609567821689095,1.1754827057051493
25815,1.4664808953073138,1.7292075883912195,1.5636262451961402
25820,1.7374606932450924,1.3377231819563769,1.1208618113667874
25825,1.3088556146090515,1.6665438810851951,1.3539601722262096
25830,1.0912698866548372,1.2326065227684329,1.3945963302446023
25835,1.5509843982528415,1.5417061105857348,1.7369343013657021
25840,1.6005497847867862,1.4402021776077665,1.287029312919889
25845,1.4118901828711787,1.6356982564024758,1.041213451814598
25850,1.9340015649031312,1.199527765029862,1.3975447075305159
25855,1.4841443637054716,1.5388855959388417,1.4969266775904033
25860,1.1799648551597468,1.3608925217337897,1.5249771011110795
25865,1.5845876890199013,1.5390915375277017,1.7340986516096906
25870,1.3398551848709075,1.144333151486246,1.7364762963421243
25875,1.7585697572484214,1.5582499675530688,1.3361584441663295
25880,1.7508132179708333,1.2082780955775017,1.317898602047824
25885,1.0594268483645257,1.1929991121846,1.6740812500659912
25890,0.7958886537556699,1.2521106322195217,1.2111215911492685
25895,1.571587298075579,1.5058047393578242,1.5807568729044814
25900,1.948628105046356,2.088994434356705,1.5670229840506562
25905,1.9407208288738984,1.579555512933086,1.2156087016814334
25910,1.512651376207506,1.1200976125976367,1.3158016782557493
25915,1.6815492079652081,1.26723385969048,1.2781189346420065
25920,1.7191793184006032,1.3733449518687018,1.0240661582924648
25925,1.0910608680758853,1.4863168358836372,1.5603528689490027
25930,0.9298417840043868,1.4848774192076408,1.8377030738844822
25935,1.745477434958082,1.019623681421964,1.7151910804690222
25940,1.67520211715728,1.6498402097824438,1.771689256556046
25945,1.2378589412259529,1.1556865815366075,1.6105868547682038
25950,1.2675966792757016,1.2508635038380682,1.471067327566084
25955,1.1894698452274493,1.257084073502678,1.3659683228460864
25960,1.4101844873237317,1.7584940287607842,1.3429871386428156
25965,2.0539553317554713,1.4147737933062232,1.1120774688209356
25970,2.1437303176653075,2.1533398770580408,1.048968102721049
25975,1.6666364485449878,1.2720953263444008,2.1929882903507907
25980,1.6880453235562345,1.188303358776195,1.3896430627593301
25985,1.315277142979911,1.1399015829835426,1.5715232206122118
25990,1.5058230836293338,1.6309137910085856,1.6089116554607992
25995,1.5285616900479413,1.4070493795095038,1.2684622407675055
26000,1.7510718356696562,1.6165033826826047,1.5507005557295603
26005,1.2939228022451537,1.7917428708219265,1.3307659692346174
26010,1.4964000819511731,1.3488931359861724,1.5040929860556962
26015,1.5325532103313855,1.4064786789639134,1.9428913985322387
26020,1.282047349785737,1.6525485575967955,1.1017197752259895
26025,2.1096596990984198,0.8691587886929314,1.6297360292042349
26030,0.9475935332863427,1.2784254787609628,2.187868904552062
26035,1.0370166816132924,1.2214445975198864,1.6844836439453172
26040,1.5927424921979403,1.0111610026297375,1.5961856527919522
26045,1.196799644034431,1.3615470972068229,1.8394079321308783
26050,1.1618469993050817,1.5958218356876546,1.3286605868707912
26055,1.6474176623188481,1.101162295379745,1.3712226006634394
26060,1.4980755202148563,1.9800534949944617,1.5999472463580267
26065,1.4040822345432777,1.3596485370749627,1.735249376974894
26070,1.1956026249035487,1.5615912137083607,1.5599298204224255
26075,1.5789524236419556,0.9532484428524189,1.3107797826453493
26080,1.4627849382078661,1.8696641054324297,1.6123249642114164
26085,1.3789229680014068,1.684157217275058,1.1686452084520513
26090,1.6725364740410997,1.1780110892845146,1.9277504227576294
26095,1.9715114371703844,1.6299649531591793,1.8396511013845565
26100,1.3984475642222542,1.749944377542565,1.7638810734596793
26105,1.1354559179369965,1.4442119869127745,1.5419526435810242
26110,1.413187250749313,1.5134163346478124,1.75521689189835
26115,1.903629885361575,0.9872305103198952,1.6546733324545713
26120,1.5678872091807383,1.177919467678417,1.7342402720125287
26125,1.3969257607034584,1.1724215134126503,1.118416873316217
26130,1.4537126432771523,1.7778582048958258,1.1260246315062488
26135,1.6290090604724123,1.4822484942426513,1.6775512373304107
26140,1.3186364470081378,1.2940657386970003,1.9125176786842928
26145,1.9886731271943963,1.2356651126540052,1.912245555226899
26150,1.6887691958670648,1.4354503334583018,1.7006417431035603
26155,1.3547385826691556,1.3991759397068324,1.1234064768627616
26160,1.8349187107810316,1.4912284963729416,1.5980905642482466
26165,1.924423482794657,1.3777391809339707,1.9748025132665399
26170,1.39770535569873,1.873346172558676,1.6420209428141288
26175,1.879853852143007,1.6231845541959409,1.486215733776706
26180,1.6214252141505885,1.8183725649900238,1.1871524019533546
26185,1.0200099475062003,1.3951965317402877,1.3529387485031859
26190,1.9494724721861976,0.5264072916290224,1.4860744127447525
26195,1.9821291034189477,1.1127422590815041,1.4987324278733076
26200,1.0794124215392387,1.2073765054576615,1.4032804178101457
26205,1.6600837413291327,1.5229987864659953,0.8392155298199101
26210,1.2375176758645368,1.6507133475283318,1.0599648299233577
26215,1.7813263303382203,0.7597446041038878,1.1413551540191653
26220,1.6621737992895158,1.7369489339486903,1.5783907129040053
26225,1.8417978012004919,0.9837221952854851,1.2843439724833967
26230,1.0204024383854344,1.033659047720315,1.3776925423294366
26235,1.6766989819909301,1.778556336204338,0.9837604747832612
26240,2.068695227966276,1.670438321359823,1.6917303613993715
26245,1.6402442109639854,1.5081197414432217,1.464423494287471
26250,1.2454764602126702,0.9509046501445736,1.8763798865145251
26255,1.216683183920587,1.0666211181575096,1.9109533312159355
26260,1.4577960747511054,1.2448891185573498,1.987881052662755
26265,1.4424353278979238,1.3692664887744292,1.8920282288405463
26270,1.8965729674482377,1.620431500888131,1.5544302972653632
26275,1.0693855562349441,1.5179917761790627,1.0587852422831898
26280,1.2295864442202398,1.101711805198336,1.7931291255846673
26285,1.9094920225625662,1.4066703379935341,1.0482964263102956
26290,0.8535045194186791,1.4116344846068778,1.2463186662980936
26295,1.2795067335832835,1.8313361068182965,1.3861017636803903
26300,1.4943934695702572,1.4215348761127526,1.4303695223844992
26305,1.5918631239550178,1.5964215798109835,1.7368966476517378
26310,1.2526975098552655,1.4677560042744828,1.4131578461149736
26315,1.882202637011001,1.2250126066251197,1.3335912215664674
26320,1.2665716723434934,1.5391292437939361,1.2340189779451616
26325,2.160490951626388,1.5683501333761256,1.294627247300585
26330,1.7787775553092595,1.6906931060342467,2.147097960464627
26335,1.6150734851214776,1.1862876177628603,1.4325733143479429
26340,2.3669802553886563,1.2883869278190863,2.1881423561436035
26345,1.2981160870903965,1.40611275785795,1.2401826261281663
26350,1.0873909894899731,1.8019312762259905,1.4886842434699266
26355,1.1172418716692172,1.9621253681507596,1.7572452852722262
26360,1.4973254432492178,1.7959779289569144,1.6562058583028867
26365,1.7296245937650236,1.5281956611963994,1.546334001253067
26370,2.0212163986273293,1.576369218177217,1.5295008110455648
26375,1.4160309101501034,1.4565726336425615,1.3295474823366826
26380,1.362311629084468,1.5817966071834828,1.4258387077543704
26385,1.5252609474270598,1.8809694869556781,0.9069165429539292
26390,1.7530764146658346,1.9005244079843426,1.6426466626334408
26395,1.6425618877507056,1.0210484829687987,1.674381171882335
26400,1.5945906021611422,1.6106545118130784,1.585180257532533
26405,1.0319679591128403,1.5793796578497383,1.7876182664566982
26410,1.8392342070819543,1.4175295476926921,1.563612820031462
26415,1.7058888612262382,1.3815877423966072,2.13062455516223
26420,1.3840775672707208,1.4897703875924562,1.2227661993160668
26425,1.2052151611003457,1.3972333654218738,1.4614830708154547
26430,1.1138609859869824,1.5901360570924634,1.6062533397940584
26435,1.2869880988005251,1.436888682025918,1.2888973885871167
26440,1.7246705915791742,1.3360175013010627,1.439752482487223
26445,1.2740555889574938,1.5540814241517806,1.4608152509131556
26450,1.404207962380693,1.6175996238748582,0.885068635478336
26455,1.8454532043790417,1.6581289183484698,1.6554813611336812
26460,1.8000721634288197,1.8081542780234365,1.7361499041927628
26465,1.7335704269111016,1.3993533444228468,1.8724415479193524
26470,1.5416486930065174,1.6654815652972512,1.2985523761870148
26475,1.3135320648493114,1.3779895147824048,0.9633465488370014
26480,1.210117112597111,1.2493389259382468,1.754705157546639
26485,1.3674442161278157,1.6486569881657887,1.4683101547672852
26490,1.1939048416341684,1.613474119523852,1.7486689270873634
26495,1.503952548368077,1.1767373826756344,1.7573351937442525
26500,1.1265161590275035,2.0414017004427265,1.7569247108215
26505,1.3490211906535905,1.483130053091103,1.0233187917603832
26510,2.019168912377053,1.4386068839727624,1.392334418260458
26515,1.8742253521869625,1.346130732840453,1.849719594003567
26520,1.181183837893474,1.8969626462166427,1.917707048672205
26525,1.0355641611018553,1.588590635314064,1.8762940839997082
26530,1.7164021197556831,1.382583552808177,1.7044045456337737
26535,1.3456586161971447,0.7416264390845073,1.4709264417561254
26540,1.686200070301668,1.6694825154812263,1.180735047764961
26545,1.1923336918259317,1.338351319082873,1.880942312921915
26550,1.9740788837204186,1.5704903661641068,1.8209823993625256
26555,1.4676238731245772,1.7014569853537866,1.410085311893797
26560,1.4032474223772702,1.65590352746949,1.0728041896917881
26565,1.6270887242533276,1.3992085166609773,1.4824924476871706
26570,1.091736628759058,1.8317570164307528,1.830014400997628
26575,1.7888799210076674,1.6749110997222403,1.4647702483707892
26580,2.081666775674454,1.1655227465017526,2.255438073018464
26585,1.8878666915670552,0.9734235986370966,1.4169487695502798
26590,1.515981039269703,1.5554416101329007,1.388830285448834
26595,1.4025598855306267,1.8438007197300275,1.5564383696612232
26600,0.8302616413756401,1.7470345298308383,1.3240813584413518
26605,1.4605339610942367,1.5442743337633416,1.5835405376022498
26610,1.5090319694970882,0.869823869980544,1.318539559445143
26615,0.9715680328694873,2.0691072897728966,1.4895446481148906
26620,1.1393560209672675,1.810611395977769,1.8639155448565075
26625,1.7816173722051407,1.5392326994343077,1.3304570401150924
26630,1.3623876086619888,1.7534708651955022,1.4303474601082025
26635,0.997516801194492,1.786830306458846,1.3627148180179172
26640,1.1089736059290416,1.6028076917539005,1.3708726635989796
26645,1.8275981388920912,1.4813350909713858,1.3546743317298522
26650,1.7086189777355427,1.4840512804145172,1.1795483138875253
26655,1.514010824142506,1.348329220104365,1.400819209059641
26660,1.45708639296166,1.5864972665825305,1.8487998917842712
26665,1.9460883778286848,0.8703980528832597,1.6901866664068959
26670,1.4024525666720615,1.2742499568643173,1.7836699701114842
26675,1.9278578870952578,1.2105773010395908,1.2470133720011396
26680,1.1413028050344374,1.2899169650929365,1.7836887169754694
26685,1.3230469136822287,0.9128031219449376,1.5550322343780638
26690,1.5188897622836772,1.0336609007330688,1.4578446062742958
26695,1.465098986211698,1.572351716583219,1.8925967637788461
26700,0.9585401464028502,1.1275614335811952,1.2426629653292247
26705,1.9001341287180349,1.7831467432503234,1.3219025404379645
26710,1.3242130685744338,1.5863429480208089,1.6447923046678243
26715,1.5689591837951977,1.6169864684347446,1.1036175480525199
26720,1.3867604800446305,1.2693928103553747,1.3136682265581379
26725,1.4968639398079726,1.7023184261682673,1.1772183829226663
26730,1.0280410229447061,1.7864036233361742,1.6984053161122914
26735,1.6101428208276338,1.4106828189911915,1.4469179830173842
26740,1.1889183089108564,1.7713433403313426,1.1495639298867992
26745,1.2323146407177434,1.764600249575863,1.1056514421736074
26750,1.2817032216635362,1.000197961192773,1.9539327099087154
26755,1.692628992837794,1.1225648761560674,1.6316914483434979
26760,1.2587271271604146,1.2427845927605767,1.970376461743652
26765,1.0572818092841871,1.842996818097053,1.1933368940561855
26770,1.8281280169589298,1.0046747448032858,1.9150724508764707
26775,1.9713044508621307,1.2132392938620362,1.8611517038613763
26780,1.1274062689417885,1.8022468155397806,1.2538202242275538
26785,1.176926491056738,1.4306072098019322,2.2764085451376204
26790,1.5208968707067345,1.2592302813141085,1.745292638142903
26795,1.919817848326881,2.162227389583528,0.8394006049511646
26800,1.2892235456077052,1.2082944665187727,1.3508211858891388
26805,1.4161892954569624,1.1755919116148732,1.4321148224322118
26810,1.1610839416597745,1.031274475305084,1.5225870296606485
26815,1.9026222872717313,1.7996311894514139,1.663276090016496
26820,1.5756236992723107,1.1678369358048961,1.8798665364680383
26825,1.2418538676631776,1.3530760751488495,1.450680366002804
26830,1.4743926198080546,1.575344729800795,1.2027295674662999
26835,1.5155934911614994,1.3521242742970887,1.6064763522975087
26840,1.5016886238877452,1.3235651129856,1.9473051742471068
26845,1.6340270884269077,1.6813600023867747,1.4499268706876363
26850,1.9361642137314083,1.0101021323822668,1.3128154955747817
26855,1.2092516352758134,1.2706310207776736,0.8271267989748677
26860,1.2457535182248174,1.7085658086339042,1.3740186351010888
26865,1.8965309767712202,2.0592736700337024,2.2716332477371743
26870,1.558221543442691,1.4182230610593,1.4306220916327932
26875,1.4599460423815245,1.3277204065725758,1.7246482514458856
26880,1.1684669351219652,1.209363505943441,1.6156335238653003
26885,1.3511585726095947,1.5028532044103677,1.2436558396823088
26890,1.3351512921141002,1.7706835114483808,0.972839391417947
26895,1.9019285224921418,1.6092671194245547,1.6462043680039773
26900,1.4037827863488177,1.5585227895997587,1.1862669215035637
26905,1.467044808776162,1.8698770392858766,0.992624749088748
26910,2.2239774467684916,1.9526811266021613,1.19726149556048
26915,1.3014236966993922,1.4554825027416287,1.660266435411108
26920,1.6908438614765846,1.0511050419538095,1.4193407082293028
26925,1.637372835009648,1.7152568970581694,1.4712543462181442
26930,1.6057986598660814,1.310625853404771,1.6954382702053117
26935,1.7447618296566096,1.3149322844262532,1.2362723228960932
26940,1.3881382133450626,1.4779406420258192,1.592826759817534
26945,1.3530679752392643,1.952299553705937,1.3235304859650823
26950,1.502190018877078,1.4095559225466392,1.435139253789735
26955,1.424264799217999,1.0742740119599221,1.0983888519508214
26960,1.6294782832838541,1.566020298013379,1.2618915961769082
26965,1.083875502118262,1.5176038428562793,1.0356926952717818
26970,1.2753675577143784,1.7286766801786029,1.0485963736988526
26975,1.9029702477345583,1.6041749570851942,1.285133619623994
26980,1.5043405478327612,1.296884363660944,1.9781485025460328
26985,1.0240376707546577,1.1754807485900083,1.415433898306166
26990,0.9891444653475224,1.3008631352486113,1.1095630325059918
26995,1.1422805965226743,1.4724379527946154,1.4556300119316599
27000,1.5234577930874451,1.1059081411424334,0.8611616733933467
27005,1.0232916681460997,1.5482642239052693,1.666515359713989
27010,1.797928648775589,1.4030345237032384,1.5428457928493775
27015,1.5219691834731948,1.4320363068065678,1.0748593891316651
27020,1.771800294245419,1.62425913113134,1.7656153313576985
27025,2.022781858567553,1.4379108870251989,1.6381397867899383
27030,0.8887298693830427,1.7305758245288816,1.3733160593011862
27035,1.7756209774893037,1.5158283158844634,1.5511194223956186
27040,1.7117595952868716,2.1485842475552555,1.5540405912729909
27045,1.2505148786515097,1.1306162865795548,1.4033166872218914
27050,1.6359883660667376,2.143517248361279,1.8572511918929326
27055,1.45426339476789,1.3464835739970833,1.5100859821431396
27060,2.1876486237097073,1.8288137042182657,1.7673245255619603
27065,1.6166174116048246,1.3401825050695442,1.7218675085163235
27070,1.4612481428136557,1.6983666928568966,1.4797531552315157
27075,1.8925615404078777,1.407629369523557,2.1494847906925645
27080,1.4219742047966484,1.1745810621669994,1.430182125006517
27085,1.685931277103232,1.6346995576324532,1.4479277850255292
27090,1.2355439534028996,1.5176952436944806,1.4677591086114237
27095,1.2001572581065454,1.1451359268957146,1.1093989453975897
27100,1.3957792446815744,1.3758959263925028,1.8219667061824674
27105,2.0113569963024673,1.6953947215976903,1.5295735127006116
27110,1.4120651156530424,1.744663444086522,1.4124170693050848
27115,1.4828843610750946,1.1971570750353826,1.6822342829104613
27120,1.4934492548319709,1.9370395647604135,1.9622175874411556
27125,1.5203508702184183,1.7114002222196738,1.4934548456818784
27130,1.894549801801233,1.2312936635617142,1.1159105771182578
27135,1.5493804382964624,1.5851156901648702,1.8085375789328946
27140,1.3948442715601708,1.5786318897619416,0.9776072894099104
27145,1.7419967893652333,1.6633347009609367,1.5120356983035705
27150,1.4952631585084293,1.5360406012864531,1.5640623082338123
27155,1.0684634900564092,1.2870045154151775,1.4573963514684003
27160,1.662007046627489,1.9479208508737826,1.5780284249229248
27165,1.0965210433226247,1.6407869321029054,1.3813890638920185
27170,1.883970954277214,1.3888796487207926,1.4324038606569247
27175,1.504910309817719,1.337652643953707,0.8219560858814553
27180,1.6820141140033469,1.7349557615171678,1.8404470958263528
27185,1.5723893737219103,1.3142232624012355,1.4877231226696674
27190,1.554961965555857,1.693363132901077,1.4707909519565474
27195,1.0383166375792618,1.7219329164081458,1.1641926749537688
27200,1.0097495889552737,1.3792698639946521,1.761802844405816
27205,1.1845247992495123,1.368372956980559,1.710250434004593
27210,1.5972537139981673,1.2562903469395028,1.2193318114650586
27215,1.0106448709028215,2.510219623491876,1.9273224299755523
27220,1.2184345416418938,1.3456119344773911,1.3514752274110609
27225,1.6853439244394948,1.5890445902756465,1.5154915425951934
27230,1.3171745484624395,1.7102724193629821,0.6690341032670583
27235,1.4141253725535536,1.2804723033943965,1.4686156375374262
27240,1.6745308005497586,1.2912225852384094,1.5585635080483669
27245,1.291923753067751,0.987560970889668,1.784726054241538
27250,1.5857322985692848,1.8223403093963693,1.557743669127293
27255,1.7219329005522046,1.7851633289017628,1.3218918598226028
27260,1.1725922563629452,1.2137041403142994,1.5793975086281167
27265,1.4853344835385482,1.1750159933099962,1.3160028664317216
27270,1.1122275079342265,1.3418474414956385,2.1324820999504093
27275,1.7790771611280558,1.8129388233951333,1.5175165045684882
27280,1.5136297256089273,1.4852592843768684,1.2392539403945044
27285,1.8449793634058924,1.4366429077755898,1.6341085576268748
27290,0.812398070385551,1.6119298157071398,1.5086858068366007
27295,1.3053386979826687,1.6081165435620695,1.5561495719888587
27300,1.3642528106799297,1.6588372871842432,1.5078023005994305
27305,1.1519047946694752,1.516128019203714,1.3970504041062295
27310,1.3018299972577938,1.591515022219744,1.4102070860762874
27315,1.4147541506597627,1.1872020171320234,1.7761968797921295
27320,1.3267185347876052,1.3381328513124875,1.428585092616515
27325,1.0913561279624313,1.766357810985739,1.7274028036810303
27330,1.8732004638933435,2.064024546935562,1.7048316387273013
27335,1.3051554335749396,1.2800767170870055,1.1273533825529847
27340,1.373482581326588,1.5647489457135324,1.2708970747025785
27345,1.9168247305029773,1.414612043450342,1.4899364757255724
27350,1.5070142999516685,1.1862643992626198,1.4859530014929703
27355,1.3174070078405236,1.0288195453714817,1.0376747427371764
27360,1.067056374777576,1.3505485769165597,1.7115042718618918
27365,1.4958725576264706,0.9506144614941779,1.6195429952599225
27370,1.4547819837576126,1.8000111694350365,1.8286823095441382
27375,1.1720769159539117,2.084877843161019,1.1775877875378349
27380,1.3017668256154096,1.3291000914702922,1.5625120980580638
27385,1.5522422888693561,1.240151391084092,2.14633171490949
27390,1.8633594005160399,1.278461592681778,1.4320112207904856
27395,1.5756479840292013,1.396681174761056,1.34059630036359
27400,1.3752292014171807,1.4270361553268438,1.4262591765623465
27405,1.6393094846233436,1.4364969614656382,1.7091466471146257
27410,1.4759771255439027,1.9157906735499037,1.5511720140845962
27415,1.1459466622827303,1.1300733212213716,1.6679272963676055
27420,1.5342098482320516,1.9242874083497625,1.731205119619519
27425,1.3831747796132448,1.3067726400821615,1.329058927914633
27430,1.507514995030712,1.4507183993436708,1.6770177125016392
27435,1.9028466810160292,1.4284738699268649,1.8011338209806937
27440,1.7857916307143047,1.6165402873810673,0.892565095240989
27445,1.2758902272999793,1.7122845467330605,1.443219682218999
27450,1.88460440769213,1.3978428199193873,1.3161277845239356
27455,1.8080000573055648,1.5135461839884023,1.0976269870594637
27460,0.9533986395769614,2.0807262225851906,1.258874712273112
27465,1.5861268687433525,1.7106954638583505,1.7497614323215323
27470,1.459475453346265,1.3329649660629175,1.728956439788822
27475,0.9780182028727363,1.4665527181486016,1.0744726773058533
27480,0.4145489307830186,1.2772846251413015,1.3897679922072337
27485,1.6763588257762936,1.576359913431215,1.1837529446089445
27490,0.9672019577049679,1.2915751696949014,1.1002358708658306
27495,1.6190904740257233,1.7830671922929042,1.0038527142417044
27500,1.1927250443148847,1.399480070130561,1.7752736785531935
27505,1.2458040719443932,1.56491474401523,1.3922069893438038
27510,1.739011512829,1.3332906819349628,1.3783429949721158
27515,1.3016478365626516,1.7392480330947322,1.804131820307472
27520,1.7665340511300824,2.2150692517543717,1.818262972241698
27525,1.389438322600762,1.480783896614763,1.2862315669699134
27530,0.8596361203212253,1.5889385485320429,1.7499981539470337
27535,1.2864356064620615,1.6087246367817898,2.1240091699101997
27540,1.4546543802490055,1.573302658314682,1.9640029930699772
27545,1.2434566037567052,1.1891945095080576,1.5071477425338453
27550,1.0184196250133035,1.340467061858888,1.1032804578017448
27555,1.1731031476733795,2.5071693084230184,1.388090301293042
27560,1.4062181775570084,1.4738056460534148,1.2848115753134226
27565,1.5480109627709924,1.2453784076447922,1.2940593782434446
27570,1.6235408965867784,2.3090572344783267,1.2921920603125838
27575,1.63767412799467,1.1430138778292365,1.3323810662385678
27580,1.6827348267333455,1.6643423152824957,1.7915304410346835
27585,1.5077978722611711,1.6120641274234948,1.8128581040551752
27590,1.8656994402268445,1.9878376442022492,1.4258637042136688
27595,1.8322762319635615,0.5917694807323169,0.9362740488165111
27600,0.9349554209192792,1.4847083112029806,1.7780302315775487
27605,1.311893886892545,1.6703941382476577,1.3247819760652748
27610,1.1415835782115409,0.9367063232948178,1.5560764088390862
27615,1.3177638884227019,1.545950792556604,1.0896480530697263
27620,2.03089190199998,1.6731773501091451,1.5688149958522024
27625,1.7079775434404472,1.6823261244274488,1.4869434946266604
27630,1.4037935020965282,1.5468774051557226,1.844596302488417
27635,1.5049468910995392,1.9481622736068753,1.8765662099525982
27640,0.9363579526529268,1.2834268345520676,2.039768912147789
27645,1.5013210631778635,1.7593173916414884,1.8763290431235786
27650,1.926376349398694,1.1106632887557137,1.3119027966505485
27655,1.5859040747423352,1.394303653154437,1.965951823040208
27660,1.6658051154717288,1.1992501314242079,1.407115471596852
27665,1.9069675272165165,1.5627425632385568,1.8100902456248267
27670,1.2460281648972904,0.8910600383653638,1.5183609469969466
27675,1.3673598734078312,1.4307476439500235,1.3131457579771517
27680,1.8872306519254824,1.8730812292044297,1.4670391120211306
27685,1.0763448363110966,1.077690255414643,1.8261820262353485
27690,2.145427032129567,1.2656673738440765,1.8508558190576752
27695,1.965004194583138,1.2567435111077707,1.0945320717473583
27700,1.353712330818201,1.754898312874178,1.826760050304952
27705,1.2676892879078583,1.4853531496309123,1.8254399217139579
27710,1.4219930334588662,1.9503277160424073,1.7405819116635197
27715,1.8945305293701458,1.2239273491184952,1.4928166124440783
27720,1.3411107839073897,1.839033594492501,1.627954994895707
27725,1.4164238481777531,1.0522135115044353,1.4395942746558383
27730,0.7520692138785753,1.5491596419602651,1.453094475375478
27735,1.8415411174364444,1.490458408756725,1.6989997840132305
27740,0.791767104132722,1.378246654293595,1.4680435326913415
27745,1.390050768891958,1.4683734842517282,1.464374201914011
27750,1.491378600992664,1.7983025839065812,1.2992741753746626
27755,1.9991471640574332,0.9754758714257067,1.6651793169018123
27760,2.423878701782786,1.6097949200687103,1.558249748913322
27765,1.9893334807485015,1.2422833222950285,1.7463832778013815
27770,1.74951909393499,1.7771636458243338,1.7242088763001842
27775,1.725761568781376,1.2992380631021416,1.5642409556569887
27780,1.756796742006279,1.3590201478220376,1.5595014841084327
27785,1.2371204807645517,1.6209723139441128,1.5767098864844815
27790,1.7902212342993908,1.2599964231078826,1.8215296500462796
27795,1.8100820062638834,1.7189510687511143,1.645447395925733
27800,1.159528606068096,1.640947515028808,1.753855833936248
27805,1.1869976171690353,1.5106489335663162,1.4103300101595129
27810,1.3945989275782884,1.5898051508525421,1.143851145005374
27815,1.3418692299379584,1.4366371101008173,1.618697753913596
27820,1.6927230829854487,1.3868688714071429,1.3365503296421035
27825,1.9274153088561308,1.6171713141834019,1.4544780710368368
27830,1.4718583736746096,1.8316456009399538,1.44408049723423
27835,1.4398531805330697,1.539188758854778,1.4813744813081056
27840,0.9439264980474888,1.0782972581170402,1.6055711456552584
27845,0.774976659674594,1.4842181104300223,2.262322138815674
27850,1.1760198302972407,1.8747731603789455,1.3304309370357221
27855,2.0984324301808694,1.5497686644568465,1.6288432044583443
27860,1.5938546099929716,2.1375325001699848,1.491217409045577
27865,1.4038205491120164,1.4849816040917705,2.024059075226898
27870,1.784668444307595,1.3126514295422083,1.4162194350620418
27875,1.8654542917940977,1.7074871061634664,1.3508791904040454
27880,1.7917802178306825,1.4191439529525625,1.1479383380084633
27885,1.7510441478388297,1.0877282320231196,1.4099022226120725
27890,0.9670409303578705,1.1609452537055513,1.224532376557146
27895,1.822576037591263,1.304936024242191,0.8586945402626606
27900,1.9091296146052417,1.0496791724469037,1.6528778420882988
27905,1.717003528190738,1.6084737484224683,1.6752678268010819
27910,1.5672124115758033,1.6669963225695963,1.4963662366722452
27915,1.252430224676919,1.3814155834488804,1.1046168071023037
27920,1.6011546242916836,1.8188540526413108,1.291035710777857
27925,1.8178085359776721,1.8392368906833778,1.3337947632420093
27930,1.6063041141873664,1.0983246821365023,1.7050607913827411
27935,1.6839675207931595,1.7952219585283726,2.0311659383608722
27940,1.9360891924569952,1.9021357495540816,1.5633669049237298
27945,1.6901936066900092,1.728258147250418,1.6509689848619082
27950,1.2752222373916198,1.4598742460129097,1.4113451688395793
27955,1.2617095371104796,1.5245166626209432,1.3694745811779
27960,1.528228782804923,1.3894416503867248,1.2009097071794026
27965,1.2716689871363496,1.2200123851363256,1.0369340830254843
27970,1.69922141718137,1.4646696837046904,1.1159909858113748
27975,1.5055818303085078,1.6807621665672818,1.350437256537523
27980,1.92224227838768,1.570883717142571,1.7987840955255638
27985,1.5414592525749145,1.9249728159840296,1.625035978687463
27990,1.2068934661120148,1.3730455809839288,1.7366907597111616
27995,1.2726105810979105,1.0886668890770104,1.3100343362376174
28000,1.355461703913442,1.3722895018737524,1.5066159239096042
28005,0.9363813617112242,1.6936284180638244,1.4712550578510553
28010,2.2207126998349453,1.8454365240027897,1.826284966477181
28015,1.637905141212832,1.7701297582960789,1.7177928626565004
28020,1.8733069849543127,1.5418594837258897,1.9611193983578423
28025,1.470756215346741,2.0142127613512995,1.3316881750244665
28030,1.7807587445368716,1.6790553549881442,1.5523352716670418
28035,1.437075912831871,1.3270179465421843,1.4409677271166548
28040,1.3725359019839516,1.3256948030050701,1.2866652096912
28045,1.1232975483059566,1.7349955381102722,1.5935893485137387
28050,1.377169493220132,1.2465916752701267,1.3232584036910215
28055,1.685021578322235,1.0683748334190295,1.8204700423933338
28060,1.8655884263944342,1.6438158524861421,1.3346215470056675
28065,1.8211889182969665,1.5069238624435275,1.462800188891998
28070,1.9030428376130764,1.2329140502895548,1.1757410553262975
28075,1.415805069325753,1.8413935394192649,0.7900904514667736
28080,1.875177069884185,1.7445633951301596,2.02557791792304
28085,2.15587412652728,1.6114866669744259,1.3377436876382243
28090,1.5967146241661316,1.7195044255787137,1.2971516961295102
28095,1.8257697127565653,1.2992433376564858,1.5714404478280404
28100,1.9536374752635635,1.4830913469580378,0.5882736230252792
28105,1.652777935514329,1.196164931618898,0.8248682992017543
28110,1.3938436348872654,1.640854467559376,1.4827845999064768
28115,1.0480924486744505,1.4899450987160798,1.5536180527905636
28120,1.6944275931653572,1.2931418359471587,1.7280474350119823
28125,1.6669128529922106,0.6629821959949367,1.632349816295046
28130,1.0946022120986518,1.655434316967513,1.6911661535882487
28135,1.5350080276601594,1.9117294928212614,1.8136362371508936
28140,1.4942618011223119,1.9195858127490755,1.264782610500831
28145,1.5139921778713823,1.150491125392129,0.8392469594106486
28150,1.7208658783484752,1.2706151379129689,1.2978642199420232
28155,1.7320569822397127,1.2793763208583855,1.2130566616011116
28160,1.6336841511939544,1.4018990601644652,2.059893890535468
28165,1.6026637610501797,1.6466806972262502,0.9019233538176458
28170,1.556837749796525,0.7614173848671736,1.6797191345048827
28175,1.2289365635206069,1.4860562279428646,0.9244155998396183
28180,1.8137967239278263,1.5792550007320798,1.6837195912183502
28185,1.2908616446686725,1.6162157565681594,1.735111483503237
28190,1.1925735588671513,1.028969143076551,1.423437584400291
28195,1.505944905009844,1.5674289088916935,1.4314536613557345
28200,1.7638252996067105,1.958281840438882,1.7728353300563735
28205,1.6962503097240043,1.5024250161983275,1.0403406273011662
28210,1.2778456543616277,2.0344572168415422,1.0621427534937773
28215,1.7827635143930713,1.1914227155056274,1.4190395215347549
28220,1.4929309233334123,1.050142107575854,0.9443784897283918
28225,0.9825410503891101,1.2511749257146974,1.6517183370689306
28230,1.6267486652219831,1.5833573721932168,1.020181622273
28235,1.397305542183865,1.679395141268459,1.1759033399545924
28240,1.6450759713277119,1.5163524731901783,1.78389637562874
28245,1.649176398316609,1.472085863971197,1.9005171768216391
28250,1.5113264095205834,1.5300537442059838,1.0055137451526162
28255,1.5346641370810556,0.9016737498373968,1.2797989875228928
28260,1.0030630022290645,1.4370997032475048,1.1207311405636664
28265,2.0547594020349473,1.6595673183543274,1.6138889753964485
28270,1.0327707919021485,1.2398856799685052,1.5559797536961195
28275,1.2592971186327029,1.4646029687552724,1.315812118482198
28280,1.5708692124814414,1.7752691061858874,1.1795885547270002
28285,0.9758570292899489,1.7734652270232591,1.3691838830486527
28290,1.588324229199001,1.539258185958782,1.1828391390629833
28295,1.3065074093912468,1.473092595113136,1.9211697009762618
28300,1.423188661311395,1.7494560861203434,1.6112122418216877
28305,1.4233777523053888,1.617810454671043,1.3643171233379454
28310,1.6875943339824446,1.809468477922918,1.381144372366233
28315,1.6732740089487823,1.3979741865601236,1.0641654389748307
28320,1.4585161254966361,1.4167207291184918,2.2080619142016977
28325,1.7708509713611216,1.4120004503673511,2.2906893596796385
28330,1.5140857290852785,1.6359299492229278,1.7613954480703418
28335,1.806018617906986,1.533923831490138,1.6808518855533738
28340,2.023918883795963,1.0523389057672774,1.0542347359585273
28345,1.2265702197418098,1.5894206751023625,1.7051547491513137
28350,1.6221981944660278,1.6791715014203592,1.0967446290639524
28355,1.6567586155856335,1.5476998023920852,1.4736407448356634
28360,1.3942632098511651,0.9012763045761327,1.0203708556659812
28365,1.7064984314339373,1.3166886376778606,1.780520481664609
28370,1.6418953549964987,1.6711933897243705,1.7941070882323782
28375,1.4701998480673473,1.6008566768703023,1.4640171554674108
28380,1.2593092750260175,1.6702315163769865,1.210085983844607
28385,1.5243423852987814,1.316596239059484,1.4470051787226523
28390,1.6990544237791128,1.088861435048447,2.2036980747155317
28395,1.8815833197973018,1.3500381146577722,1.934772948256208
28400,1.4711474701577592,1.495675916742553,1.380185138520872
28405,1.3849749297235654,1.171402487712462,1.3309723922099945
28410,1.6082023788883149,1.331210003049245,1.9637024820325584
28415,2.046167585238539,1.6361421764042436,1.4387623382941577
28420,1.2551801216803011,1.576621376342125,0.9353483217923988
28425,1.1188039502475369,1.5815625434543263,1.4674008944199546
28430,1.0447641213811039,1.4796404585960101,1.4915176056391777
28435,1.3028622303188162,1.7571135143065637,1.0913626062927793
28440,1.5469538045412015,1.7801381037813486,1.006231628038786
28445,1.5687000753800175,1.5274975455646398,1.8936679079127388
28450,1.3019733695811724,1.721833158502124,1.7785937842932915
28455,1.3712713315814373,1.4502852138670264,1.3256842115893948
28460,1.9077611312947793,1.1009374735861888,1.749268350837145
28465,1.2305211427387694,1.3707947038571235,1.6702004157445227
28470,1.4594912434166403,1.5520894405328718,1.6224708704157744
28475,1.5856053111736508,1.7671846575521384,1.413497649684452
28480,2.0679869555859773,1.366719920785854,1.097321146946608
28485,1.16813398333956,1.4830933129505963,0.881785387793775
28490,0.8884072087654183,2.2264211238389686,1.1333472390707109
28495,1.5300704032365415,1.4079259213499036,1.5352772646642387
28500,1.5120683075933692,1.4468577924294868,1.3799202176442205
28505,1.006598960017409,1.120875345563772,1.6683286917797244
28510,1.3194772048266494,1.4940909393777169,1.2826084342787125
28515,1.3141189590748037,1.26291389086031,2.181981861249685
28520,1.6923282426848287,1.4662473686021835,0.8628836691757106
28525,1.674242377297619,1.3521948148349094,1.804002581081999
28530,1.821212414435105,1.9212032289870482,1.7982725170178533
28535,1.6047910495691344,1.5808933834388073,1.361953619948426
28540,1.4674771494280328,1.4826734352689013,1.3464520593991123
28545,1.794326070897239,1.9901672004571465,0.9218948861155084
28550,0.980207150738483,0.5192543014996462,1.4469066648131754
28555,0.703905198740418,1.4471903499935692,1.4644258055984822
28560,1.7731914321643156,1.0526095833499969,1.7474070207804488
28565,1.1812842741999694,2.1359580617625866,1.6697368977180105
28570,1.4697520474595218,1.5150006820070132,1.5329594742538883
28575,2.087129623780332,1.2668505855204257,1.4348426828610579
28580,1.0980422179125078,1.3633292416685576,1.6981703469842182
28585,1.5572590819494527,1.7994558440592097,1.9903141953904413
28590,1.1270116771088077,1.2899954693411373,1.4807529513596318
28595,1.122263213516149,1.553776179437388,1.2011773320183614
28600,1.607288928881863,1.6271622462983997,1.3119265748793343
28605,1.567777677657535,1.527804464121267,1.8056814272532877
28610,1.4827895012688328,1.6668666708114588,1.6966640796226728
28615,1.218196441559888,1.6480661288609724,1.2110124726320166
28620,1.0691583101542652,1.9006533471593168,1.58148803127555
28625,1.5381256966343848,1.5957249115245953,1.3013784639129549
28630,1.3873881136869222,1.7876522045757597,1.249102919813435
28635,1.5289896886416288,0.7472216381955417,0.7408964788426325
28640,1.9876886825029716,1.435800959724155,2.2612473214493236
28645,1.3222109247879779,1.7050244246951332,1.6234411463809173
28650,1.3636786524844808,1.2424481091713784,1.5845726224247316
28655,1.4687249751929359,1.5524890923379255,1.48215736578728
28660,1.1761461339183124,1.9343288019612066,1.8709506351917806
28665,1.7547277760048372,2.1659320434650104,2.0105969134595036
28670,1.249394160602773,1.2484495315523034,1.448549411620936
28675,0.6360273979242826,1.0480914786495121,1.408341676477875
28680,1.113669607179047,1.5537861437699518,1.0543365183879347
28685,1.6410660830765433,1.6721312183987411,1.3998393750293197
28690,1.5610827858657486,1.3609554256227976,1.3022094181813957
28695,1.8309407542662925,1.5214843067645132,0.6331351036157102
28700,1.6463450779937434,1.6630999622012217,1.589428533711573
28705,1.117000593773868,1.6276215672031378,1.0421166257137373
28710,2.208095563903307,1.7522043695372114,1.5558707833762728
28715,1.443561672976353,1.4442774319967107,1.186322277912871
28720,1.2752871025332533,1.7879930142934686,1.6377203072473305
28725,1.8998799439817038,1.5490720545548442,1.8266030374213555
28730,1.393630720661762,1.5071771235355893,1.9658590949293244
28735,1.3661439281117187,1.7920276836570896,1.4956474883480273
28740,1.4776095858817744,2.021888735293346,2.2182695590803307
28745,1.4047916028325265,1.447420179439675,1.6175209145555531
28750,1.7441727112197416,1.0986040339578054,1.7928571314408734
28755,2.2086550553965814,1.3833829270624243,1.5166195468006474
28760,1.2379760748670618,1.3005161789424304,1.1680282459353886
28765,1.3099466563642996,1.0876024479663988,1.3098547665107139
28770,1.685855960733198,1.455593556462409,1.7128566646081973
28775,1.1280664812340335,1.0162805349899817,1.2000337966921875
28780,1.3125368340105994,1.6022244796329146,1.2620399482911735
28785,1.955963615304081,1.7422455160937447,1.5698493766419666
28790,1.6226648664834529,1.1355794167271789,1.4557654505674016
28795,1.5169223103009581,1.3352212576576148,1.6474988824893197
28800,1.890141364799415,1.88086506134271,1.5074740910984856
28805,1.688967886420057,1.3563666703039796,2.204063802878438
28810,0.9529135063510438,1.8000642178152164,1.3733503079992717
28815,1.2268578995667985,1.646767664443113,1.7644520602051397
28820,1.1723273170026633,1.2847266933845891,1.3929804596554307
28825,1.7505229326319705,1.4870533374826334,1.1563779686089841
28830,1.0285420766982014,1.4182905125437806,1.391861503151226
28835,1.850938075118096,1.5370519225391326,1.5205935645872064
28840,1.1635846068864175,1.0599464178435132,1.2235705392460292
28845,1.2294283172253415,1.4336530976817832,1.7579226958505334
28850,1.2945926131022116,1.5343113575036558,1.0726047585225609
28855,1.4506239189978611,1.6455417269733434,1.7304021374566054
28860,1.5159371830545323,1.7181979169042096,1.4162170787818806
28865,1.1205641815665341,1.8345003052088147,1.834198408232528
28870,1.601742222198924,1.5034642286232385,1.9106855727195196
28875,1.5911642142766704,1.2807226535343927,1.6575259454692732
28880,1.3735126649136864,1.1786088659142324,1.5183514295769935
28885,1.3574441256323453,1.1561259976158424,1.9649447776043507
28890,1.0051887401407997,1.25979707061303,1.5828170384474207
28895,1.4030002927945673,1.6946338856335903,1.336696231308554
28900,1.3427944944244927,1.6735135598469928,1.336259447461373
28905,1.4579295916572024,1.5655457725465116,1.4731542698935298
28910,1.9101203504796223,1.1475773732425023,1.720340769502911
28915,1.0556957462877818,1.6112032596833605,1.0776479195876068
28920,1.7753426712530613,1.7098471133581004,1.2956547254562816
28925,1.3460806648889836,0.9054059284322403,1.3387401093287712
28930,1.8370740708917324,0.9911932769199421,1.2011264063564906
28935,1.3256003571843245,1.9272725250047769,1.2853776460257258
28940,1.7971040585381841,1.210111234267804,1.0296689638970435
28945,1.49257961094107,1.6263530949253433,0.9785301544733426
28950,1.3116754836013034,1.4365381403200597,1.3531013116720072
28955,1.9832421722791633,1.7570612615784633,1.30582638215009
28960,1.2834634397631148,0.9123869808184736,1.3031292575288793
28965,1.2769463045503218,1.3877745525994036,1.4587057472416838
28970,1.1750070063693148,1.2068748145970893,1.4614533016204179
28975,1.4203059247616425,1.2306580881787554,1.0827677618506775
28980,1.82800270841259,0.9864656249400165,1.7214524901972086
28985,1.484162400246253,1.9873392927988778,1.7426449274049778
28990,1.3060689759666129,1.8243631246276153,1.3217639476745318
28995,2.0944942585841466,1.5007896420577855,1.2409528181559601
29000,1.396120587238951,2.0854561567473153,1.8789904339746553
29005,1.6991041170316936,1.8858206785577547,1.8466955080267367
29010,1.4540016506192606,1.7952755320812464,1.8202523899216068
29015,1.5485044363291582,1.5482028109841965,1.0359958687114696
29020,1.7895845844747267,1.1729971474386556,2.3603085639216546
29025,1.593836390466483,1.9648206310974712,1.8705134744433127
29030,2.024280141759524,1.5230257085394927,1.271662608038659
29035,1.3104929125434523,1.619216422931534,1.212072188593361
29040,1.3146467935263848,1.79365870144469,1.349340946261052
29045,1.4887082295101142,1.8379210006545028,2.0341797983386134
29050,1.1380429161227377,1.2164423666847672,1.3904254077514302
29055,1.073139078583437,1.7392431381093474,1.5009137133463875
29060,1.1720790768993425,1.8649961618370947,1.5572632497333365
29065,1.3088688017327572,1.3927263101726632,1.8043952452481575
29070,1.3016407662204026,1.5368110171127034,1.1170849131333689
29075,1.7540082301528583,1.6196396845523997,1.7857737724663565
29080,1.208598794195668,1.3075024602170078,1.7390929923444955
29085,1.6076504737869703,2.078961428203241,2.254805615781861
29090,1.464812692213883,1.3883672030797776,1.3799228540278092
29095,1.7097960399642222,1.8354780140753248,1.0724721322477992
29100,1.6417783208793748,1.3410021956865061,1.462321735343011
29105,0.9779483978795772,1.180973876749941,1.257010367737969
29110,1.3354140208923555,1.7580718893808915,1.4747980865640555
29115,1.6195909877648018,1.3810343277726171,1.4279186899437801
29120,1.5670568199062715,1.340443464482951,1.64851688871821
29125,1.5878153980463316,1.584044349628413,1.4912086293324238
29130,1.7270700180439853,2.0600991923633183,1.5237830147934335
29135,1.5916434930967078,1.4522141974730882,1.603136028645894
29140,1.8562317908003545,1.6707355145477896,1.6320737646839982
29145,0.8024809226388794,2.223547273545681,1.7023874165453659
29150,1.6377113244336678,1.9341000321252955,1.267481967354502
29155,1.2897556111831976,1.5417822087435586,1.1194677894656435
29160,1.332140094490382,1.8055086765878108,1.536538074315066
29165,1.671175354122071,1.6648919350035853,1.8306631449166788
29170,2.115133264656138,1.6848210580837222,1.6315408776721734
29175,1.1287545385308997,1.2107665231330496,1.252422281526451
29180,1.6899981542735398,1.3970680835493003,1.4276163094293275
29185,1.3760311996493195,1.3464321457008588,1.6237211464791328
29190,1.4236152261901447,1.279821569035273,1.5807114398742852
29195,1.176792754427546,1.5780725418033648,1.7336926312094745
29200,0.9910324631754834,1.440144567096176,1.1527588142379408
29205,1.8210427222326475,1.5561531902919565,1.272502083539348
29210,1.8373487964468933,2.2122701735400936,1.5355621991211785
29215,1.0396238690784416,1.261038528051765,1.5351674651791034
29220,1.6647838317163404,1.5418662802278555,1.8518775663793656
29225,1.7153357318020284,1.734127899451693,1.225635370158611
29230,1.2613833589569634,1.49151764449339,1.4342499362704524
29235,1.3336514301744355,1.4188957398895434,1.4252567388572739
29240,1.1709198844855153,0.6471440362829188,0.985705051834928
29245,1.2180049776233437,1.7456475690375743,1.5133288286753543
29250,1.1900535624106323,1.9417708079368154,1.9257435923663404
29255,1.9772460713417985,1.6602787824145213,1.071252536912811
29260,1.4776888766640164,1.7707513577374254,1.3665877383196516
29265,1.5031350180236707,1.4236560316090472,1.2085272890502838
29270,1.470111433035879,1.5009060122226998,1.6106113991657258
29275,1.4232220184810769,1.9036931916691642,1.3909325591457513
29280,1.3814283997163066,1.4363195752541749,0.8715068578476838
29285,1.9074735019868991,1.6010422205921926,1.9590357044146385
29290,1.22512345829601,2.2408912379996857,1.3343063138033375
29295,1.3707391195837804,1.604390391048901,1.724842053775489
29300,1.2641888087917184,1.1987695479274332,1.5821103410906348
29305,1.5668116721112728,1.4689476802107153,0.8555338507091336
29310,1.4683510349038116,1.9402020167094334,1.4671623920855956
29315,1.2661006794881176,2.3742481622451006,1.9316664066574734
29320,1.2059083079380297,1.6394892592189003,1.1087895190355501
29325,1.4072179742372983,1.4771356127690491,1.9218343272196081
29330,1.5840679527601498,1.2792895152906985,1.5098904848800785
29335,1.7439672634496415,1.558517040853,1.122548975520234
29340,1.625846674668446,1.843220496937814,0.9910225941750842
29345,0.7038943041130162,1.5009125278430673,0.9242715784624458
29350,1.084455174230753,1.5771080007579614,1.4843052021915335
29355,1.7439797162161679,1.715516170389711,1.5064643492167746
29360,1.5724811646952082,1.1530348950395721,1.3566255772745688
29365,1.3866719249795263,1.7463842946367236,1.1651032544757802
29370,1.4870305119177265,0.6527089133719959,1.5955807339331403
29375,1.5373565431517624,1.103383624318898,1.685839670911023
29380,1.3878381542833476,1.2171366738297582,0.7208503418738266
29385,1.5625072952171997,2.242915460887662,1.704732668736089
29390,1.4084323568039472,1.302585377293512,1.5374329095429704
29395,1.5852155454843722,1.3607168065180906,1.2262634427720633
29400,1.188915256663537,1.497068150428961,1.739889279396313
29405,1.4200352686741842,1.2178558242815867,1.486595308258827
29410,1.8752393587216614,1.4493970697495027,1.2699387543718497
29415,1.543456155352304,1.6428118824282087,1.4165978655097409
29420,1.7817764979073787,1.1746220793842557,1.538612228783347
29425,1.758612008423507,1.967007184781187,1.5504849158490177
29430,1.7964489582044403,1.3379209375184484,1.5503658033579941
29435,1.6665644950844345,1.6636903148950193,1.441320459488384
29440,1.6140279975601914,1.6807007047365141,1.2418550226384084
29445,1.1569304929148443,1.461209351988977,1.2568283191993126
29450,1.4052276536242738,1.6850288824583177,1.181847742822926
29455,1.8283642222593515,1.7170688172421236,1.8135953163667966
29460,1.6301933095512464,1.3569044655609874,1.296469996840199
29465,1.7249517445214118,1.4967179791125573,1.5110739184626056
29470,1.1176582303698006,1.3639774844588348,2.158339629818409
29475,1.6895348364311897,1.0151323674214978,1.751817577525703
29480,1.4816198954248052,1.2058978029814733,2.178435115318347
29485,1.598493129105545,1.1612417964091422,1.5325162578568883
29490,1.8655406642687014,1.6635768033677643,1.7724774747142216
29495,1.4670212946946535,1.377975083608711,1.45736335901723
29500,1.5571241014133033,1.5370787505855084,1.6881180831577256
29505,1.383183745062321,1.8162577255697028,1.4338358436682197
29510,1.8378050914743473,1.430272941353837,1.2828741895362918
29515,0.8888472113162879,1.7106007932419494,1.5977364326012877
29520,1.645417037537918,1.771188292849494,1.4893385531115462
29525,1.477368222870046,1.5479719278643722,1.8219374261918175
29530,1.5798048882371847,1.5068787937448709,1.4335840335312782
29535,1.2050111346497818,1.831072769515914,1.5383945902061837
29540,1.1965199718049089,2.513262599851428,1.368463979949665
29545,1.0386701060234524,1.5148374965070048,1.5883787391071558
29550,1.5773243511771418,1.3282332121846543,1.2147744289795832
29555,1.1567841975370245,1.292606528668576,1.9881703643467836
29560,1.2537103006955563,1.4174341551144798,1.2905669412131255
29565,1.701325782901816,1.594059943148277,1.4992665780305352
29570,1.1736701771744908,1.8869757944518337,1.6496667642604699
29575,1.9278356493677382,1.7877993161943082,1.283781405558399
29580,1.6158828335191198,0.967171638413352,1.566121516194558
29585,1.7092171584253737,0.7447587597864724,1.2230575862368276
29590,0.7074216063614437,1.5904146076294599,1.48675340968481
29595,1.143814252619985,1.8251681191023401,1.8704447155135946
29600,1.52947995757066,1.7548754683778143,1.8107059422774212
29605,1.6414831673614776,1.5176666158212375,1.4574206872240265
29610,2.1929701218805824,1.248655659212957,2.0635789517765546
29615,1.7041011645832878,2.310685406790423,1.3391715659121488
29620,1.5497693933526377,1.1517688736345495,1.6916842797802396
29625,1.6954033535070605,1.7368518948331388,1.1829296590312217
29630,1.3992752030235351,1.1590386865007019,1.9424765862396933
29635,1.2695505538661433,1.8610431781925703,1.3737060093074767
29640,1.7313507444715133,0.8396749455920286,1.6003395358000978
29645,1.9895337016980703,1.5656003210312222,1.588739793266818
29650,1.5591618309147353,1.5565122041846657,1.3255581333012394
29655,1.6714260191273271,1.161836396225357,1.6475032981246185
29660,1.4263460804280768,1.583638288007554,1.5439078901396237
29665,1.9543860170761413,1.1053791228839385,2.043159281783235
29670,1.6649019994160423,1.7816799189898251,1.3477920026980448
29675,1.0426275114144827,1.242561334626032,1.0936476078473487
29680,1.3284510895983246,1.8731078246882387,1.1407317871896565
29685,1.5721892354843652,1.7238072649563405,1.273918509401409
29690,1.6401920437256778,1.8033725646808971,1.5720787727274408
29695,1.2315652712790994,1.6806615133401528,1.2758606972887412
29700,1.355111521967118,1.7646290490127645,1.328808977497505
29705,1.4990211879853532,1.2971713011252086,1.521059808731836
29710,1.280690165510038,1.2535198399752525,1.1529277868785388
29715,1.539609506960742,1.6375800290898437,2.047122793210929
29720,1.2229363724150006,1.428806918270652,1.8288482843955816
29725,1.5726460952025438,1.5853217808118931,1.6578778477364757
29730,1.8386253541162074,1.638709466346536,1.3041718276108902
29735,1.534346395791054,1.5881689670560808,1.452779228082429
29740,1.4518109872540765,1.39100830275299,1.5733602782541802
29745,1.2574154960370878,1.2650435869164438,1.6447092264782321
29750,1.2104305466703789,1.317853477451372,1.3835288597443496
29755,0.9348172219079711,1.6222778824267152,1.6124229459548123
29760,0.6962797214388541,1.2216342562217788,1.2185051064028831
29765,1.80680432345121,1.787215582426446,1.469037318534395
29770,1.7327054997606286,1.437618557193392,1.7967912943229691
29775,1.574930278506528,1.9531101354114173,2.026224771910436
29780,1.2973660834786156,1.9087469529493981,1.6030958359152752
29785,1.4200927281611435,1.1715577403620014,1.4487511697387034
29790,1.4779606032147736,1.7364507956436077,1.0564304934977797
29795,1.3775582024043618,1.4317793796311935,1.03415795448934
29800,1.4503256868537364,1.6224013927474166,1.0192244986292578
29805,1.3019073692033964,0.8554383820256167,1.3973782683313056
29810,1.4344909217962392,1.816057012778108,1.8953357978011425
29815,1.4376061678659775,1.7559922172232074,1.2791181945245174
29820,1.257566973958838,1.4325267404962923,1.5695132905427533
29825,1.1617841132609006,1.0354850693186228,1.3472971259410795
29830,1.2724805149886407,1.371868469269552,1.1200008236277803
29835,1.1431062732667752,1.272455204669668,1.5309549812972065
29840,1.7897420940228994,1.2299333271297397,1.5597928605648048
29845,0.9951598760923823,1.472932375492337,1.3597417690987816
29850,1.4571453725951624,1.837206550758336,1.539659532468818
29855,1.4117600553344938,1.4704620458169233,1.7870007600902853
29860,1.7227388649524324,1.0649578488292695,1.2379027653955745
29865,1.9277547507023505,1.7070865075757289,1.3721506809607087
29870,1.5568670011766896,1.331916437356781,1.3515885314648814
29875,1.7678785656003893,1.3047067200154754,1.7349511649364484
29880,1.5000947395038613,1.4766478196700406,1.4725476722505453
29885,1.8031378329995065,0.9679450603942605,1.3669783099390416
29890,1.021569335886247,1.6812764502487723,1.8209847061614046
29895,1.858803115933797,0.9276018620287189,1.0820560994598498
29900,1.509450278991242,0.6549728156059691,1.492721313157839
29905,1.5990564898415105,1.5134945807863909,1.2566292663828473
29910,1.5181069375413392,1.68444546552918,1.4890875356621145
29915,1.689582190255191,1.6535024660484485,1.6302308477811127
29920,1.4756128724992728,1.5547894113229304,1.6259810407587867
29925,1.2958814453964358,1.4336533635700754,1.7421263462936407
29930,1.8428790723364845,1.2555198746472638,1.4807219349712426
29935,1.3495798305260096,1.3762865212688187,1.4962157167618984
29940,1.201190653907535,1.5107238305441386,1.6543681432417572
29945,1.5602350154270777,1.3651726829008997,1.342860605270105
29950,1.5030997427099908,1.5121164808515482,1.6048185623243771
29955,1.7782436725322501,1.7135537188631869,1.3502401875534198
29960,1.7787365156514816,1.6731545584594423,1.4590269896053984
29965,1.6981387553038165,1.759236322772138,1.256658531771331
29970,0.9379566018122814,1.6875037412831349,1.9168198780080288
29975,1.918703419151842,1.8214848403142596,1.764016269371002
29980,1.9941368451984613,1.5971530550645063,1.6572649397663213
29985,1.7453472149488147,1.5325232933306157,1.0322990028787575
29990,1.727298050553302,1.6561612650143196,1.7703226786925037
29995,1.225472514770554,1.5888302994604127,1.7252777869354654
30000,0.9140004417761134,1.7094341376351938,1.134772237483133
30005,1.3100791703022627,1.1467460220634085,1.3354410097501184
30010,1.0342149645744605,0.9598313217975364,1.6833957311269083
30015,1.9609338661693139,1.5713772077454367,1.7782740019092578
30020,1.3365276413494203,1.2845699077611377,1.3927459270256608
30025,1.5966861768531384,1.0138018598180878,1.4426522952824161
30030,1.7232696797360865,2.026668508118335,1.423165137760688
30035,1.9510918526787133,1.6655885230045433,1.4189725083342792
30040,0.9233101083122485,1.4836446856598757,1.3556443243708234
30045,1.7512255678482969,0.7908479928361475,1.6007845645376357
30050,1.220961814199776,1.5278794598665533,1.2771762465593093
30055,0.8401837187543221,1.3519113778902052,1.5488972337459783
30060,1.5975766545633954,1.7396855094101922,1.347996106280411
30065,1.3105022366168615,1.867088462017328,1.279835214142095
30070,1.4471811714952942,2.205692621281998,1.6299809051099396
30075,1.1712069631095055,1.451970919110747,1.2304795326582352
30080,1.2075384572588632,1.389335338842455,1.1403916350757735
30085,1.2471107204342065,2.1211791613895308,1.2875899046253352
30090,1.4094587238152632,1.1237621806413463,1.3578179776552646
30095,1.6001404570479074,1.2565702407173656,1.9763492008027437
