timestamp_ms,accel_x_mps2,accel_y_mps2,accel_z_mps2
0,-0.15441444475354466,0.37052043139451063,0.5439066913811471
5,1.3611397925718018,0.11077099001705115,0.5494295940420044
10,0.6191238381174046,0.2536663263884083,0.27984438030942754
15,0.8045326825154638,1.2232837783373496,0.9763540690518167
20,0.27159303265332735,0.2954241767452382,0.20940778346733618
25,1.3444944969343942,-0.06514706141979221,0.6903034954346596
30,0.11771704518498183,0.8328040494651799,0.9144180683442819
35,0.41015619835454215,-0.05068433553278773,-0.36018048037738415
40,0.6429523611290247,0.05235604133556171,0.5206194267803221
45,1.2973168228732745,0.6033559858420807,0.7087089882904749
50,1.1250535376279518,0.2902513435939642,1.672065181504998
55,1.794543275496351,-0.3534737060280253,1.811605244874487
60,1.7974152690369256,1.6977168307786967,1.0014825030296493
65,2.238367792995828,0.6596107942155682,0.7536586531132181
70,1.2305800715707444,0.5199261096983103,1.9429631127604812
75,1.6579921050522066,-0.29259300577497394,1.1900386501159796
80,1.796093454935245,1.4563609310210541,2.033581825279098
85,0.37165752268959396,2.765130800216364,0.5202234604510276
90,1.59398171454786,1.1504844506652,1.1587831873299879
95,1.3429325833844188,2.05363845754719,0.449078180321414
100,1.3336546166861387,1.2850973358159887,-0.2349377930358174
105,1.5419976127054604,0.8083429905379476,1.7583396260014112
110,0.43213591191168627,1.3922780083619235,1.1885452324503585
115,0.34974196030545623,0.7698870491088178,-0.07487850351115777
120,-0.22571924610015848,0.7166204421258977,0.8768298043018647
125,0.5623593147959051,-0.12187357114328884,0.8246886891500521
130,-0.35779144616424685,0.7064797348376675,1.1290196062608218
135,0.48271771118274076,0.4816106989898682,0.644921685685321
140,-0.6371272172125498,0.20529987581548917,-0.12090738514358768
145,-0.3931068336270206,0.23165727137405848,0.16947255800639213
150,-0.5304493000395512,0.6318168471816132,0.14013721542742175
155,0.19356053698440773,0.9231647941651309,1.1094960244727416
160,0.9001372996740841,0.3405182681473497,0.23050664160682174
165,0.2778818802557056,1.3990321035505189,0.422176240260304
170,-1.215151897166217,1.0389488226389623,0.7826285282441583
175,0.38235870448283876,0.6176552350498777,-0.030827421477175487
180,-0.4499455218779513,-0.12043972123117619,-0.1287399456925149
185,-0.02347147179665085,0.13604840622918515,0.7497827963694901
190,0.3866095967638381,0.3409584161175623,0.7687936913871112
195,0.48154070977894103,-0.011868050517480216,-1.2546385510727323
200,0.02228949518856918,-0.2892055412810116,-0.07187237823000653
205,-0.2880212853432627,0.3969536184561927,0.18417169072177755
210,-0.9298933996795042,0.1253348138992135,0.20512359176471964
215,0.7316440497508778,0.22456854413876773,0.2587605684165479
220,-0.27016989371086353,1.1257200447176552,0.02665328349869389
225,-0.10615829488654183,0.47900594911867667,0.3333843646293003
230,0.36795299043479596,0.585007512381548,0.49885495879248787
235,-0.38399798773287896,0.048534570443023006,-0.4761239239728292
240,-0.0436801077551435,0.3674608620985983,-0.008873062738583792
245,-0.07513621907832854,0.48174047131436964,-0.4730671762339533
250,-0.5237628839935657,-0.017526532337193312,0.057959997753776166
255,-0.25051279614601124,0.04856855373228143,-0.14991886641370214
260,0.28680022269291106,0.38346132561094654,0.7150216156188014
265,-0.13509825891466254,0.5360767806795137,-0.7014571607059539
270,0.7202445151359869,-0.027924127568568463,-0.4914691539336996
275,0.4002933566357538,-0.4330548202591616,-0.5487928328903111
280,0.5245285670120656,-0.1387589915095703,0.674176926996848
285,-0.29271569254755564,0.6556336685770189,-0.2690194631203162
290,0.5861641809565824,-0.30874996344655037,0.44439157362697657
295,0.6915149916736913,0.7766668272452782,0.42984362357089
300,0.042324208890020754,0.38521247450430723,0.5055045109242042
305,-0.3050604577577788,0.8894811427287791,0.28156306725682484
310,0.17475018212833635,0.11039939926029652,0.954290532912817
315,0.20301914639698135,0.49762485438085524,0.24249552402205837
320,0.009579948204428701,0.3189098509821081,-0.7207168004175213
325,-0.7954767702685365,0.5307352268851876,0.8677353969262247
330,0.4054317565382237,-0.17867428827887422,-0.734866749532818
335,0.39598309649553376,0.2929574247880796,0.4983535850429303
340,-0.42410548707790896,-0.6489989892866871,0.878360870851747
345,0.8024077516159696,-0.11047217229757159,1.304843954110745
350,0.17237402625351544,0.5531710769808839,-0.06228867252719983
355,1.2439251111910035,0.7888655332509281,1.0214740934873114
360,0.847956991059207,1.1245816430052094,-0.055236343762785106
365,0.06737440538284714,0.3070935415347008,-0.3259274582309859
370,0.24473429126716634,0.49355083964161894,0.625849811217952
375,0.5981123832067884,-0.2400791207394461,-1.105103815364593
380,0.16366164626010332,0.14370693241695923,-0.368567706417895
385,0.9912926493390658,-0.21529148467293938,0.9482642102937767
390,-0.1099204633317292,0.0777095255155123,-0.02187038609088096
395,-0.3348774030917313,0.6335449937419452,-0.3980084765056769
400,0.9383881567470252,-0.7114232636367426,0.1970764143865862
405,0.6931599165855943,-0.4231565462712591,0.33281214976172846
410,1.3579046004299293,0.06687891751620877,-0.1068542356104884
415,0.09878246236551558,1.934595090476181,0.12771359690760198
420,-0.5181754520132852,0.27470691722842944,-0.43814412374866574
425,0.8289198134951323,-0.19755734712370632,0.5694326107167265
430,0.24510328702527162,-0.5527070280463616,-0.16206012600598466
435,-0.02714908347101841,0.13851011739629213,-0.13113841088377404
440,1.6891976510303355,0.5587717848763892,0.11793962970270849
445,0.3798984284463766,0.6282697447572916,-0.8964527665104143
450,-0.16268235866463884,1.0557772010246531,-0.6788108100903785
455,1.23484845848214,-0.736209854606216,0.29252360930074095
460,-0.7760144911049253,0.4578701096677794,-0.06691766862040646
465,-0.18945942728311663,0.9928951741815781,-0.2833953042422402
470,-0.5435649694890042,0.22075163526053623,0.3336063224561192
475,0.5612032317688797,-0.40246583170528333,0.7230403474068325
480,-0.3786425734282984,0.827306072344185,0.059019662269881534
485,0.7653793622802317,0.6282265997223817,0.2972873786960387
490,0.3709642397223585,0.5217807941243583,0.03215070403153222
495,0.4050915741540284,-0.7559882855541633,0.22741390317751037
500,-0.15864339630342264,0.38283043318699495,-0.13002040441409893
505,-0.39815061434984395,0.24527265607647808,0.20956250699923462
510,0.5230888384529394,-0.20130262372102375,1.1697091983158703
515,-0.12727965912012437,0.8385571622496936,0.06805435495949658
520,-0.06968146539696593,0.7588631065597881,0.020804292291522725
525,0.1508037001046269,-0.05255820043181114,-0.45028910580036374
530,0.17142064583927372,-0.4305230031154417,-0.7790000235756043
535,0.4934914833943629,0.6723346058828777,0.32338131094126693
540,0.19296897827287215,0.24171405205895918,-0.39384170888814124
545,-0.9812406692349538,-0.39398832016355156,-0.21990785001396912
550,1.2248363037978718,0.2356662671434284,0.14731827604554276
555,0.7969569855496749,0.8088913003115604,-0.2333739537322329
560,1.074749963653758,0.2391716314651149,0.15716206289158602
565,0.2805530424346371,-0.5218637743803298,0.26455768645074584
570,-0.08213877737432898,-0.4915800324748851,-0.13724022890825274
575,0.12669149079254255,0.013041172365458348,0.6904379832060203
580,0.7409754289552699,0.01737164302626007,0.756147530135653
585,0.26881691496117305,0.3907814989114017,-0.17167357317639909
590,0.5356251758403434,1.188235692302562,-0.31404318383503615
595,0.6384760014931697,0.08555248404724683,-0.18819096502809382
600,1.7853602293307498,2.5535015508995973,1.9651459427841063
605,2.2051418490195496,1.9580453058770821,2.3198234329207272
610,1.722230643272939,1.6324937767770897,2.7982938480491386
615,1.0461131184090382,2.334706285639021,2.5605150667518704
620,1.6524845338773428,1.9412842431147652,3.099500287423979
625,1.7766985973871856,2.4779600691098733,1.5466151933400805
630,1.4668383899829736,1.6914870994651308,1.774036354359209
635,1.9975582088095867,1.5247348330575432,2.39248334570466
640,1.2666605451788486,2.4943469905116986,1.216484669751786
645,1.8089867795275636,1.6357735788091132,1.8365191035574397
650,1.1107176429077619,1.9087621109088497,1.6094353572159092
655,1.7572179466701887,2.0409652500378175,2.2514639611199745
660,1.20607342692791,2.0053192614114486,1.8832364540271103
665,1.4062362938764565,2.5381609682928894,1.6794213170697565
670,1.706174582478115,1.8288795292895113,1.524778327540453
675,1.6809883392329261,2.998258460364403,2.317511110027982
680,2.017079482225814,2.576184583213643,2.564567745704608
685,1.3689973085115452,2.910707364798575,1.5986129477744817
690,2.6187362012229585,2.366983262516743,2.5438932368112885
695,1.652466515021088,2.081991800758893,1.7802470287080387
700,1.385909396758845,1.8552424209779093,1.8527970583615092
705,1.9743536312174477,1.9944201730666729,1.7449133771143739
710,1.7525210734914263,2.4630910309098875,2.4077941666055067
715,2.270634563827501,2.5259260799076335,1.1785950401902767
720,2.4132173301097657,2.53703023978662,1.960749538492558
725,1.9077129374911908,2.30757281948668,2.2143380088598072
730,2.85402216102801,2.6511227605632453,2.6973574408131515
735,1.8589035314545337,2.6471908697621824,2.138161191602947
740,2.627527736555365,2.198880988437935,2.4751479050257483
745,2.32850492338819,2.0070148264764596,1.5634590117998293
750,2.6274931236320724,2.415033880253389,1.8910287954645333
755,2.1289188097388654,2.1613143774084933,1.3882082487159353
760,3.030668505130866,1.7799674339727167,2.5183052346509043
765,1.786130826803948,2.8932812990680477,2.5513568695144375
770,2.015916858206816,1.9718932293035134,2.263488866282589
775,1.9649231854900162,2.651415878142889,1.8339643752540362
780,0.9893686041896185,3.016579600483834,1.9204307051710041
785,1.4405396281634406,0.8275619217468059,2.647201518845079
790,2.1410097519695594,2.9758570145881285,2.5794315089900564
795,1.7857264476017873,1.5810167406676576,1.6430050520239219
800,1.062801854722541,2.2913251601687024,1.5961179654161535
805,2.1690960065815226,2.5160994645846015,1.7451148104716219
810,1.912658148647482,2.9849356986540476,1.9264307711195072
815,2.53693704788968,2.500934204175041,2.1419001569775875
820,1.9337585255825762,1.343697301271534,2.154373388882489
825,1.9927751009731864,1.816189072100553,2.349397301538628
830,2.407732768332727,2.5130246934962233,1.8356198687255008
835,3.120108979867778,1.5133434335914424,1.6273993831706088
840,1.7318963087993686,3.1634815632781628,2.470463671357319
845,2.733246378123422,2.8227908999569467,2.9735667743342455
850,1.971375829816287,1.5573221426015087,1.5242844156395892
855,1.72781283837968,1.6509550128592427,3.445891962653322
860,1.9603123346876818,1.804395438040769,1.0738861377041415
865,1.9990539212135405,2.402030827355185,1.2247590794840977
870,0.567865266560345,1.7494927137550458,2.078877334392958
875,1.4568512157403501,1.5080007609600745,1.6809211868110663
880,2.1322719289945105,2.1754790370611907,1.1021565752048468
885,2.3467381085852637,2.4445837312392475,2.7131311425654587
890,1.3976186902892176,1.495859213008569,1.7361772277283585
895,2.1331662639382287,2.58520946709233,2.085849823106619
900,2.4079193683823026,2.2000091277023706,1.9888432894256607
905,2.503673079910944,1.2451487710143536,2.709365884162509
910,1.9537154888146668,2.182060258480644,2.1939505517815374
915,2.6257633685938666,1.304765529710187,2.523077894628779
920,3.0011177322361675,1.9355339144008041,1.8674991985632303
925,2.7267151802734637,1.2220283800115836,1.7119877613678394
930,2.949581266887632,3.074053246750829,2.151003827204178
935,1.7747423836964424,2.8157428926700416,1.5142743602524973
940,1.4174199100505278,1.5802478555089872,1.426295840590758
945,2.561598547585525,1.2634388481009644,2.0568641521946645
950,3.0820504415055425,1.7958486789150652,2.194788430615886
955,-0.3936666507605349,-0.444659964624192,-0.10286950123558564
960,0.6112075176062053,0.38972552264878424,1.0871790797242142
965,-0.06657004848243592,0.9349177113288389,0.7464254651552376
970,-0.40545202365211785,0.26326453551030093,-0.4514305637322831
975,-0.25386041269444043,-0.19848630919171822,0.48831445225690356
980,-0.1933744917882517,-0.4518253493678629,0.2618031451640881
985,-0.7858649282748551,-0.2702176689057163,-0.8556637616067191
990,0.05807850488483771,0.8125129651271461,0.35794554411199203
995,0.578721692306584,0.07361943337859739,-0.4518822062515646
1000,-0.519141313300742,-0.058918259608577245,0.34258004455351154
1005,0.2532450017450046,0.020963885048127913,-0.10748949773511922
1010,-0.05156928709725502,0.5629582551267461,-0.38294467806871535
1015,0.0408383268251311,0.7403852770692398,0.9344871473978414
1020,-0.002185590634448654,-0.10468700746064796,1.4051663251740216
1025,0.09856809814353913,-0.07134808871322158,0.0138241543954494
1030,0.30775216990235194,0.03329529450891191,-0.9001282562929518
1035,-0.8189733668672405,-0.36378860724516004,0.17451449239530997
1040,-0.17077905564955356,0.26391900391639855,-0.789890167827438
1045,-0.08161129705314824,0.22119578086930947,-0.34026283339840097
1050,-0.2504405194424209,0.39523193852371397,0.3280063533243637
1055,-0.9056907881100257,-0.39554837258322806,-0.019314254539283416
1060,0.06603626956166797,1.5494220047313596,0.07883329753461925
1065,0.21145233985515408,-0.14376280562083715,-0.2043776918587133
1070,-0.2903607492019789,-0.046241447611224354,0.8007759319729468
1075,0.26480217604359807,0.32979012697323046,-0.11776070543610098
1080,0.32694648924928615,1.394302731484077,0.027755979525692236
1085,0.08040230003471655,-0.362969261687571,-1.062061866819828
1090,-0.7108608206676109,0.20796689537923058,0.5742917522970984
1095,0.42880967431702843,0.0455469518521053,0.850950007933345
1100,-0.7748051205676577,-0.6025444649498314,-0.7806212738720597
1105,0.30006736222744007,-0.16590095457208742,-0.15407424477681317
1110,-0.5774144682237657,-0.047573207128629225,0.05298884547528543
1115,-0.43749995445516826,0.3795881465645717,-0.7200661986309388
1120,0.3380873295017554,-0.5996736224935709,0.5499649593299023
1125,0.37751901588615466,0.24841936216694677,-0.06656855274789487
1130,-0.4208867355576688,-0.6110334125214207,0.8588137464370768
1135,-0.41132668226088737,0.5253590804864638,-0.16121680100886743
1140,-0.11475247230714891,-0.018468673124688573,-0.18989359480855428
1145,-0.4033179790235926,0.6719915559546706,0.11326409436445303
1150,-0.28327442220214466,-0.37215411605728443,0.8449240464251685
1155,-0.11685699287390634,-0.36895290854297547,0.1998673941760212
1160,-0.3927026086614257,-0.2747983574347265,-0.07785475675239098
1165,0.38183384137467186,0.08688781909783085,-0.32717570149742403
1170,-0.006524827421098717,0.8459020439915573,0.1678549353675427
1175,0.3085592900996003,0.5693093621628049,0.41764099716029535
1180,0.8988904582058198,-0.05176680745185076,-0.39465835568389446
1185,-0.8170854865805943,0.7437982508096963,0.13672128483432683
1190,-0.4132449953492834,-0.35119048340063713,-0.41031467694947277
1195,-0.15720808664775585,-0.8567054281567941,-0.04866525929738978
1200,1.2292421949106167,-0.8841734683599586,-0.7784584678212786
1205,-0.28240864479024846,-0.29950941459009395,-0.02891953243241192
1210,0.3104746042295858,0.9073790295261518,-0.3270867324550841
1215,0.05989713229612063,0.32674611956683985,0.43931968802977933
1220,-0.13476572763297556,0.19413532928362642,-0.6105060701013092
1225,0.060957133924343286,0.38350146180915373,-0.1391754512474868
1230,-0.9877008978286782,-0.5117736339494089,0.17787784498692868
1235,0.39220304370574366,-0.4409381655316127,0.04516680047605531
1240,-0.3078263117921283,-0.22940241338584363,0.3003648194752791
1245,-1.1357833984483565,0.33901204552665487,0.16156193982359782
1250,0.3348245476786632,0.9280821663615069,0.8179066357144498
1255,-0.4444145807778936,0.13627096639911343,-0.26339630744359405
1260,0.3032485030515803,-0.555733057164122,0.46481889141513255
1265,-0.5897443374883546,-0.9161206374407471,-0.3855195669944612
1270,-0.17174017338718345,0.36162768745926915,0.27649409431485983
1275,-0.17943418292684377,-0.6377061505657118,0.10094693950623179
1280,-0.6003630222712332,0.4311541066266305,-0.9037341106894619
1285,0.20326405472683198,-0.4614687495849295,0.14726713167169925
1290,-0.15736804108243932,0.22616215268462675,0.5603627137221205
1295,-0.17009290091608031,0.25286982978170486,-0.6039334775491937
1300,1.001965258862623,-0.15279821971202112,0.24257944271140933
1305,0.5475794001445966,-0.13023867637368688,0.4879616769069714
1310,0.4064301653805701,0.7034289200561515,-0.3631043245812345
1315,0.8527174343674582,0.5685096054081892,0.6995514268942817
1320,0.06769636764860454,0.24044118206343157,0.19169244608170646
1325,1.1464560294567612,0.5328450102250227,1.4042154898084633
1330,0.7550852500810334,-0.07333559787154109,0.6810723453679718
1335,0.5388575102659512,-0.004150904022821256,0.6529499236231177
1340,-0.09795104342039995,0.5207708547762546,0.3296297294089926
1345,0.4256216289996919,0.7069324446058332,1.164049568015654
1350,1.5522591652429139,1.411901029987777,0.36462928167083863
1355,0.06268237916732733,0.48066698705594046,0.7606031595028788
1360,1.6458819295411748,1.5568390572378628,1.3208205660202155
1365,0.8455395017381262,1.1897586687926462,1.2886169799691969
1370,2.2833263180109715,1.7830398116591746,0.6432608081650557
1375,1.3045626733799018,0.8028402123321218,1.5677884151333483
1380,2.2883655080185115,1.6688019258437383,0.7645019763371037
1385,2.2983122560145137,2.07042205541281,1.057782653727918
1390,1.5753283686077584,1.1217224182559598,1.9558549334006428
1395,1.7790961696846637,1.9396088392831707,2.081578208368555
1400,1.8980852401342867,1.7491645795510125,1.9690559460418844
1405,2.2883966573178562,2.3376503922995058,2.0613514168786797
1410,1.6326063335468124,1.939072486443955,2.063758907004304
1415,2.8132268810373473,1.8932221339987556,2.096834956233677
1420,2.6367713607568892,2.8690391428650925,1.808955568336501
1425,2.2545337656790014,1.9912575721393946,1.8780422950793145
1430,2.0321863713834456,2.0783301797791474,2.5761596225702
1435,2.290078318280416,2.914720341552465,2.3408622437785027
1440,2.0106005190276286,2.336297815273848,2.703486649553483
1445,2.512643686049339,2.46885533735988,2.4765108681850143
1450,1.189666930268599,3.2394858551894505,3.0171694125596242
1455,1.5493682705457859,1.1407696468762183,0.7978173376549107
1460,1.9438267136763197,1.3620238672859593,1.373496435830174
1465,0.8493903690368517,0.3922723460410338,2.0253138244983053
1470,1.1654524097152965,0.8908775289807341,1.5427191089999197
1475,0.9219398551647489,0.6701964543290151,2.0785264952684637
1480,0.9122380550074153,0.1742518267826636,0.2979798661805787
1485,0.6781711781732258,0.4250910663780634,0.6838957239359128
1490,0.6445617862832838,0.8086459477473786,0.46971708437563187
1495,-0.5024521671135933,0.517777709817996,0.9309964773563602
1500,0.5672497986624476,0.3926656177933803,0.35176204538453004
1505,0.2820867446697761,0.8450771805753954,-0.2261407516456556
1510,-0.0566662487118379,0.8742801146655375,0.40943660871861043
1515,-0.6873141733708745,0.6780602502336037,0.11955511951705367
1520,0.48570534106578844,1.059115455782573,0.913623936202136
1525,-0.027977133319776054,0.15872306433032002,0.06691416841825697
1530,-0.7391968122224496,0.5783301470030047,0.04707613526340909
1535,0.6574225498205434,0.03283161554154221,0.09190655214569546
1540,0.8706827935932782,-0.13899833679303336,0.3655666900870288
1545,0.13292619541327333,0.9901784665237052,-0.38282976200960983
1550,-0.1416720622292103,0.1793240454259563,-0.295704864950327
1555,-1.0381708011482924,-1.2266526632335188,-0.1778925097442244
1560,0.7306819918623275,0.0904940962868372,-0.6230754692907094
1565,-0.15131587349045983,0.32648104111653353,-0.5677070943518385
1570,-0.1734727316651771,-0.6250489079808754,0.1727073029252971
1575,0.9259995180556523,-0.16658863520230643,0.4071032886085323
1580,0.06870104893644759,0.1750289178355366,0.2976724262708886
1585,-0.40328220700904605,0.593537792574711,-0.05182056074402619
1590,0.23441240090610138,0.2954073350844077,-0.07687409624671165
1595,0.5225245670621824,0.3133775628922729,-0.20996863098985513
1600,-0.24610661492341696,0.1942087371996768,-0.22199248135563504
1605,0.31672164780132034,-0.5048112665690692,0.6627230371064455
1610,0.29324092020387016,0.534621429419641,0.5581687104632032
1615,0.7843023053955108,0.5521385242865067,0.8929015111342662
1620,1.0112890748031684,0.2622632436237185,-0.26975017457939954
1625,-0.6237494241655446,0.14487930616285333,-0.23117799727142327
1630,-0.5426883264093438,-0.5368982082996292,0.25560637550069504
1635,0.3713571028068955,0.7076838938493657,0.11826671253960516
1640,0.26258364292051095,-0.24077673021756046,0.25878489173175234
1645,-0.3755239549179809,0.3163599527006833,0.10563734196547017
1650,0.017299447030156512,-0.4237861714461534,0.3564869413123173
1655,1.2665164565433835,0.8963223698006154,0.23607130163947668
1660,0.6474081426321628,0.6084864142106104,0.16428981721782357
1665,0.6223400567245047,-0.566306266413394,0.9133175628581517
1670,0.5170428457736811,0.11749106883983736,0.0587832137692921
1675,-0.3028605787712688,-0.20107878553634367,0.6798104734206998
1680,-0.25204891761019266,0.8210352492576299,0.08142784120374452
1685,0.27749596850550395,0.4958901964328353,-0.03966454936725114
1690,0.03288398722376393,0.24564806480581564,0.25064449690773766
1695,0.29032505028321276,-0.36709941845255056,0.6214210030056283
1700,-0.032538221266769835,0.15206207009208345,-0.04436100368490539
1705,0.9373498243976375,0.852471568835765,1.0498807432815815
1710,0.08285420934215536,-0.2703160198259543,0.2838119516284685
1715,-0.19735903368752283,0.8393505236173493,0.8215014954886402
1720,-0.39287016947641845,0.27800746503102486,0.2941264223699741
1725,-0.1873491144186296,-0.30087177462004777,-0.63215063001322
1730,1.515569582707212,0.44813460898094437,-0.6759995069634638
1735,0.11113397428760509,0.28265962819272117,0.49515906851167835
1740,-0.2086758524936614,-0.4948956011736778,-0.06943560868825407
1745,0.546869077743988,-0.5677627104264221,-0.41895759554092915
1750,1.0646237070564735,1.115522335501118,-0.13737906379240963
1755,-0.3473404538167748,-0.006693600867520549,0.25229115025865734
1760,-0.03717425010029379,0.5951477694101277,-0.30895807083081034
1765,0.15169410707744796,-0.4521559738038487,0.4385092487585039
1770,-1.1343483785310409,-0.14736796477505504,0.33186339801132203
1775,0.2103257683048005,0.29159502689904776,-0.1885863124473152
1780,0.509719391588003,0.518931432019577,-0.20585938132593212
1785,0.4050734996649494,0.6577171727828921,-0.35972418840273235
1790,-0.08420180477997491,0.8427582186460026,0.7301016459118719
1795,0.13696542520312038,0.3529186369652606,1.596705961922773
1800,0.6100334046866703,-0.0251461275295575,0.5227954196627118
1805,0.3326970210068448,-0.10990833905050373,0.04577418345028582
1810,0.08920398123949388,-0.23762738965521038,0.4445930167147112
1815,1.2817153225486067,0.10689720167776312,0.5409094556483445
1820,1.038627444825473,0.30670917937501724,0.7010660793613666
1825,-0.5634181105477046,0.8803929728832423,-0.10578902170534815
1830,0.2265376086923014,-0.5714725450399014,0.0917272019959924
1835,0.49334511661910707,0.6118905118911961,0.0937693772801611
1840,-0.3216343879105399,-0.12844177021301345,-0.629972076355503
1845,-0.2944378602628235,-0.08681957299120388,-0.1397420493268188
1850,0.41246601650608605,-0.15895087205482183,0.31484632801186446
1855,-0.35701012964144696,-0.7895470271519844,0.1351814772053006
1860,0.9299982765869859,0.038100764491078465,-0.12315464248595095
1865,0.08052973285836354,-0.2600870349135287,0.8834173993120875
1870,0.7834596193590833,0.5827244839333007,-1.290359165491419
1875,0.6015717433515857,-0.06066071547879401,0.37887272498619506
1880,0.409147315420088,0.8017722654556717,0.03226763694910839
1885,0.3053574237771167,0.1133079769360367,0.6057954779337219
1890,0.964792944616166,0.3997715887559008,0.48142443094981396
1895,0.44523003869830036,0.6777899355944557,0.006357002950866858
1900,-0.27997005210679415,0.4867965629535195,0.9790008260686732
1905,0.8928452716790942,-0.04986116484747888,0.37418644426475184
1910,1.0736851539541872,-1.0341999800551993,0.9053888142474202
1915,0.14110281172070552,0.08695984836589479,-0.03925218005598108
1920,0.7141668437075892,0.84196728959649,0.2672728693169616
1925,-0.2508048937710414,-0.07972612553118777,-0.4287432780612675
1930,0.2913600475682264,0.16866967803206528,0.5532676091525165
1935,-0.5573329029550672,-0.30818052105689775,-0.46277979277137793
1940,0.37689287534852534,0.39330313485398194,-0.5163839639030718
1945,0.1123958140045061,-0.5863904375118039,0.8829571738421499
1950,0.7139064199908844,0.7107803469023561,-0.15906401022515684
1955,1.593532049357468,3.015619753911972,1.5062922406151502
1960,1.765145446352129,2.2911079915241874,2.053447067807982
1965,2.672653119562347,1.7537095465728165,1.4698713235175236
1970,2.598045928173147,2.0131963449819033,2.395649103358104
1975,1.3991854035538007,2.93369077501387,1.400051641733987
1980,1.6076647618457967,2.0068575468325505,1.811304311091851
1985,1.620803552620814,2.348267444161514,2.066469575921161
1990,3.0020476255677684,1.1414515655816775,2.3959521831313673
1995,2.465455059260461,2.3558385755717817,2.008036685987887
2000,2.647361277339918,2.7145478543818733,1.9404272000515321
2005,2.2715310896953373,2.1872501701142104,1.9723960893079333
2010,1.7980726549880597,2.9679641494772335,2.0538361463819346
2015,1.4881411864794731,1.7619718356162746,3.2973248064798186
2020,1.6502829853267718,1.7322007157573325,2.259636934436457
2025,2.1778837633905255,2.071179385481318,1.8832369574392256
2030,2.371704388405857,2.248150627246975,2.457493158498382
2035,1.8943645394770945,1.1978345468073492,2.1844715695942423
2040,1.8772518593005612,1.3703879363642586,1.8275026741650435
2045,1.3761836852608267,0.713291820785209,1.2108964840977452
2050,2.138070521632979,2.1089838672611787,1.9165112685480583
2055,1.7550163845598366,1.6482029667451357,1.4176249153608516
2060,2.406705088916976,1.5445668187260613,1.493634367789713
2065,2.3431752102651555,1.937328665778767,2.574168897971353
2070,1.8732493342982584,2.197011110092864,2.743393616136003
2075,1.865854492947502,2.308728468649486,1.1184987805948934
2080,1.5736848954547007,1.9643429512841413,2.335693706726597
2085,1.610108891030477,1.167439475565505,1.9828033874307964
2090,1.6097613087584721,1.9632715236269933,1.9972272935559163
2095,2.5406457118597405,2.318101702160129,2.3112921999475406
2100,1.7368113375059584,2.878210244039841,2.59307921364452
2105,2.162338305635492,2.220128410138038,2.041532376459709
2110,2.646423671512988,1.7202191658277126,1.9654043157926875
2115,2.9465436918791235,2.480032058195065,1.839735837097509
2120,2.1161536192342316,1.5358939631190267,2.7183618955664866
2125,2.13430257635639,2.0116863039788195,1.403572651180594
2130,2.2720121873497403,1.878993030680068,1.1857015815096317
2135,2.2130284214454217,1.9501171297703022,2.151563266690996
2140,1.4477600506592891,1.9349895169712021,1.1561260761452157
2145,1.935582562453065,1.8325273696364643,1.6686619371237654
2150,1.391450817349479,1.9178512710474456,2.2127695864707935
2155,1.8744252348742518,2.073308641793221,2.384714223765841
2160,1.9289759506536954,2.840601466464693,2.6690806397579334
2165,1.6104118994621681,2.1227347837346047,2.3591889831065567
2170,1.6320899184539983,2.4385781816884515,1.7403620191073126
2175,0.830313176081941,2.078861269783135,1.2704234337924785
2180,1.6432698388936426,1.5058503222767001,2.139851258051336
2185,1.3736468500236154,2.1044823528500487,2.0531333653551433
2190,0.8437459001443728,1.9084166420708748,1.836499780476922
2195,2.3216249668494946,1.623640269444573,2.5979652585264352
2200,2.3227064607700734,2.4972390680460843,1.3701343717103827
2205,2.2498457191987837,2.1081193833176513,2.1736088043778627
2210,2.1543071356019206,1.3917621040949268,2.8555518745573423
2215,1.6152153570869678,1.2576376691594453,1.9588274348428616
2220,2.2997231379779324,2.3514314441257342,1.6362776161438577
2225,2.026112184902682,1.5970225547735983,2.7573270837680406
2230,2.4041676508212078,2.987170812133567,2.5004932971325577
2235,2.414191888154703,2.5394203151783836,1.1701051940345728
2240,1.9679685426559992,0.9811400820017733,2.3958697869804673
2245,1.6745055558303068,2.6602787468596265,2.9785185698383443
2250,1.822369315170791,1.0178537431459762,2.927705049917977
2255,2.569676768026043,1.9741536550573924,1.7372065466854625
2260,2.5451934215100547,2.301709328972903,1.4902851839585458
2265,2.166292195783417,2.6800050814453162,1.7369633730569543
2270,1.7886794900571341,1.8775268110544214,2.1868720474059216
2275,1.8765730147421207,1.6162766149779917,1.4869322163530037
2280,1.9830414207993399,1.8008596750594528,2.603811134288287
2285,2.209157721373557,2.4769034228862115,1.3199643253304125
2290,2.5557966557899108,2.371436768818266,2.326646231442921
2295,2.0257714631474264,1.5094368071840254,1.6705776441842937
2300,2.2586610629817208,2.7859256784089608,2.439746108545189
2305,2.5579308949890183,1.680899944822881,1.142786307718186
2310,1.5354306266629987,1.2225372183327987,1.2787360878574572
2315,1.8496550330991712,1.9259612157543828,2.1538890806399342
2320,1.8041053282797073,2.076828596792442,1.1856563359367505
2325,2.6565349055188747,2.9260085145946144,0.8155033999888365
2330,2.098012640357979,2.2458706684783794,1.841371241283053
2335,2.9213484329767967,1.94764069643198,2.3944835616199427
2340,3.0105463990251815,2.1782727369410435,1.562563796215882
2345,1.9405248319531923,2.2710031669459765,1.743124094985805
2350,2.2891890370765426,2.555013519092119,1.660908526489082
2355,1.9952762733870941,2.2614868644126065,1.7758893154953896
2360,1.9865765550193015,2.5730190608316885,2.2061611100300214
2365,2.4875738564203536,2.3658759506077645,1.9988492840818872
2370,2.2487683073957094,1.6027639309739727,1.2250329047493553
2375,2.4569193892549492,1.6985705016795187,1.299642937557746
2380,1.674691257877982,1.791768622939017,1.9729158185757878
2385,2.110102235321408,2.494482610399208,2.333677665424046
2390,1.4362191775342137,1.9670921344970704,1.3358097398876316
2395,2.7006750747060906,2.273052914517208,1.9898201999599996
2400,0.614203575999958,1.7321240592968377,2.4249414844885475
2405,1.800551252857479,2.5207264199882724,2.3922957170127077
2410,1.6130152265864088,1.3573084474848045,2.1645080443037896
2415,2.036998951440228,2.0817006295096756,2.3032024406867935
2420,0.2732558800672873,1.3255238134376701,2.3247086828114747
2425,2.2871890967360993,1.239251565757379,2.4482647529984223
2430,1.8410249145226412,1.690373387583668,0.5204069805070464
2435,1.7868696868557734,1.8528833429744684,2.4683501938228263
2440,2.1923642650760398,1.8473563353433655,1.8835223736164879
2445,1.870703632059728,2.225325627588384,1.596146439394685
2450,2.8501874733825914,3.3828233420406866,1.0827373131684357
2455,2.7967847618666855,1.7245742501591885,1.566245297178062
2460,2.0588394879702907,1.4016360210478196,1.788149732488321
2465,2.5529752937964623,1.5651624011745418,0.9442114909124261
2470,1.9703204127226845,1.2002432985428917,2.08012061845734
2475,2.1568827153948953,2.5265658056128517,2.526891746514243
2480,1.967372925333024,1.287515386637287,2.0388328626406342
2485,2.2263830066699355,1.5781584593361264,2.5703910650432835
2490,0.004810341205087258,-0.3991886879587002,0.12242980038174948
2495,-0.05927982043313847,-0.2754670281247221,-0.3003384416060493
2500,-0.42972174894913323,-0.42341444971992426,-0.32007614100103654
2505,-0.28295073307402246,-0.23359114208271034,-1.4127311095130795
2510,0.19398680469619364,-0.5266130568264811,0.8198637970388319
2515,-1.0664281969274003,-0.17114134247405502,-0.06881652430447004
2520,0.19952979913894586,0.05885427844032172,-0.7873581369928
2525,0.4367085258692398,-0.3606442009160798,-0.21634559495405947
2530,0.3273468803262028,-0.43578952472106114,-0.8961286030680723
2535,0.2571114452105925,-0.24487364177751916,0.6581302267441841
2540,1.1586681502075817,0.023940786005708464,0.9618669416338438
2545,-0.08349088512221585,0.07262471658329717,-0.5126878389563753
2550,-1.113106530479404,-0.7948451586748968,0.11777873144949486
2555,-0.5211940498313213,-0.24278002023572218,0.8701318294866595
2560,0.09844655744080602,-0.6396416721025158,0.06286752079465241
2565,0.24986761844962257,-0.05802403814383407,-0.3134531165748803
2570,0.5236485212338639,-0.05300312061805271,0.052036653966582226
2575,0.05641763905269185,0.38654178636583747,0.9459674071220167
2580,0.3595801398809643,0.5026991918175729,0.5385833301364662
2585,-0.32642577148803253,0.23955829129142212,0.3694803110669195
2590,0.5328762330206395,0.5372835683633479,-0.2909505256945085
2595,-0.06664900197550269,0.22076935131296638,-0.2476050230409966
2600,0.2512764049084816,-0.24441640259894007,-0.37770826189539314
2605,-0.09305400640378524,-0.19317377029131924,-0.139477881627415
2610,-0.4032436733154796,-0.1412521908405437,-0.6316767737086333
2615,1.396984241666299,-0.38147429118627924,0.17602206772733983
2620,0.7967501938560723,-0.1065885610756596,0.2934860950579137
2625,1.616399742806389,0.601537709064985,-0.9857234572611925
2630,0.9104194685167514,-0.8592359501968309,0.1862464089254022
2635,-1.1034295729887895,0.2526364073480385,-0.5601634565712764
2640,-0.2561492334774783,-0.4734908927961249,-0.5313787771581234
2645,0.2884725645660168,0.17001675457788337,0.20137796411004935
2650,-0.15020343019802965,-0.15307348623587388,-0.513141613072668
2655,-0.07777378212007142,-0.2524046101019687,-0.11414043106090416
2660,-0.45579329208993863,0.7661980694074096,-0.35876510002228273
2665,-0.40130798138490037,0.7291399747395181,0.6697194709066282
2670,0.47034055247056883,-0.2442363102677421,-0.2569856915809511
2675,0.06636008973566469,0.4401191677238299,0.1643794570153228
2680,-0.41533878270215946,-0.30827729570602663,0.5544980151772978
2685,0.6682350628450792,-0.05552903194104927,-0.6014657387690391
2690,0.16360701535173708,0.5681097138631751,-0.011642771477920226
2695,-0.2943065424133785,0.2825775579185737,-0.04926341122779865
2700,-0.16662242249006842,-0.7129643676640255,-0.5099677375733191
2705,-0.9433148624480574,-0.8987047205901915,-0.17478988573874357
2710,-0.3199398391174114,-0.5007612457285633,0.142511320590473
2715,-1.0586160216294103,0.40971006319381176,0.020628539347154723
2720,-0.16496767259785858,0.058416760916613776,0.30182209466496585
2725,-0.2163902951362013,0.28517051680128885,1.0359352533374568
2730,0.5323589406459885,0.6232439255778001,0.13090298029897693
2735,0.04796998398715441,0.3571716452659016,-0.23327751623888804
2740,-0.14038410192552908,0.014537562924061258,0.5008543321118848
2745,0.4996920372906061,0.08798275715596425,-0.15619521750852233
2750,-0.4448592344366371,-0.8431702920900365,0.40792449446869866
2755,-0.10744064607828879,0.5564938794002322,0.12898890860691536
2760,0.7356311085540407,-0.36926718653806917,-0.0256695777103246
2765,-0.3274308568867628,-0.5780690014930033,0.19608364106548523
2770,-0.2656145154029071,0.657342150200972,-0.7086146221609937
2775,-0.17505204829630788,0.03788504458854637,0.6073171125300315
2780,-0.7643148641277756,-0.3322514994462058,-0.06332240765013099
2785,-0.05722932853499113,-0.20667972929023803,0.17064499015382661
2790,0.5133332302032008,0.07911544114222259,0.23626880892837007
2795,-0.08593801304534146,-0.26835051416673095,-0.1705231170651133
2800,0.5683412814318076,-0.17030665911146162,-0.9896874675108185
2805,0.6259242027927805,-0.06283461628733192,-0.58626429316827
2810,0.07023400485769718,-0.370539232154311,-0.154133237777546
2815,-0.4584420428389665,-0.45501620825580036,-0.04481506636739256
2820,-0.5397320583678937,-0.2515550209174115,0.5433893789769115
2825,0.29200968046466064,-0.46756099868879625,0.12351928107451178
2830,-0.2360238637516269,-0.2823359679748269,0.07247954488757075
2835,-0.21538198862253569,0.7415388415231516,0.7566770991077486
2840,-0.1918788083399073,-0.16489119043167907,-1.31335231943819
2845,-0.5126906006886158,0.10530821413740504,0.16334247899824075
2850,-0.39027581577299136,-0.42898272588326386,-0.4725425268846818
2855,-0.10774111527582227,-0.056018615578373926,-0.07750952804666052
2860,0.4874617680736531,-0.21068562832860288,-0.09975739212887592
2865,-0.2737457362399714,0.3647773542541079,-0.040238999287315426
2870,-0.23133552383071998,-0.14892918904590036,-0.24048311423521979
2875,-0.11673988312527538,0.5925888801465556,0.7767778165752567
2880,-0.020004614168236033,0.42712004616906923,0.9985326858414771
2885,-0.2704880482382924,-0.06210511042302125,-0.09221066464173643
2890,-0.14455741110474876,-0.5791006381694739,-0.2539650601985393
2895,-0.2469597154081744,0.870905815949523,-0.5741461758682893
2900,0.10887148387244316,0.22021691833217,0.4703335079680877
2905,0.21239109712134258,0.3602684070471862,0.31879615090749336
2910,1.0885019333701311,0.004441747497401394,0.4416217308194204
2915,0.6917955737071131,-0.06777593035963966,0.3031753809730299
2920,-0.23156794654433618,0.6354097125182593,0.19165178610603728
2925,0.4980344281971978,0.7584841643447383,0.3599798115377753
2930,0.2179437132307576,0.2742776636544981,0.13028524439967598
2935,0.8474168338779831,1.1034866767321436,0.19040212876245693
2940,-0.37242018519768083,0.2741869295160978,1.1147170623078555
2945,0.817470620529908,1.1920272656669177,0.7892389802046526
2950,0.7072763262643479,0.5619583877257692,1.1818855306044167
2955,1.0006762723018385,0.5813257772755317,0.7243259508680875
2960,1.6136600347585008,0.9225266591271761,1.2155715765209876
2965,0.21780627773498484,1.9168846732142026,1.0290102964152505
2970,0.47822851530695587,1.281143455240542,1.4169307343712458
2975,1.1997275311859206,1.528933692926992,1.3351064924656035
2980,1.850060324372359,1.885505917544998,2.0430769281672565
2985,1.4492879343271712,0.5827959949060721,1.1738938521226117
2990,1.3809524043012498,1.1883855789457223,0.764757843933357
2995,0.3786326135401407,0.8731824151925902,0.8807037996122782
3000,-0.1510848594190961,0.8065742089990379,0.5708971643857059
3005,-0.3597691083825004,0.36131419967828204,0.7349125440164763
3010,0.14415761480542144,0.22779828099567181,-0.5065929032939459
3015,0.6222368250899016,0.4401346824900646,0.31126893994309757
3020,0.05115285836973235,-0.11057454687117368,1.2078086119710432
3025,0.4844668288120668,-0.25286794483212827,0.5547297038118725
3030,-0.4565130820856217,0.11045236020798135,0.04549449356583918
3035,0.10919620379574035,0.9912497186882396,-0.18771486735743834
3040,-0.42088509437729327,0.055649583794514734,0.2946781243858463
3045,1.0145601055388402,0.5907405943997052,0.4930596569455501
3050,1.534871262423723,0.028763898998804688,0.2452202499029381
3055,0.4502174044576652,0.7586724728341261,-0.6755119547003736
3060,0.3283473075565042,-0.5680604923304537,1.1329888078759316
3065,1.2507351007972622,-0.15711513178529468,0.018543733130706536
3070,-0.11426946680069897,-0.5348132341018024,0.21512731773076083
3075,0.5888602347124907,-0.11105315269435204,0.017810014573558686
3080,0.5943069739140959,0.3367656324732624,0.8561822754653137
3085,-0.1602150890116038,0.22714436387125145,0.6057536930980901
3090,0.12480973400405801,0.17638620122579457,0.4462143454447226
3095,0.06799360963181363,0.48127607465139227,0.5894280414139652
3100,0.31392010349496696,-0.1588468049210942,0.2618716695494835
3105,-0.9210181514093763,1.0030880308309467,0.690355801745593
3110,0.9716259720245695,0.5733062039606233,0.18143583721472392
3115,0.1320772546732838,0.16785389661802436,0.3355484504703304
3120,0.4898834740712451,0.8727333878818003,0.23840158201457215
3125,0.27097423910367413,-0.35395022175827523,0.4297890867396662
3130,-0.04404149133919452,0.7065372821747037,0.389159394582402
3135,-0.007585729610012915,-0.23289933049348235,0.2599397018436592
3140,0.6853014663022567,0.5804841147458758,-0.5633706539305539
3145,0.2502765879193379,0.2794074426861995,0.262811495005815
3150,0.4103679717236669,-0.17508006062397788,0.06330189926424845
3155,-0.18059920965830376,0.5761328417884523,0.5295252422602712
3160,0.5514955093409923,0.5723540473058705,0.2916218769364738
3165,0.46202738109902214,-0.010947459059638398,0.2623239265198247
3170,-0.48397323609288956,-0.5982104897168866,0.4606202464353759
3175,-0.5664806838665132,-0.3445505775537565,0.14330584141012603
3180,-0.15398023045400808,0.3798582587565722,-0.6111092716555444
3185,-0.2001187398277706,0.191794228482137,-0.07104109665170202
3190,0.5389936150629142,-0.10673854348064837,-0.8878872789511739
3195,0.36293656281319137,0.28240439000881346,-0.16039381157492125
3200,0.5845557300882941,0.8460795969596175,0.08692608970076071
3205,-0.6337930586840637,-0.36880266090816016,0.5527781521046132
3210,-0.43523394542626703,-0.0036502046935477372,0.08371536162011736
3215,0.2848032405331187,-0.6856414236740556,-0.25106949208096796
3220,-0.0201102148779857,0.4924744046060545,0.2564687908536207
3225,-0.19500164755040494,-0.35213171024223966,-0.8911895935499898
3230,0.1979536133368311,-0.23680198996302462,0.8779742044969403
3235,-0.41472319258332224,0.5953020296097997,-0.15030318272772528
3240,0.15381064276892323,0.5584359439138517,0.23356808852913985
3245,0.10407733127728608,0.948294887850652,0.49719727778896206
3250,0.4244480831511037,0.5538524975658226,-0.15572151801280965
3255,0.10183583475902794,-0.2737851053663022,-0.7024518997484015
3260,0.27080393074464704,0.15025356816540664,0.623604097860048
3265,0.5263780921047967,-0.6922480888555378,0.05566786509974918
3270,0.6950163625136523,0.2134073772099797,0.18078130292527272
3275,0.5354896602535937,0.10048977756885172,-0.2955785717212462
3280,-0.35285323009450253,-0.012281095732979086,-0.6037634180724287
3285,0.9204760756586285,-0.025234171669561045,-0.7029220845569668
3290,0.017940567938302565,-0.5243083188762995,0.48338745265285654
3295,0.07976864336661801,-0.2996286872190251,0.23126328374920221
3300,1.1141627930622184,-0.38226627045667605,-0.3429252450895105
3305,0.35356452165258717,0.44414420274866995,0.2954820026702582
3310,0.3052913966153075,0.24037616721714627,1.2502231473203014
3315,0.251253612646732,0.8641623719111133,0.5571048146220539
3320,-0.46773451673074884,0.5387319228671303,-0.0002923977702245506
3325,0.08367441581969554,-0.1939149678627601,0.4966078217807699
3330,0.4767653694927918,0.6012928320836699,-0.03464051158208312
3335,0.7406484057519245,0.3453530732178929,0.6447703219312715
3340,0.996339274694399,-0.3263062567890974,-0.04096071346812441
3345,0.39144129527360827,0.6341841525822798,0.6282190939313289
3350,0.3842110775323905,0.6878728663466166,0.2674944856525201
3355,-0.8706415273776817,0.17087149048986078,-0.4408856790025838
3360,-0.8716677951380767,0.7060536422323658,-0.6957186722540369
3365,-0.8819136232037718,-0.09121078094127452,-0.3278435722157699
3370,1.013065256150986,0.6067623197309358,-0.538361827629132
3375,0.6350656591333962,-0.002665405651680247,0.8798074211980523
3380,0.3087210112488302,-0.09876479564975352,-0.10266659874229161
3385,1.3622385599558244,-0.13244695921442368,0.6530046935681366
3390,0.7250036469070826,0.5177903189341685,0.3263414061946104
3395,0.6589772463483574,0.41291045716848795,-0.05007808985744794
3400,0.5067581091346406,-0.025279166738340464,0.3148256773040017
3405,0.16751808557905534,0.6883474675660596,0.1114977827866576
3410,0.42453815293367847,0.2582484432521514,0.7217085680310329
3415,0.3957138636260076,0.04560820834953472,0.5317014945648064
3420,-0.3106952913108651,0.0835052116536465,-0.10245221499504423
3425,0.6388211497002948,-0.05682482361755814,0.8536234051676704
3430,0.06646009539672043,-0.06858091470304067,0.5234004726730013
3435,-0.8862052098541449,1.583371140998652,0.49818753769369106
3440,-0.7229550621811567,-0.10881185665006851,-0.5829302745981256
3445,0.5848143828520039,0.8056656506841025,-0.5384268316996764
3450,-1.0804430240893002,0.6059877542460708,-0.07273243535151835
3455,-0.5474105388939638,0.4127725833747574,-0.2833152627479716
3460,0.430012792644052,-0.13240873748019688,-0.2894806343465931
3465,-0.5248430710817873,0.23370367366375944,-0.49723883846253325
3470,-0.28835167261872297,0.44814537007439825,-0.27372065144655655
3475,0.6673845459336938,0.7453211995808717,0.2690428973795591
3480,-0.48737926187631714,-0.3849133888611784,-0.23688839483585122
3485,0.22325155424287496,0.22553176645402315,0.02602796467155441
3490,1.9217194370612662,2.24285530396177,2.7178499588853624
3495,2.179100420670891,2.450949330123536,2.005534330463844
3500,1.08653853035314,1.5847600977539378,2.151902809709138
3505,2.142103079350928,1.7751954815823139,2.3545942949838885
3510,1.0293204497512156,2.068959098071285,1.2498671925480744
3515,1.9165488805678375,1.0017936548949868,1.2398911347999562
3520,1.5564507468533595,1.9497174253772418,1.9105730179263487
3525,2.582427558488701,2.3695291850133913,2.3504431810630515
3530,2.3577362531045836,1.542793486383963,2.607787836373733
3535,2.0829123461778494,2.2160053554252075,1.7400520888604112
3540,1.7706828822805363,1.3033319243165207,2.868787179352876
3545,2.2342988816549854,2.381520000691201,2.7811697744934607
3550,1.953421143775574,2.6191195937693896,1.1350256635817455
3555,2.238648922929811,1.5338652904238375,2.6130857901388147
3560,2.595020151756952,2.3883367135268037,1.4470429426569664
3565,1.9760466195687456,1.2451707966869867,3.149628040205553
3570,2.256031676795182,2.0881981109832446,1.2539473204096367
3575,2.385623151149805,1.5726259403736835,2.3178640391443577
3580,2.0819529505343164,2.5092961507895586,1.3366869999522093
3585,1.523682035613353,1.8474741248268869,2.199030337009848
3590,2.6686639136092825,1.9744000137482387,2.015576642686795
3595,2.038854938840082,1.720932918848858,2.1271479834847717
3600,1.8076373985991436,2.04122215200854,0.7984346485171665
3605,2.4233897378002696,2.219792311444121,2.3928627631723645
3610,2.1672111694003173,2.226029155582668,1.8158802897386586
3615,1.7697993976061948,1.6569667203949097,2.5844715240477134
3620,2.125543758190721,1.8750559783117011,2.2388645440632855
3625,2.3622090606888744,2.1379017513789127,1.7038798594164688
3630,1.7444393806821024,2.9737402013871517,1.5509830680378662
3635,1.5429138677575174,1.4660931460178614,2.863035481964426
3640,2.261299406941287,2.2340310926016484,2.0489598624195096
3645,1.9172807967110506,1.4841587935068687,0.9440413233053732
3650,1.7710770467638182,1.705595796279191,1.9147234209251016
3655,1.5184585036421379,2.132417141621904,1.4890667640298374
3660,1.3601010412739987,1.1008953154072016,1.1983726784781783
3665,2.4919313124726963,3.2635515609908228,1.855505370224475
3670,2.205492593061994,2.272004731096142,2.4603031142511576
3675,1.2361413560591985,1.7504128191316675,0.9956336552329424
3680,2.038764070682361,1.374980099487996,1.1389429849262545
3685,3.3345158644597728,1.2404808294438174,2.8752556627393613
3690,1.9013174802403416,1.2790744734489283,1.814908877743837
3695,2.290992781373393,1.8773245520320196,2.44626347457515
3700,1.325407390327738,2.891313841718174,2.0111821638086225
3705,2.1660404145233185,2.2911155641260175,1.5496720678275369
3710,1.2564843566103578,2.33543070396952,2.0681595977924117
3715,2.494616735428183,1.6959202846810353,1.3724361356482124
3720,1.6455319339606884,1.2029265181111546,1.637163175821529
3725,1.2025638860263976,2.6627432382610468,0.7365196928889794
3730,1.621713837776907,1.8254278116816562,1.49414132949142
3735,1.2379396344788598,1.7631876551656167,2.7695871302437114
3740,2.538533072907142,0.770354728216003,1.8139524486630831
3745,2.122686510050633,2.2151094605043395,1.457259088565218
3750,1.3159869549124643,2.0780087834007515,3.3545193403143814
3755,2.273074130883342,2.1867035636282752,1.6611213663579811
3760,0.9243927749019074,2.3810458320746966,1.9698591331742727
3765,2.2479519475802303,2.1403648561324617,2.1999581126136865
3770,2.6606644223144444,1.8501668871785402,1.6293882247502656
3775,1.9290643468751776,1.8229923749269215,2.411687619684988
3780,2.104177208715684,0.895435688159205,2.6407706828805617
3785,2.6063499787295643,2.429325058804614,1.9600764041224448
3790,1.6771141977199797,1.073432760660598,2.1169672633732954
3795,1.976845325472269,2.601621976820897,2.169119422636238
3800,1.3556057929367333,2.5524189456920725,2.1267045774121986
3805,1.4350999817582888,1.2548850770709277,1.550540136721405
3810,1.4829313120104168,1.7332635200997462,1.8997289652982874
3815,2.6055606609715163,1.820214266588171,1.0472371880695843
3820,1.9613208027123097,2.076683551538042,1.3817059086021488
3825,1.7271606762035452,2.3037726681280293,1.4717448504544803
3830,2.1446738381219497,2.6859546308802447,2.934144031153018
3835,3.211128118966786,2.423802968507577,1.2945816286455922
3840,1.6063823735065559,2.0894565994503234,2.1168426548249206
3845,2.674748344797817,1.0047399197082503,1.8489091033015106
3850,1.7312582647994446,3.205691912567538,1.8507210901447055
3855,3.060020582060195,2.1709437184327136,3.1763749434100172
3860,2.1327170877812685,1.9745029618421124,1.9751661169161436
3865,1.7719233872062474,1.5516948248475937,1.9314664918100983
3870,2.91932168790295,1.9086636479001293,1.929588503097417
3875,2.3438154243297626,1.8038540272667563,1.6279793712473667
3880,1.8829772318530589,1.9107207260082277,1.6807002937575481
3885,2.4358050359020678,1.6428204312740895,1.8330277589348298
3890,2.232630130391638,2.166455722443829,1.8804576075155166
3895,1.228417946658209,2.12509650015095,2.1040074810340346
3900,1.521723282123175,1.74071225470992,2.9335141488876486
3905,1.854200101718567,1.5628622273896606,2.136502933753703
3910,2.2500128563185093,1.4164089598657046,1.2249815324714333
3915,2.0162008723207268,2.1378054785863583,1.6209807142465604
3920,2.15322293834267,2.2520108595450754,1.031450883315184
3925,1.5343756844180925,2.373929867436355,0.9463149170248286
3930,1.097939482447689,2.4925958095907443,1.9408302403516653
3935,1.1965635764800333,2.5165740100632465,1.9680261140925197
3940,1.2995864473304217,1.565806083059556,0.9944536446772789
3945,1.4568463520447463,1.9841921582910989,1.4882518503453157
3950,2.512144980459252,1.7111528077868043,1.3672959162336626
3955,1.3594851522356899,1.6721702805026573,2.293067870407661
3960,2.1786858772141047,3.3420313380920055,2.375689273062653
3965,1.9680530787675194,2.9970955597755067,2.048351815365105
3970,2.1821530187246543,2.4182422817726454,1.5164331965960116
3975,1.396777873495116,1.8572727414095072,0.6433048987916661
3980,2.7909106525007044,2.0697227054419463,2.7539881439109344
3985,2.1374505498991643,1.7109517145042068,1.658072173023922
3990,1.8699932993852695,2.5162397082328543,2.529852668899597
3995,2.367370333476079,1.5173592565356202,1.2302642255450085
4000,2.2587504990651306,2.333551657020491,2.875946614990062
4005,2.1844233752275666,1.5707919767985445,1.355685916881704
4010,2.1856307361359044,1.929627203372193,2.5318480290415963
4015,2.0050134175010434,2.3335246528703477,2.4857338198310943
4020,1.5181494333138101,1.1332367438827045,1.8960920570726687
4025,1.9805825256857779,2.694157422260612,2.055503133394835
4030,2.328606765826794,1.9108804790692209,2.3954581213466457
4035,2.1474790802146955,1.8424444142935947,1.183134580107942
4040,1.7429334086828319,2.193400102339366,2.2501207052381496
4045,0.829819196938103,2.7043075724691565,1.389624341610112
4050,1.8450757948471992,1.8014905712856084,2.388187222444384
4055,2.593480356942883,2.554222443331597,2.734760092076189
4060,1.682545951137692,2.3211010022358263,2.2279027771320097
4065,1.7566894386239502,1.8159633803560737,1.8580566082389791
4070,2.3391778704793644,1.956030679501004,2.2259099045066613
4075,2.794231072430767,1.9959327431719724,3.1950201986126263
4080,2.4762581663985417,2.246237211315739,2.467456259494329
4085,2.5893704651768337,1.689066533675014,2.3872014766766374
4090,2.2971051028253844,2.534461949306873,1.208320106784886
4095,2.0906236990197837,0.9601664830156875,1.714953056411022
4100,2.484499932784368,1.5928666233915632,2.1620618173343065
4105,1.92685629009859,1.530242746095915,2.0924277605695605
4110,2.6821984043188007,2.0170636561331654,1.2293572227826894
4115,1.5156836885303138,2.4234964916288315,2.776616677013617
4120,2.9751975889626836,1.8393834890067275,2.370638614260687
4125,3.0716623419730844,1.939693995346208,1.8969681616368226
4130,1.781130857729183,1.7270239628410415,2.4478045393698276
4135,1.5125380701983056,3.2470429783793,2.1557050811138434
4140,2.195110959615717,2.680186532081331,1.9414975573299775
4145,1.5783853658211606,2.058076068282029,2.586325978693489
4150,-0.23955999762122188,-0.024248765827132496,0.4884990484531125
4155,-0.4657584827763636,0.6266917946503707,0.5030881975021997
4160,-0.5919131402098211,-0.8096165521228676,0.13809728305808217
4165,-0.5284886096804603,0.6545507355634383,0.5128917866604519
4170,-0.08004386479425639,-0.34423509935409274,0.1642493951805762
4175,0.6877327906653125,-0.20893672613219294,0.26265556721131145
4180,0.5771293577381885,-0.6645461296239684,-0.02062968403034313
4185,-0.20260638278828488,-0.5946024467460587,0.4987003334487508
4190,-0.4634989686256592,-0.08896433422848307,-0.556009780928581
4195,0.3364132848148293,0.6167260123401195,-0.540745888124381
4200,-1.424157635422878,-0.5668269873338855,-0.4069131070673668
4205,-1.10950646993234,0.4161720840897963,-0.5032513509781872
4210,-0.8149702356643104,0.30136776832582485,-0.38894173550010197
4215,-0.8427454536317586,-0.20130833351693853,-0.1766483326582339
4220,-0.2748566344729639,0.8246067769122044,0.9621904999943387
4225,-0.16469612461591682,-0.4720429439098307,-1.006159149997215
4230,0.19397257606084098,-0.1392393214981103,-0.5390355312246532
4235,-0.07677442502210888,-0.6690859623969273,0.6479293611041318
4240,0.09434053528776215,0.35627758351270233,-0.0016908808477815907
4245,-0.3399238204347029,0.6606357668474954,-0.1561932140120438
4250,-0.48547884649612166,0.9816203506196945,-0.15688562654181637
4255,0.41987274363229166,0.5893265739548719,0.17814440944295132
4260,0.2833563591351681,0.32954234434814533,0.1763942902252113
4265,-0.024899868484696913,0.07187968022264847,-0.5434501666622539
4270,0.2970419175483371,-0.8797685161102465,-0.5852236715686374
4275,0.24275210599838587,0.11170787533385619,0.39217722932293264
4280,-0.26084521688361906,0.04694214702728397,0.14598357333538964
4285,0.4471939833387654,0.07738185814864836,-1.1191596786389846
4290,-0.11206522501873309,-0.4308481939094671,-0.1267242879685004
4295,0.10597123457892325,0.33498696656294535,-0.24913369028757618
4300,0.4988352803926602,-0.6439240576093039,0.3563884981790323
4305,-0.022346477490542065,0.028946582252810646,-0.46668076022724997
4310,-0.5503923947844923,0.7199107607467032,-0.09023363656564377
4315,-0.044216040550555745,-0.5782023307829937,0.9879481006185472
4320,0.4063687998839787,0.3152773132547292,-0.686546309397417
4325,-0.2020078750941596,1.2538512470397112,0.031996693347266916
4330,-0.07427004292557435,-0.11434169246829229,-0.4196571139535559
4335,-0.7448743042253797,0.13708300810325788,0.27137707364078834
4340,0.7608768988271853,-0.10306641715709915,-0.34254468667483556
4345,0.9687177057891194,0.6009111828765764,-0.6315799345121825
4350,0.8780858725896511,-0.19158212984859835,-1.4119421721186833
4355,-0.47638114038509094,-0.5287877943247327,-0.16500152858033615
4360,-0.12019573753107053,-0.6630244579883952,0.37119021403610114
4365,0.1517517715317,0.12001759470135721,0.7356512717785233
4370,0.06499762915695026,0.39233731339637495,-1.208502138989854
4375,-0.33555672896696936,0.1260435213511426,0.5315525372161825
4380,-0.6007919399708702,0.2674532963079635,0.43738192030889145
4385,-0.3368223522893471,0.12618015424944212,-0.10813105692830063
4390,0.3562184278948029,-0.30097462812555753,0.47915952120284594
4395,-0.38564227647718563,-0.5816314282221645,0.7425844226839179
4400,-0.5805008301889896,0.06583497793112753,0.21873616530481996
4405,-0.4224271841106027,-0.16319189389295605,0.29411161621065623
4410,-0.47930320095422185,0.31179546320305845,0.3953119172270072
4415,-1.044573083602797,0.6061735932613165,0.7807103380096926
4420,0.6339109999940616,0.7541354830918409,-0.64965150526221
4425,-0.556982927710916,0.01319505618188319,0.06281920913483055
4430,0.9969446756573825,-0.6543501823733983,-0.06519248485299058
4435,-0.8695694319837597,0.12448375580965566,1.079831405875072
4440,0.8452008095652561,0.2105783966145595,1.0473126076689734
4445,1.0561183630236441,-0.4242244664740049,-0.06914544318906819
4450,0.32278286384740723,1.1630812634113705,1.2164844623334363
4455,0.2608559270127525,0.6391619138528762,-0.6013457434341298
4460,-0.4450072418551846,0.3351835453108852,0.4423121403303678
4465,-0.21852127478577715,0.27676549464560485,-0.5689043290630753
4470,-0.31764518226989574,0.13196536346229026,0.28001741667378305
4475,-0.6493631055941199,-0.566624059902858,0.3289666109085118
4480,0.6011429053901827,0.644908130390663,0.08686189646700346
4485,0.28085519475248866,-0.6336596715127744,0.5659141719837658
4490,-0.2932189396086963,-0.41001662346828593,0.9285645060618338
4495,-0.14481056628155803,0.455095664737056,0.612288180914651
4500,0.031133146725717778,0.22153246388774053,-0.35973310096454425
4505,-0.08754678350058354,-0.3935088380261771,1.9610824699677112
4510,-1.128094667376522,0.4988279188716148,-0.041081828047284136
4515,0.7188550836010743,0.7977984872116417,-0.2864198789211371
4520,0.351066279691878,0.6421300721206724,-0.04868136299893949
4525,-0.1295973163773413,0.5765515571323372,0.6665267450219783
4530,-0.336839558814135,0.49506802477007555,0.6271731430685668
4535,0.8329739086491232,0.6009883810934237,1.0405602514450845
4540,0.9401483070100017,-0.20554019642198595,0.6100401480205542
4545,1.1100881478173825,-0.1595620967456658,1.2214766777597466
4550,0.8463521791208389,-0.3254196225542305,0.8809700369923592
4555,1.4529346898457918,0.6578804065925627,0.6193597909882005
4560,0.3087942888660572,1.3520473037937508,0.8392993550827319
4565,0.8730034862793359,1.7907185954871139,1.0233062319273205
4570,1.1760711035318498,1.1445668051584292,1.579590715027031
4575,0.234669455574121,1.5523689481050744,1.922112294432028
4580,0.9661860159974516,0.8386752121032135,0.9535343361235775
4585,1.31739454573002,2.0352326448169116,1.280727519651785
4590,1.110022188230136,0.9855577809637918,1.3640958976887112
4595,1.9225402950900143,1.8656813866401996,2.2228915396095696
4600,1.7871377821046386,1.842244683557895,1.4369318828382136
4605,1.847555766221853,1.9041260149007997,2.9073768338596695
4610,1.230581641439147,1.3967793386776242,2.915425620729827
4615,2.1704232488878326,1.1808104762184124,1.85874682779292
4620,2.1991207274464872,2.1096902898745586,1.9431540305288402
4625,2.6148237260809246,2.1005586486262793,2.622556350378004
4630,1.9239439200417081,1.8913826972621068,2.0219515986619925
4635,3.2027296323114123,1.7987961210271834,1.659600632780857
4640,2.461541318111357,1.6652942553480878,2.9185754030517286
4645,1.1218170924555444,1.483188326906388,1.2616972131475632
4650,2.40951305155666,1.2629420276779126,0.43128270915133815
4655,1.5156524757063776,0.39914344080268105,1.5739905765060926
4660,0.9763252521776304,0.5296282496459566,1.404411432554698
4665,0.6435025876723582,0.39495860732136245,0.6822780118080247
4670,0.5604586237479393,0.6199962480303534,-0.002273170120166701
4675,1.2380164749405254,0.381287738427898,0.9061431504769916
4680,1.4218201784354558,1.1555191718046538,0.9640420443165798
4685,0.24056171593091225,0.12892876124822622,0.4075044829824281
4690,-0.06478881292746419,0.52820759285356,0.10776219966170192
4695,-0.4459255005940975,0.6429746742946577,0.7591931720917593
4700,-0.3237957591759542,0.5252013170432158,0.16647468510700303
4705,0.08405714286422834,0.49951095270044654,-0.5206622205241602
4710,0.10304197815160619,-0.2465436409564382,-0.2068073239656306
4715,0.9633143899064047,0.7886419020154476,-0.2098805199422585
4720,0.0030447192150677427,-0.5468311023811411,0.7610086649911338
4725,0.24511065219761935,0.4295779296061479,0.35768296197888655
4730,0.4254388646222246,-0.16152094602223407,0.7293084577586253
4735,0.5530737233672153,-0.7835601604625851,-0.7578901837435112
4740,0.3558168889437206,0.6965158692229301,0.4239738788218139
4745,-0.7093459534452121,0.394816694241636,-0.21417059518948167
4750,0.7022075903751702,-0.4428226825476108,0.12526516335692345
4755,0.45884854042064704,0.7342115666098686,0.18972113792850986
4760,0.42460414656102996,0.12126022263695206,0.492745656261095
4765,-0.17855781440605492,0.8631681983030051,-0.2966261093567827
4770,0.2763838843937909,0.054836509014467946,-0.26428685559502557
4775,0.8000096777368122,0.035345558665817095,-0.5128231753263081
4780,0.1341228620587705,-0.440990296638766,0.26771112280944187
4785,-0.9595406863659564,0.37095650980700945,-0.5155017309780514
4790,0.6088084443616952,-0.7229118092230099,0.4238609026442274
4795,-0.63718187402896,0.042841384942205435,0.6951451969081821
4800,0.9736790749859436,-0.1730613587920579,-0.2916771497632069
4805,0.04887670263619254,0.45393541586110664,0.5078398151653402
4810,1.1998566510531965,0.7578774901586391,-0.21754634611846171
4815,0.9448150186069353,-0.12663904413681834,0.493185412087988
4820,0.04967435785714373,0.5619752525453474,0.08228379199802328
4825,-0.5452517179111706,-0.11051456472023,0.22569161691395445
4830,0.30660645241736595,-0.3513235823280674,0.6719939097189135
4835,1.1659824817384783,-0.05866770925728171,0.2815705076501689
4840,-0.015160836719536996,0.3861901677579583,0.6827692105649017
4845,0.620052602070821,0.8870152024197291,0.16969217723786684
4850,0.7389927205081034,0.18759649190257036,0.5217858620543346
4855,1.399045546046593,0.46481776421449766,-0.233655350870662
4860,0.37877544565962273,1.1903836088421085,1.1252245439591946
4865,-0.03194812004790376,0.35588479097781345,-0.31333084086462204
4870,-0.00972381800574626,0.38155980245626353,-0.21389167668958717
4875,-0.11552200236641677,0.2961619075169885,0.021037470510697986
4880,-0.44152737500494754,0.08930518526081496,0.21076018790971293
4885,0.8476772380704064,0.12341040937123128,-0.3324353581937466
4890,0.28078784111731736,0.4402408517972464,0.9675168589017578
4895,0.373679930011952,0.8711544941111687,0.3625574260229383
4900,-0.07331226077033964,-0.40806517569478307,0.18401637381302244
4905,-0.3222896446772254,-0.11509101010846393,-0.4101206457780151
4910,0.21764014760864975,-0.12534071587808987,0.02548824447162973
4915,0.8916280734351454,-0.04565825544588642,0.0774330341029848
4920,0.16719392305089845,0.31350340453117836,-0.6045490185070116
4925,0.2833330282915552,0.12337189918582636,-0.4737917226741071
4930,0.7793853534905003,0.9952357359062854,-1.1511277747323276
4935,0.504317252662357,-0.6704031410086999,0.21295708027612104
4940,0.9209211892915398,0.5419832241143203,0.46802996875019354
4945,-0.15257290923905484,1.2596976758452973,0.40454779628568915
4950,0.2574315809608239,0.6291526587754036,0.802537221797043
4955,0.026151715209214582,-0.17331695453058954,-0.03288764751914103
4960,-0.19127570640094238,-0.44280447699433867,-0.4079291803081011
4965,0.1595203163447517,0.2609719450769313,0.38519922229474823
4970,0.1343178957287241,0.5113376052136741,-0.5805972489588909
4975,0.3430100556299813,-0.5743738896583732,-0.04694093121019152
4980,-0.460511505934751,0.7038384220353332,0.3336460428691414
4985,1.2615520324357692,-0.6918897748004171,-0.1729282150417315
4990,0.5164676795037899,0.6712157277202564,0.5883289493229298
4995,-0.36612375516858175,0.16248303053944016,0.24333076123638364
5000,0.9252259272485704,0.3904548994405057,0.07075483454919079
5005,-0.2025296155074527,-0.5348123495231021,-0.45050719758033175
5010,0.3177622156571569,1.2329100961417407,-0.7635445098823666
5015,-0.11847877754536235,1.0441126079354395,0.5767063202292477
5020,0.4623260336422166,-0.8561327059417193,0.333824490435771
5025,-0.21168694593887571,-0.7398304599050087,0.8957615329729737
5030,0.22955723664395022,0.35571134648303493,-0.36097542540886296
5035,0.016373274254670417,0.520643470641737,0.09555500073843867
5040,0.3454865009745361,0.4872512247764142,0.551955957492028
5045,0.1948722426406723,0.2511988627383056,0.4460349711880158
5050,0.09711573156771007,-0.027864805790454833,0.3488763979558285
5055,0.38383687236578923,0.5263575787241588,-0.12056043001902056
5060,1.0572011980941458,0.3965116485138989,-0.7550180592745087
5065,-0.9752170745046779,0.08804992459734128,0.29472706152369654
5070,0.6418992187892454,0.48244852677933214,0.5410234032863129
5075,-0.18156436715607122,-0.2229070646136101,0.8790642620032055
5080,-0.1847380347376829,0.26787929847256897,0.4843935794154774
5085,-0.4084018891386615,1.0327487755352482,0.7409738692444611
5090,0.649417243841703,-0.08647878454014207,-0.27245851727271225
5095,0.537332557835889,-0.3311624634866512,-0.6132710497748521
5100,0.22151435518242668,-0.18650727015641713,0.4543444463385316
5105,-0.081021612649503,-0.07596045986100974,-0.05071272924376158
5110,0.19185180405736318,-0.14946408842244865,0.3780477320003867
5115,0.3546830493041149,-0.27904561032689246,-0.20014976739579804
5120,0.5950886579552366,-0.5901620606599418,-0.5632145015439183
5125,-0.11975118585234859,0.47485563624865845,0.689211721568078
5130,0.8310553344488535,0.6196199502102926,-0.1175229486441112
5135,0.5670203376207298,0.1611954247496045,0.46856620081228306
5140,-0.8889829918417884,0.31927354861835877,-0.323440214527096
5145,-0.04327146205192045,-0.4151633432051528,0.33571201522036154
5150,1.4817098107189497,2.113030549256887,1.4880771787180347
5155,1.255555516526444,0.8483123901398189,1.1119535352141736
5160,2.3928153222272486,2.1763498574967155,0.9912354811388007
5165,1.7292054546042182,2.1282147913341154,1.0386784915390113
5170,2.076483818424691,1.341244235961225,2.471134578032723
5175,1.6459727170924494,1.958036935897026,2.112766717894178
5180,2.5633629297562632,2.475791323066606,1.5624951744432463
5185,2.1505136396903075,1.878890301264159,2.406648488357199
5190,0.36514312664909077,2.413584440272665,3.0046856467453105
5195,1.512950882789347,1.8940202471585388,2.082600880982957
5200,1.3889971826301208,1.6850048414669705,0.8805075970644639
5205,2.501375556559668,2.516721297788356,1.8660423080873847
5210,2.200390597000427,2.2794490398598524,2.197948916205874
5215,1.9100039378229725,2.3035711671270334,2.3931350489396515
5220,2.4708718185036433,0.9970084009079501,1.9339739584307285
5225,2.8533457547994754,2.211686473788088,1.7869461151097341
5230,1.7501800179284026,1.215430284270572,2.690086045744866
5235,2.237287081480718,1.6586473009797706,2.1321136985999174
5240,2.4867046718021535,2.6558404221233376,1.895613876985968
5245,2.1061028456958284,2.801461136347225,2.5883385581880005
5250,2.0262308851595474,1.4271103811625396,1.5360457058464603
5255,2.205380363816719,3.18001005120888,1.9539381615928082
5260,1.8537564743389185,2.1987799471555283,1.8254955202127037
5265,1.4521444410595634,2.198404361948124,2.740179281824783
5270,2.5745114145909036,3.3595471962074166,1.1478104833684486
5275,0.9847090127742076,2.561680529774933,1.9414482496103012
5280,1.3558531095155537,2.8217948370219785,1.5863692121926973
5285,1.8232338862499908,3.026564951242272,1.9166640757075357
5290,2.2118555393331065,2.2826030059841877,1.9361333036341701
5295,2.112242211290447,2.4371396428431584,1.3428913246163883
5300,1.138339837016051,1.7661371498891432,2.1247957202083954
5305,1.441849236530099,1.7183376467131173,2.3533300737962755
5310,1.5404985677380787,1.8828567909981873,2.253740671078887
5315,2.3717025088846047,1.6965416046827717,2.1891405951743406
5320,2.5084519626587136,1.881310118270526,2.4858405580101923
5325,1.3944595734511527,1.6632567942643934,1.8351380849123151
5330,2.611338020682085,1.7837180573217,2.2606039368948108
5335,0.845699850125693,1.7932345098514157,1.783919027067554
5340,2.881870039833715,1.3335170194928034,2.3298817527014966
5345,1.9334587586115932,2.424076952015222,2.6266045171991985
5350,2.5958133125929774,2.0453553118245464,2.9939133348860505
5355,1.9499827780575578,1.1426593334078685,2.160685734295223
5360,2.602511727598732,1.5053033524331978,2.380668993218684
5365,1.6227778929118524,2.1826158156320408,0.3948366382290789
5370,3.0026979439232786,1.7182720198778296,1.1254372274370468
5375,1.4259186929041965,1.747582803518819,1.4905681049065609
5380,1.573271842944666,2.1327498045842934,1.1154231642536714
5385,2.52752157040983,1.4647550599925305,1.7224645049086296
5390,1.8002537814251498,1.533743802930331,2.685567155930292
5395,2.2265555697332515,3.0849670886491767,2.6246801662916455
5400,2.146789778471038,2.6165120849754713,0.9519278531147017
5405,1.776980918490196,2.89875181948163,1.4461734380792604
5410,1.800401333031886,1.5831968677334927,3.057070453438753
5415,2.700650882387884,1.682335521740061,1.7061768475146493
5420,2.800585604019511,1.8503562465772911,1.4816663069828802
5425,2.4033519812318946,2.9707406192084433,1.8670269064767346
5430,2.0986047349976364,1.7620089348036219,1.8943003689771876
5435,1.9759660667369359,1.9947350080378423,1.5295449101981204
5440,2.8717337656750086,2.126712656483267,0.29086454565520414
5445,1.291597133715204,1.6832696594839924,2.755265160329548
5450,2.556202919709593,2.0588878779344295,2.504568468543648
5455,1.972811986192141,2.172025557814615,1.898459536398735
5460,2.132443650207439,1.0912657520402869,2.753360525137463
5465,1.096225136826071,2.037198003593416,3.183514134893798
5470,2.5438143557497463,1.4838020071093068,1.8719340903787787
5475,2.5106696242033752,2.7608705336545656,2.136918548361601
5480,1.4615537376729981,3.231603461063427,2.4966894831428372
5485,1.6312457544866188,1.4808120878349098,1.7474414552517488
5490,1.8571367069648328,1.6635444673674988,2.673022239564667
5495,2.1702884271480642,1.375252988119158,2.231372615685283
5500,1.671958983798984,2.1180247308769564,2.899432537787524
5505,1.9122016659622576,1.8406016070341038,2.3727595062288764
5510,2.0347487521531464,2.3088716854436653,2.170922642332677
5515,0.36815082735525906,0.44487056495569555,-0.01022020633264653
5520,-0.3189572581462244,-0.14894729238305654,0.694297646402651
5525,-0.24519782780470645,-0.4750841425729288,0.6727006054599817
5530,0.24278297380840683,0.7024315511185433,0.1855020193456447
5535,-0.07678886545275888,-0.7593171656148296,0.33904845719160426
5540,0.0519215673201566,-0.5783701880706812,0.20673689754240315
5545,-0.027161744117690248,0.3850266135313995,0.19825911974057356
5550,-0.5921794027386135,-1.1030153603986557,0.1841065074258514
5555,0.528081598021601,0.37385737646445416,-0.1862425239955775
5560,-0.07396174683380576,-0.1642250306392784,-0.19770499294496333
5565,0.007512501390249806,-0.689907274431843,0.0028197913253312367
5570,0.03262002216840645,-0.08789743130874812,0.3500452563188693
5575,0.6556592258742595,0.23810355360231542,-0.20570489275685544
5580,0.4490082217288296,0.051609724285720214,-0.5100993151730553
5585,-0.6480774948738618,-0.46709862036673594,-0.04713646051131001
5590,0.012208540344574106,-0.581717315194073,1.3234422486374804
5595,-1.0704587773500456,-0.2741579562513146,-0.0710236724214805
5600,-0.4621232598778611,0.10455103022568478,0.401511957133786
5605,0.7840791456127666,-0.2271759886506138,0.242520585152728
5610,-0.5588759667030806,0.32356609559911165,-0.30419985694017104
5615,0.809734758044391,-0.6052110625754901,-0.7735824441111252
5620,0.08669732947824256,0.2983339330326184,0.29765272460961234
5625,-0.0382444814134488,-0.19748097763248057,-0.18424205960711032
5630,0.35939579557564255,-0.657384737190289,-0.2393616713862435
5635,-1.118445952016345,0.16578671515719215,-0.2691090200958749
5640,0.312745731193143,0.03128823684729904,0.263554653946014
5645,-0.0472652650444568,0.24579322442038046,-0.06986467817330928
5650,-1.0399590850347018,-0.17411560651455524,0.43649917154259443
5655,0.39601480909681286,0.37325563381937016,-0.11150380085744904
5660,-0.3241247182194356,0.08921844735298641,0.26802951517830226
5665,-0.07492190967385887,-0.4149099270353473,-0.7347625941290383
5670,-0.44811604343926764,-0.40079578485941264,0.2108081159823525
5675,0.7932898950303803,-0.8405316045960836,-0.3131616810846123
5680,-0.1359057306387803,0.2136388537263787,-0.5614884145502463
5685,-0.7686252354216029,-0.21842587032476404,0.7347507432782711
5690,-0.9152338303188449,-0.23081425561754149,-0.1921770783935195
5695,-0.47030909381240354,0.8046600103209588,-0.8220086344264673
5700,0.2024068301038722,-0.8200314630983347,0.3423022968027504
5705,0.6268127146935469,0.27146467033132593,0.6459566901463634
5710,0.2088259258256289,1.0533525520485842,-0.44796603164642707
5715,-0.1445642077945377,0.31662000055128975,0.07167978891570474
5720,-0.2652161491169313,-0.7455553357334466,0.5884924781684978
5725,-0.21449512030834356,0.5301286884212691,0.8264717105991992
5730,-0.40168869139016766,-0.9988367098872789,-1.116986134053536
5735,0.6544510933911496,-0.3909523607567679,-0.021481106755465128
5740,0.29593518037050986,-0.11544876131788483,-0.18742730271801092
5745,0.29257509537257026,0.5344689550439684,-0.9001936853751233
5750,-1.2514961216929468,0.42826325276926386,-0.7490811124964957
5755,-0.5126165421314878,0.3043401235226258,-0.044525762850275825
5760,0.19992529898016204,-0.18277986337442542,-0.41722933227024817
5765,-0.36765109105334437,-0.2502612074533031,-0.26504478242103024
5770,0.20514633833401416,0.013147447117862946,0.11629148799703572
5775,-0.0006561804016892304,-0.47603493343475956,-0.2513025459633379
5780,-0.22049915052431046,-0.27905628518674847,0.4215144060667212
5785,0.7231580915984553,-0.18727030929781754,1.037968512804741
5790,0.2681135241811806,-0.2901471099986337,-0.34359265410904466
5795,0.21841254854625095,0.7419170285870911,0.3362310918134196
5800,-1.4561347252944639,-0.34321034245504617,0.38344241392807926
5805,0.4917731508885866,-0.800801189392423,0.8585374853618049
5810,-0.19852063522796626,0.005196535647387557,-0.2781879432480311
5815,-0.14172467174525788,0.47049486699924126,-0.5002409452311973
5820,1.0377406242811398,-0.057278771031677195,0.2834691919029018
5825,0.2890997150324324,0.0816462002851252,0.7819210798184771
5830,-0.30806029955465547,0.9025047658283315,0.0451720472303244
5835,-0.450639715655453,0.032858471807746266,0.4223051353516258
5840,0.6069664975985896,-0.22671141003934378,0.34384002461346036
5845,-0.6824139364428415,0.33899704613925313,-0.34791279867013897
5850,-0.18731118584318943,-0.1774945934734498,-0.8630115424381942
5855,0.20168479394856884,-0.8121153236010059,-0.028346347326070137
5860,0.4680974005117361,-0.3119468949223625,-0.1799055580008128
5865,-0.8777166200582153,-0.20774657748432196,0.5876457285253961
5870,0.4855290585025459,-0.04364427817267982,-0.8199956746029403
5875,-0.38915355353865905,0.16719404859108697,0.033949961693721026
5880,0.3090928662646075,0.32590536463015707,0.04456526520121101
5885,0.2458735697346364,0.27760945079927246,0.21304298798265167
5890,-0.6962811532538167,0.21926859376233132,0.20957478837844
5895,0.4719719427145741,-0.7349176622890516,-1.2168056664793871
5900,0.6658403491063377,0.6436563026511192,0.5333395356102526
5905,0.04133409687391032,0.03830977351486459,0.3663112663774197
5910,0.041309035187862386,1.2129075474017843,0.5977985545630502
5915,0.7405361768184977,1.0363901046528663,0.548928050018281
5920,1.1784263701438396,-0.08441668865778573,-0.32364595976561794
5925,0.609093042526035,0.8636570035584379,0.7819980927054
5930,0.5343743605492342,0.8779107240597424,1.0165842926127735
5935,0.8456282589849524,0.6737934726868584,1.2784922237581036
5940,1.10356322856803,1.354831927826368,1.2218594903899778
5945,1.9089940651374038,1.3691705907538476,0.9104083444853281
5950,1.1272846466761988,0.9535988724574649,0.4469760777973426
5955,-0.1797053745119055,0.553002328189465,0.8930842486395799
5960,2.0887295858006754,1.1490784137510128,1.3105581947468392
5965,0.827943397817666,1.1549719539282004,0.9089128530592631
5970,1.3126939362628895,2.9951412631389926,1.398974916478802
5975,0.28385162506838313,1.1925252022004504,1.9198247891185123
5980,1.421013327880304,1.410829361808736,1.7565233783819756
5985,2.264487676316486,2.3265002977518523,1.5260728561785313
5990,1.1403750857951027,1.3976218769981141,1.5718794824473026
5995,0.9248378361802035,1.8159068277100943,1.2239683279890863
6000,1.545794846932349,2.0814104581341306,2.467062938198257
6005,0.5085976550999023,1.5582946221878218,1.3758632398489477
6010,0.9415649170115677,1.22118835319797,0.5105836029895086
6015,0.9527818635677153,1.3220874790583506,-0.591326904595633
6020,0.6093024965715981,1.7712041356507688,0.5204148772074204
6025,1.2228910133920516,0.9312221842432634,1.2528559170266649
6030,0.7565002068204508,1.1679601382318945,0.7493397406502966
6035,1.3122583723363288,0.8950681449287193,0.9918740428964162
6040,0.6563126936657444,0.17327865122290004,1.347369198143665
6045,0.7336411529560185,0.9472792859742483,0.5442969677145977
6050,1.1611412426153096,0.8853695730926261,0.6348458791151608
6055,0.666438475573301,0.25308341018810826,0.1819228891530999
6060,0.14055185001521214,0.29778126207682243,0.38975012299520556
6065,-0.2767711351014284,0.08552501194706046,0.38623413285873054
6070,0.4187667183629308,0.7504846255621884,-0.10019053880071771
6075,0.14488395427034872,-0.8008152975857508,0.28731243709521587
6080,0.25736031004842386,0.1700345942776728,0.39027029951938497
6085,-8.309647081206073e-06,0.7895635675729752,1.311446916961999
6090,-0.7795893005619692,0.6441519118122128,-0.6400286332929359
6095,0.4697881306853837,0.9139165432358991,-0.21774345283578644
6100,0.21029863970458537,0.2100200835650665,0.43823288749367767
6105,-0.37211116685582013,0.12514052118871394,-0.3704507823065847
6110,0.89809255213975,0.24870763627467213,0.5990589515579824
6115,0.6649720696989766,0.011636854106863298,0.66313942665103
6120,-0.23282174597250122,0.1751291023976883,0.4640550611935087
6125,0.24913343687826742,0.09432168919451968,0.08682533290142125
6130,0.8298566841999528,0.3795291600734483,-0.2275445598973216
6135,0.8708220023513551,-0.4331304441098397,0.33006188008500503
6140,0.56764039155123,0.2552213336486737,-0.4468573375427707
6145,-0.0539745110092823,0.09724685005597766,-0.03140266510362283
6150,-0.8678383045177716,0.4775116730564615,0.18316340825976074
6155,0.37973870307381763,1.3618646845203093,-0.012365576704294723
6160,0.6783427840290177,-0.35669333851776236,-0.623789263622768
6165,0.0470591348900533,-0.46394705478507736,0.10097272997090595
6170,0.210238676063032,0.5393622625037644,0.3652034669703539
6175,-0.03289007725826312,0.12652564530287763,0.16787677782936747
6180,0.7869479717199149,-0.2871955319598559,0.03320742956553674
6185,0.7629981290668504,0.13710484070756046,0.3099105067064592
6190,-0.6405152260446852,-0.9402286854527573,0.38429712222087725
6195,0.7510470647987452,0.2910334996070395,0.19749488824297917
6200,0.643704944270446,-0.19217749136108,-0.440995465772738
6205,-0.1706665268171977,-1.4949191771695745,-0.07047268356213873
6210,0.9795246659286819,-0.7383167000833301,1.3166164031041705
6215,0.3645500016468129,0.5352939488700181,0.19483554878095535
6220,0.31779501551141753,0.5803163667393763,0.4187719761995332
6225,0.33649453940173013,0.2426599388637496,0.6351781282394171
6230,-0.10848719111526212,-0.5249848094927163,0.5389290072485576
6235,0.2324756491518676,-0.29753101538429827,0.25288572727846664
6240,-0.46932435587795285,-0.16420148658402842,-0.2046523509166863
6245,0.59597378985549,0.48453576568127205,-0.7045879790124308
6250,1.690956277020096,-0.42962925219841974,-0.6379772016805518
6255,0.2891260252269436,0.01727950704892489,0.00016033174395496674
6260,-0.0758420983096405,-0.1751640340340948,0.14743169684881074
6265,-0.2225878752909301,0.94719927599899,-0.46024104212501593
6270,0.20547662289515953,-0.06605859320415378,0.08481185148848559
6275,1.0602685607767532,-0.967104640719015,-0.01333372064906993
6280,0.5713188848637758,0.2691747699195004,0.2271113612102335
6285,1.0542087438285421,0.7516389629367797,0.28042398600477925
6290,0.0715450062058531,-0.6206443238248895,-0.6278876781336943
6295,0.548236285349726,1.0953215902406086,-0.013243319943073428
6300,0.05778378191024572,-0.009133400570466271,0.36063892707964096
6305,0.663289289062003,-1.029258547763754,-0.4754472254690155
6310,0.8911368197819345,0.8631701887401051,-0.390762131211974
6315,0.53692682557164,-0.21806160985137188,0.4960376051566493
6320,-0.23656569463622354,0.4545647580610934,0.7424911346954017
6325,0.8776571500840074,-0.3406149612125753,-0.3410095567609014
6330,0.4444989561029323,0.4414208526810993,0.9892682565165283
6335,0.12607369715168223,-0.36580707943669594,-0.1912843648196519
6340,0.3784493888749029,0.023828534209883817,0.9492740113924474
6345,0.31782163001993513,-0.36540638126202496,0.14667594929249814
6350,-0.4369290554992522,-0.0031191414246093674,0.7197410509487732
6355,-0.723265482564448,0.2293843318187013,-0.43610421054998666
6360,1.1014304460253412,0.715224762804091,-0.5670420661440718
6365,0.1740296890498199,-0.9181401452158559,0.9368840192013409
6370,-0.6064765283741893,0.6463767620106817,0.7653149150575946
6375,1.3372267695155635,0.3315345236709109,-0.03947485897774225
6380,1.1889256715811163,-0.2784427607840021,-0.44235928343800046
6385,0.7442207462000433,-0.0774232923176438,0.10558286505521103
6390,-0.3978779722221205,0.10017106962168203,-0.053478370589353924
6395,0.5957592490870226,0.5256239992494168,0.3080182230164483
6400,-0.23738213849805942,0.48006990716393727,-0.46244267803668326
6405,-0.5078960098458193,0.15598124188898455,-0.3756574345704524
6410,0.16346608455258727,0.37831760011192384,-0.1495307773097554
6415,-0.111851208393448,-0.4874680838310267,-0.2283981706757565
6420,-0.4606883295951748,0.2741735798632229,-0.23668596084491428
6425,0.11665024107658092,-0.23113404292347012,0.2458695264034908
6430,-0.44957974356400177,0.7012916808003505,0.3542793388457893
6435,-0.08833422410842959,0.16796495207980344,0.17476150410036131
6440,-0.6410576547555777,-0.13297988792205911,1.192706941260008
6445,0.41950025476331926,0.7647392031782789,0.4674467340229912
6450,0.5115941211180544,0.25287128177548673,0.054279844463558435
6455,-0.2586056043688353,0.32097303270726285,0.3440538796801764
6460,-0.1252099799707874,0.10508502074269449,-0.3102924110018008
6465,1.198195686172862,1.0575396278499187,0.9486021627808494
6470,0.2764769126986872,-0.4437531916666133,0.3532453467687518
6475,0.3815762790789187,0.309090597078328,1.006816247984101
6480,-0.2603207285934719,-0.285288714218723,-0.7368711784687734
6485,0.45295878765435516,0.3571643392733383,0.658983926226765
6490,0.7500260228180465,-0.345338599504562,-0.006656305924535699
6495,0.5473948077083359,-0.14681407418491807,0.6199909218669921
6500,-0.389329646995611,0.5565879252776929,0.7610825942845695
6505,0.0298716800705128,1.0604127519395066,0.8956507783393768
6510,0.5154759528491792,1.0125175509132944,0.33461225599640143
6515,2.534639134202334,2.0352420777648246,2.7482379074336385
6520,1.5163697368104958,1.7706451758770956,2.4144729459984307
6525,2.4224560887124515,2.078773979883575,1.5144619157380057
6530,1.7336902752791328,2.1587782131977784,0.9929700714645184
6535,2.099082170256127,1.551456760828857,1.3429128289301429
6540,3.229675792267665,1.968529437223883,0.31173420858504053
6545,1.5395222471585601,1.8211744392575642,2.0081834168173427
6550,2.722227789885057,1.8380353589097445,2.0234741111094605
6555,1.6496146672222678,1.8703258282306074,1.6688310930749601
6560,1.4060911750594975,2.108612011027289,1.344044830668188
6565,1.0562107673808263,2.04088863346801,1.8294524507104661
6570,2.3742308534193572,1.7152079349688496,1.8833976058967614
6575,1.6642009554213595,1.5226314737263176,1.8506230616934474
6580,1.407077336595594,1.9701348704215587,2.3622669798497786
6585,2.19316642767369,1.9989636451452022,1.581075988075722
6590,1.3365036125231384,1.6509501067336658,2.0919915344046993
6595,2.1583250550130884,2.522651436056353,1.364489448882603
6600,2.5595472931659784,2.096349724976222,1.5462529302437327
6605,2.1595556837091725,2.2442853059312577,2.2917916736064323
6610,2.883802474056592,1.5393460550120355,2.435519153294801
6615,2.5745861505561085,2.2269835100998123,1.8438452268432057
6620,1.1639636785579797,3.3892293531413147,2.020209816861857
6625,2.6705073305055054,1.6985575202099756,2.429249958763881
6630,2.2383770069245355,1.9719612385597352,1.528039504870688
6635,2.915108732144166,1.363138474098858,2.6939324304629304
6640,1.2571613416324132,1.9879223879663788,2.6790920661597877
6645,1.059494243757515,0.6672155684175156,3.449241484747351
6650,1.890720481444625,2.319563131750668,2.2189855726960617
6655,1.891737506181118,2.158855648051666,1.541321595792765
6660,2.406910890772865,1.256194575448332,1.0435327374552221
6665,2.146880150341148,2.6516077952767603,2.03733334560234
6670,1.1870499697042862,1.832434733778712,2.013977335079971
6675,2.290746487817988,2.311072849357628,1.369227256774386
6680,1.4486466961875637,1.4862862716228402,2.271057005518393
6685,0.851229987461831,1.8727672275374743,2.1240321842427714
6690,0.886494978524535,2.7474361878595994,2.0388772863115014
6695,1.6793359389980378,1.8454848741545153,1.831384952998012
6700,1.9218884308496649,2.1960947656732097,1.4331553295924468
6705,1.4753747226624672,1.7108206901766156,2.122929753672979
6710,2.6341187007761255,1.8003386005653352,2.5882346710510475
6715,1.7400154817870352,2.125014677330908,2.0349789776413263
6720,1.9223527764952266,2.6848707857440206,1.007038685131191
6725,1.5808398753520208,1.5170345206199431,2.1806531054798044
6730,2.1254424583230187,0.8415100320172051,2.169868715977596
6735,1.17506810896855,3.4374927317710773,1.0156215595795892
6740,1.1046398316450619,2.3669984109409707,1.7510639265812202
6745,1.5918420396975983,2.0740594073446665,2.3751133319352786
6750,1.7805166830698247,1.629974099953678,1.581637792089109
6755,1.14365051520859,1.491704324952571,2.3131416334342134
6760,1.4790875483963748,2.0450649025236,0.8669758321603827
6765,2.169760623485459,2.5469934409762187,1.5892563532495876
6770,1.5748843191395228,3.0591143728358525,2.325505089349674
6775,1.475918681818925,1.8336809975640465,1.901917473767845
6780,2.423540999842952,2.419434941050959,2.2123736466749344
6785,2.828474730970398,2.448240531922911,2.0268150692933213
6790,3.2269550685603705,3.068110371562699,2.42643618016276
6795,1.3836622133405039,2.422053867809831,2.3394125092450317
6800,1.4956574635249966,2.0554438116225695,2.0020471931316886
6805,1.4267880912841173,1.3890451731732858,2.3697222719647373
6810,1.3381179144274467,1.8203020955183604,2.448282085442119
6815,1.0317312568433277,1.0562771356464482,2.5602380887739136
6820,2.0272860214877726,3.186394431581588,1.8584461273138881
6825,2.0071616549302647,2.230767314846481,2.8158532654108264
6830,1.917522131698095,2.1847987367561204,2.2329953463218497
6835,2.165837337706711,1.5204647964477465,2.196367679215518
6840,1.700680545214164,3.4016602936328617,2.2103706133118495
6845,2.5413840486162815,1.830319855213335,3.3179164952951345
6850,2.0244130014184196,1.8267644130276761,1.941591436658576
6855,1.445105927083412,1.959351912248033,1.978160281607304
6860,2.263334528440477,3.402836084170361,2.335166530831424
6865,1.8101794717152082,2.4949288793769586,1.920208859977268
6870,2.5904492019193266,2.6832413355897,2.0269188060066154
6875,1.8336251493686915,1.5508014220641981,2.437019781567528
6880,2.296282924483121,2.232493136133669,1.8885351470555019
6885,1.4040753909870798,1.4268668253634744,1.7657620586374536
6890,2.0611214730687992,3.2932779405490336,1.3580781088204863
6895,2.4418582855556825,2.3213555649536226,1.6946649319030518
6900,0.8994634331913366,2.4936671565724016,2.081246002332231
6905,1.9253488275698005,1.0246811714944613,2.0633227256782805
6910,1.9686296280311106,1.6134614862601115,1.988288313439921
6915,2.3811949000367347,2.8453729513863637,2.1991656759217943
6920,2.430970336005395,2.3423788284904754,1.7797649409038458
6925,1.8135280933110527,2.214167521986337,2.289256988917893
6930,2.722827524034007,0.6945814021029795,1.9922386126643836
6935,2.673263078664103,2.1452104756187995,2.009311510425263
6940,1.5571237700632998,1.7367256483640336,3.698517949807264
6945,1.6321642114323516,1.557854505433462,2.2750383987667173
6950,2.3323286056670365,2.252166900452302,1.0050998267370428
6955,3.319632205404953,2.5440594539850534,2.4541996112934745
6960,1.6860911244665346,1.6412472871985906,1.667835511553903
6965,2.024996135063429,2.1413475137995026,2.4732420405961664
6970,2.6769534160964774,2.062726519754448,1.9837065393173587
6975,2.103165885303367,1.9580709413864308,1.9516294450546217
6980,2.704254102486262,2.084694548113202,2.298566842025173
6985,1.9847167723095533,2.0794202685512957,1.5620747934969816
6990,1.648089025549721,2.650120169130788,2.6304825238629332
6995,2.801317888965088,1.0417608498983895,1.6694832912457824
7000,2.3376625252464764,2.941863392949629,2.1456666375725266
7005,1.577468950408662,1.3600173223939516,1.0346548412961003
7010,2.8434031937322137,1.799065544842592,1.6842144543775819
7015,2.6308479832184153,2.7288869833639167,1.481741501489195
7020,0.7003877276610803,2.1941739059240426,3.0255466630231984
7025,1.9718692972862162,2.198874547870241,2.5002463450224415
7030,1.728330002441954,1.5682128080395616,1.6938852283910086
7035,2.4964114746678696,1.7913673841894706,1.8186019486447333
7040,1.0372304012023164,3.1322759557551696,1.714555199368887
7045,1.8693794519908087,1.5365699346447856,2.0066493189033743
7050,1.0223603254158171,1.6254641118542326,1.720909223703988
7055,0.8058111588647736,0.33845184094124436,-0.4646507611013057
7060,0.22439283936471371,-0.2902985875340217,-0.18512485702362716
7065,0.47164758985303434,-0.2002745160988818,0.8728424827774053
7070,-0.20855980603738383,-0.4600053849970416,-0.6011394817632628
7075,-0.07420867500258939,0.04332084925580551,-0.051901769069138855
7080,1.1995112626902171,0.3970271192043752,-0.0284124932693649
7085,-0.3298774366230828,0.49323602955611134,-0.4966162854552104
7090,0.4221387414458128,1.0283253748456784,-0.5985280865756085
7095,0.24982100080215977,0.16484318420371746,0.24910267086420074
7100,0.8143058033625012,0.3805445452062999,-0.6532142409319005
7105,-0.2999332147752469,-0.3703280832231505,-0.030170704147884423
7110,-0.29637279027981656,0.1430029915840637,-0.7594563461175037
7115,0.036476764184732356,0.6483745452455102,0.6649466874900383
7120,-0.30427712925061995,0.18008690458098842,-0.299236026624289
7125,0.7882852183875037,0.18676436701522695,0.7702382485601301
7130,0.6627411739972349,0.9247979989682862,-0.20706253247820636
7135,0.6085651669443769,0.5420378242219749,0.43785953133395394
7140,0.5459295319963465,0.7990513380680621,-0.056180493538450886
7145,-0.12461510551621066,0.5627419706593745,-0.27787397767081734
7150,0.9451650528561916,0.44766073464340755,-0.16615216789379567
7155,0.2438215843470283,0.09886466334691942,-0.003790558433581114
7160,0.11295355101605517,-0.7557632480807731,-0.45878514209237964
7165,-0.4624474789769213,-0.800955556356377,-0.947874911414147
7170,-0.7853648405502105,0.5229584476979952,-0.2928408901832105
7175,0.24186950648868497,-0.14153642848711512,-0.08507073737751435
7180,0.2689555542884316,-0.0327417901237911,-0.21821295019924214
7185,0.0925342919229586,-0.48610274291321653,0.01886084172156565
7190,0.03325884374457068,-0.3841802847998371,-0.11338653864455961
7195,0.24292123924580364,0.06218771040296404,0.20008171023732033
7200,0.6909552902812206,-0.3716800621090309,-0.29911747731348887
7205,-0.4016107186604436,0.7381040849144204,-0.7273177831287334
7210,-0.11806060866249411,-0.06847782850791817,-0.07209864115866814
7215,-0.2571399740787003,-0.25058858325047734,0.7151998469546514
7220,-0.4482952109759562,-0.028010504310336228,-0.04316289997956583
7225,-0.03596377767140238,0.9103032209238191,0.3523356392671845
7230,-0.4363785988845312,-0.23144794758467827,0.511089332319841
7235,-0.4589705822848799,0.6357469143931508,0.17448983366825957
7240,0.9775301164021544,0.04281509813528375,0.0899269633451724
7245,0.5825763974468489,-0.2381758551669094,-0.4287818855928677
7250,-0.7433289802063461,-0.16893799586719452,-0.6408882698937672
7255,0.08209069783338403,-0.12010580201969236,-0.09444257513836926
7260,-0.05852042620605475,0.4009243126509771,-0.25890010001508335
7265,-0.4380723019365088,-0.31601244572766213,0.30553569020453575
7270,-0.17258491904747836,0.006776856033835225,-0.05222169675458408
7275,-0.28060417980703756,0.8949608257399431,-0.7073272104033439
7280,0.04647783725045535,0.45353958294105595,0.1712484413337994
7285,0.058455307477780744,-0.5978961985121678,0.3358767283938795
7290,-0.7698899292863937,0.2067114503420839,-0.0006230206117979045
7295,0.8852490206898902,-0.8461210928258598,0.43716679905811856
7300,-0.6579211353448192,0.1743885614196455,-0.7843533394632927
7305,-1.0150099990636738,0.5988035811637036,0.12861364426330205
7310,0.27307413889651705,0.3497971631100058,-0.18681387325324147
7315,0.24887372648303663,-0.5736871837819032,-0.6856139890018358
7320,0.30225733054718124,-0.052078777559534856,0.2119364591291962
7325,-0.22985166664048956,-0.031414647493748456,-0.2769626771901389
7330,0.22622319590235,1.0530954463838467,-0.7073167990593671
7335,0.27847097264978204,0.6092607901417412,0.7784975277733333
7340,-0.08375960420784441,0.8018343758724412,-0.14868323308991865
7345,0.751123758664769,0.8665843626762384,0.23382545003862948
7350,-0.5634700670731176,-0.7464815688360716,0.4258974505063799
7355,0.22717739472861198,-0.07147241753843703,-0.16531603398590292
7360,-0.14482502633453176,0.495163641795217,-0.6709722548756452
7365,0.4576266203190784,0.28048147763635767,0.01591512751188965
7370,-0.3864289370863287,0.09037956313590155,-0.6876623403855929
7375,-0.1423576213059846,0.45196043086738785,-0.10653350775131153
7380,0.3495159284870605,0.3782860289178097,0.4122359820020252
7385,-0.35755170678846565,0.1255484091276342,-0.29022483561597157
7390,0.5565498040429117,0.2803250916898797,0.7185413200829767
7395,1.343590903401057,0.1489188865599418,0.17281363251874504
7400,-0.1059307466562444,-0.9433794294090132,-0.09462228604692206
7405,-0.4225465481387294,-0.2647583832497871,0.41880148892819546
7410,0.29958137858132955,0.6521905643850503,0.017891979448771078
7415,-0.29544191876974624,-0.32998051587660526,0.6049721025027656
7420,-0.10285561742219032,1.0726114457377216,0.27524581988519664
7425,0.4469462301472617,1.040457109505841,-0.2846941519818761
7430,0.1259566273464435,0.9335877455099981,-0.6191207672139603
7435,0.35881650060238146,-0.037117818781071454,0.23898235121671235
7440,-0.23667526186095306,-0.10318267697254957,0.30889098970712875
7445,-0.15131261376992533,0.7572889801024163,0.8321004662580296
7450,0.3750350752557679,0.7835493784959473,0.16773129028301775
7455,1.79000673645073,0.7761002352693315,0.44616170287533763
7460,0.6705248298561215,0.11851406733419512,-0.05110888960630633
7465,-0.12015082118347753,0.929130643965134,0.24693873486320794
7470,0.044140001324450506,0.9907961662133102,0.9525168760049699
7475,0.08805293832193184,0.5300195430284849,1.3578628029772273
7480,0.8038387891842467,0.3867382971522164,2.0540671185336867
7485,1.279876901449085,1.524319381067338,1.0038315717671396
7490,0.8367315172267611,1.3016598171801679,0.7469638693785841
7495,1.3340505459136147,0.8453284178136183,1.096250015503557
7500,1.6394716638006606,1.2628002361205175,0.6430626034405041
7505,1.4094135960319785,1.467971586305236,1.1599624572087222
7510,1.5914209005097364,2.6381040310866957,1.056687929839374
7515,1.3736618022445175,1.9323167811627027,0.8137423501022747
7520,1.6586237632223995,1.079043911779979,1.6595844454258455
7525,0.8454793485212757,1.2821238122571244,1.632601384673195
7530,1.0756942840677648,1.3003247375928577,1.7073857454971468
7535,1.5961893455197693,1.8488043113069157,1.822129632355959
7540,1.2486775526498648,2.226620945667149,1.1922055518268135
7545,0.8884433289199513,1.2618162490846228,1.8247930930776453
7550,1.6447361576392319,0.8575444057735383,0.6012883358771491
7555,0.8375798269154513,1.4105808431509703,1.2031837409155761
7560,0.9369934868064396,1.0164208296590136,1.0933289142932687
7565,1.5787726681403704,0.6505966914440181,0.46329463861582487
7570,1.8667091543629901,0.8544984265960502,1.2124132700091388
7575,0.3167242628079072,1.0288608456792738,0.7480962023301753
7580,0.5171713353458484,0.6518154035487151,0.19735392150411052
7585,0.3991670776938965,-0.35722424786309726,0.23315241622387353
7590,-0.07033487925365894,0.2256296060321045,-0.04517312985621122
7595,0.2928389211209346,0.9282559968083381,-0.14634290531945185
7600,-0.29654889613822966,0.16245440338438127,0.1662434584928435
7605,-0.16073125113440392,0.6940481181857918,0.09771676965492795
7610,0.18720581068268918,0.4186677566537377,0.6484936463760416
7615,0.5822487566136214,0.2665702587520155,-0.21295704431433984
7620,-0.2913405284332913,0.5241147942742873,0.007225652084564105
7625,0.020377380229517128,0.13661707392831168,0.02025830034100587
7630,0.2744971783361204,0.3121260105617141,0.1041917553432621
7635,-0.45047413468920156,0.2860672269935921,0.13182017191650577
7640,0.4904163333395962,0.6564562834317591,0.016286031795165662
7645,-0.37646692112769564,-0.007781561523986957,-0.3103385265754402
7650,-0.4752570870007886,0.7602901614784143,0.49938064747498445
7655,-0.14438984379734845,0.6827363778848968,-0.3087310846110601
7660,0.10874998502257952,1.1912585369263107,0.1049898490215623
7665,-0.22214857995484216,-0.03803570893124056,-0.47247893400674
7670,0.859910982353745,-0.2531145679353562,-0.2847191372657939
7675,-0.02097901706778288,-0.08050800675968722,-1.2658767873972638
7680,-0.3952953204940612,-0.11352095442239837,0.17900837124228042
7685,-0.0030568314572105015,-1.1063530372970374,0.3015875377470111
7690,-0.21039227432431898,0.8325570003690117,0.5922452157683804
7695,0.7809282114831676,-0.025573710359285406,-0.3446932703646039
7700,0.7496951857848633,0.4225058002913264,0.8047498237571338
7705,-0.22566265906985167,-0.8597454043950673,0.5823840402049238
7710,-0.09551094560223053,0.1279934425298606,0.13625266528558722
7715,0.11475495461125264,-0.35418167298742254,-0.027882396581070168
7720,-0.2993351670127373,-0.49881998326945864,0.4262210766942941
7725,0.469702875126602,0.8041367165390944,-0.4560060097581168
7730,1.320743391962305,0.10923637378276746,0.2100522556232915
7735,-0.760179182487929,0.6229816509009588,0.19123336230037016
7740,-0.21792835325129759,0.16458883333400787,0.457981539197176
7745,1.282202300481332,0.698992423203374,-0.13487865046502753
7750,0.695679258407643,0.11578860904129722,0.42506609092952874
7755,0.6020934500425192,0.5013977252426538,0.27718103679002476
7760,0.705559432233263,-0.4180017418955668,0.1184265951898324
7765,0.9040925292826978,-0.0043731649611930545,0.7591908965169604
7770,-0.9702587450388012,0.17296064749523554,0.030039438626833226
7775,0.1145007520223363,-0.33791867213315024,-0.05923310494822559
7780,0.36080207716337076,0.2556133318023696,0.42774194112793823
7785,-0.278960712515004,0.2110954742691486,0.2072991774544284
7790,-0.006318793886815222,0.876921141836486,0.7867967179379458
7795,-0.14824880620703967,0.0006432339231454698,0.27248740790656867
7800,0.5721359021882633,-0.644076929498016,-0.04649570255168517
7805,0.8732905206726423,0.3005456153857899,0.4967519807816743
7810,0.029753336023906174,0.18940616162665597,-0.9154684060838914
7815,-0.12475861838478536,0.2854323144154316,-0.48325431783646555
7820,-0.5947337977738448,-0.04701004699997044,-0.2775347729367481
7825,0.09224289182603065,-0.5545866463937612,0.6980553991957344
7830,-0.23498940478691366,-0.1682059708532453,0.4848301724475391
7835,0.10008225300027827,0.4215423695079751,0.5782529946714002
7840,0.4649943087874907,-0.09488974608392917,0.03999024408977353
7845,1.547455840391847,0.31951081515620494,0.5827107023014679
7850,0.0176132752558322,0.47345003091135196,0.025908664175074814
7855,-0.3306480287938216,0.4384011255224124,0.5231302575116814
7860,-0.7554089464010822,0.13232467622772254,0.6735721262807886
7865,0.16559882581980687,-0.10062261161243224,0.06428114759769035
7870,-0.5735501580652544,0.3839400182680431,0.33531979556420677
7875,-0.12423785521508607,-0.34301484031272245,0.5085242317250742
7880,0.0826684223662669,-0.18767255730519547,0.22875471735804853
7885,-0.05660314607438138,-0.01647817344203434,0.18389525734146825
7890,0.39858151926439445,0.4318568197137638,-0.5088189188975458
7895,-0.3150983100368968,-0.2450155879468798,-0.10832771516347547
7900,0.14944403911139453,0.9689891071368157,0.08107477090784941
7905,0.3279420298642811,-0.21722467107134144,0.9053961197007171
7910,0.5964878301356591,0.4097006352317215,-0.12272020644226461
7915,1.1337403056609807,0.18082124479736783,0.8680485407262614
7920,-0.18731788925081036,0.9435797445980164,1.0389353571266369
7925,-0.1375908927942314,0.34471662620399834,-0.4484204753857011
7930,-0.14423712778496825,0.5242118433605306,-0.09329528582476149
7935,-0.42221728904576683,0.45227339077297635,0.5223989345359651
7940,1.2942008355740435,0.3053439107372029,0.8786392190837188
7945,0.7414915170757798,0.8307494815470577,0.4077249742822393
7950,0.740760957157103,0.1736790336516166,0.04388688325454343
7955,-0.3684096956657366,-0.026181920869889297,0.2231630435685523
7960,1.0277331040202915,-0.7155416114684797,0.24227672990885124
7965,2.40857551253304e-05,0.2953759744989267,0.4938565359029875
7970,0.5151830853210069,-0.08043256223343068,0.3621293731190753
7975,1.107660191931279,0.27327449117175673,0.5501621745975954
7980,0.4141588214221518,0.22195012598656522,0.09922177084347497
7985,0.8656773601195551,0.19945287385681904,0.4890320209589053
7990,1.4186713349060498,1.006804803099461,-0.7176868724925978
7995,-0.35735962306938535,-0.07666344073693399,-0.04712520196001935
8000,-0.11906674109667936,-0.6212153446127695,-0.29344139160864885
8005,0.39016517249971105,0.07301390521067999,-0.02185496304637785
8010,0.8933874976651464,0.449909940556796,-0.2926020493039848
8015,0.07320991545266468,-0.16109206176468266,-0.37858547955940436
8020,0.08616017525405478,0.800343911349192,0.2634897122422739
8025,0.05974649755908848,0.6406448585447078,-0.0992374103422988
8030,0.44531288182194706,0.4774616827187271,-0.2596253095250458
8035,0.3009238260829871,0.7123307658413929,-0.04459315833481983
8040,0.04259016014415329,0.4304581233103083,0.3374108268150534
8045,-0.6837670177719082,0.4358181832697846,0.2794296257990001
8050,0.4988714412614538,0.33441446212537684,0.2881353494273061
8055,2.432165891616805,2.7082807727117517,0.6680214188403791
8060,2.305110962259623,1.3467647845247217,2.3183912353043836
8065,2.463853034674281,2.6345222361542184,2.439090832044608
8070,1.181050024236145,1.9700110710716112,3.3346601743667
8075,1.212254698526301,1.028870695519605,2.1999198688288484
8080,0.6229657657977907,2.0077515746858086,1.815729846608301
8085,3.100547729735688,1.639552766608653,2.187204341768926
8090,1.674646574838854,1.885875751919088,1.4385699860565024
8095,2.286060792135113,1.671473508842587,1.817154699984644
8100,2.2444313508571017,1.1696412393945854,1.8679521079099177
8105,2.0382358118619934,2.459027474558031,1.8724645481444953
8110,1.9509644147061824,1.346815484603324,2.1455702425614005
8115,1.3927844020829152,1.6293770454544565,2.75245485621946
8120,1.7699730597748318,2.5159703809585343,2.215564330161204
8125,1.4321227623393584,2.191216969050681,3.154336672639101
8130,1.7478561037950293,2.315400842212925,2.376385857407669
8135,2.4234206902196243,1.8424356901019965,2.087299214652432
8140,2.26124808466102,2.3530030007845366,1.9969021858567206
8145,2.924282945169385,2.2391750609900547,1.5938390286620279
8150,2.1782048467425073,2.297008733840515,2.463721976738765
8155,1.8280547232294588,2.905744712102174,2.1111812827260836
8160,1.7613086885564606,2.21084983814352,1.9486907544861987
8165,2.2489271633845265,2.2696129463773866,1.5430529401308244
8170,2.3392866318448555,2.419553786880587,1.2427160144961356
8175,0.9980517971291272,1.876407640807173,2.6813743604258664
8180,1.8405436461312474,1.615074480110817,2.053910333906769
8185,1.8289515734465858,2.0895997439274705,1.4249789858554252
8190,1.689781718560079,2.391439242449198,1.5428706238713168
8195,2.156744387381847,1.7874562167366566,1.989877065814859
8200,0.7823210543225056,2.8745601702908026,2.343806256476788
8205,2.3557526355894702,2.222048935770488,1.8503336238638273
8210,1.3642947430700465,2.416944027043302,1.9562486443826959
8215,1.163375579841078,2.371426598849732,1.9563018549952558
8220,1.4856078629395932,1.7823674757190462,2.2909706525896754
8225,1.9934006227679293,2.690284138932574,2.414718973786825
8230,2.072188284341783,1.74797317490892,2.596278965795981
8235,1.5706671810783752,2.668593624531496,2.7600956979006934
8240,1.8609306763520905,0.07694065204830625,1.6055371495681332
8245,2.219758134971167,2.2954483230582827,2.147691970695164
8250,2.0260524690716584,1.809238193131999,2.4757107794692903
8255,2.188836623551702,2.1936653795705636,3.703927603834991
8260,2.2340361313376875,2.584607411462108,2.077467370114061
8265,1.6539373131286312,1.8535152466834774,1.4018932032281248
8270,1.4891472099037386,2.157687276457125,2.783368521180563
8275,2.693049038575732,2.4140350982942302,1.6586397925053993
8280,2.4087796220243693,0.8501149157225534,1.6390409183083785
8285,1.8046144204656027,1.5845303242281399,1.7112971626724358
8290,3.0144677791024406,1.7581783601698049,1.8169846061816552
8295,1.9174447256783034,1.9919287735341789,2.0056601520247725
8300,1.7001631113917024,2.4162824223223813,1.040537834649924
8305,1.5250917233648658,2.3370875245369622,1.694978725117708
8310,2.0132447305500243,1.2650640760754381,3.0849368540468864
8315,2.9302356938987333,1.676319590785576,1.4354407888719782
8320,1.8287436928059415,2.066162764994064,1.8400032039876955
8325,2.010389873446522,2.871485271600815,1.966044182768072
8330,2.9299482058746738,1.6669667533057289,1.6607201711852153
8335,1.6750158114654345,2.3370476098373314,1.547572086953617
8340,1.6158881991708895,1.9823369419679566,2.0844700019780524
8345,2.154854963940571,2.285257137525291,1.749204390990645
8350,1.7977533680108024,1.1500414536699872,1.5957234679696084
8355,2.714273097875285,1.440138521837793,2.4426855806559002
8360,2.2654938234292468,2.4907289261965473,2.0949544809442124
8365,2.437440645671491,3.1051371418822695,1.4664381027490831
8370,3.0652451156219116,1.085845139676394,1.8552902439164927
8375,1.6075343719247486,0.9083977521970144,1.9984462556865001
8380,1.7618154199631637,1.3059713228048775,1.786431617154691
8385,2.45523287376519,2.156008988305239,1.8370242195932085
8390,2.49988382102741,2.7658636894764888,2.3665274255332767
8395,1.5245551394128876,2.0637812036510663,1.6677929567193388
8400,2.43100144402495,2.0317153257344427,1.6747694391483359
8405,1.48810829795341,2.6118753521272464,0.9745244133281908
8410,0.849353079025113,1.514965828146977,0.6975755919139586
8415,2.054542182167785,2.0415738360688342,1.7726266862611157
8420,1.3516999637161817,1.6403576407005331,1.9762186349254147
8425,0.7844425990578016,-0.17956536764209285,0.6898446007633865
8430,0.11554557194077039,-0.011232940589358332,0.5903665350993151
8435,0.5789864762175262,-0.22354393272333195,-0.46783586389260123
8440,-0.3836036378984078,-0.39216786917691,0.3448942967448213
8445,-0.358357836463017,-0.10040997999474513,-0.08702759723028501
8450,0.047919619330960506,-0.2740631341046907,-0.5019876580831101
8455,0.3597738693206541,0.6175866704474867,-0.49164101328468457
8460,-0.6530465634736283,0.37970098428817217,0.8493245842434326
8465,0.8390053802370411,0.1303544083088343,-0.5540812642332398
8470,0.04475938523282408,0.3675242332114299,-0.5172342065546486
8475,0.08440127860581435,0.14325735029887857,-0.6507686280947673
8480,0.04176064637384593,-0.9766224839843907,-0.8280298683316135
8485,-0.2910786631784564,-0.27199215863111487,-0.12485806999999571
8490,0.6963756969377892,1.26828898695745,0.036456255232264784
8495,0.29958402885853697,-0.29224716372245846,0.28534417669289264
8500,-0.20389591387209208,0.2646006245898709,-0.22897650140184836
8505,-0.4950667992081433,-0.2789498021091082,-0.358688791399335
8510,-0.2986867582112122,0.053687772820647836,-0.40548548876096346
8515,0.020935177833418972,0.665937821035835,-0.811201751127132
8520,-0.11410255757830916,0.277451128921449,-0.059842112451686975
8525,0.6176903318246193,0.705767800329078,0.27355299900292607
8530,0.6163403132485992,-0.3428694180824167,0.056589261053901635
8535,0.8791595446414652,0.4907676565159557,-0.37452979053061425
8540,0.6663725428732808,0.009898263527636385,0.053516666613058275
8545,0.12335892742500382,-0.1737313670638642,-0.23367359371663216
8550,-0.6908978744798745,-0.259906784356709,0.4790118735091553
8555,-0.22834513123102812,-0.1760473030932209,0.1074940366332052
8560,-0.5460333671564886,-0.27831946186893214,0.4125387236950621
8565,-0.30641231019767434,-0.027510234282731045,-0.3720234090063078
8570,-0.0013535023541428417,-0.6935166921588161,0.13292179609853028
8575,0.15751889084378035,-0.017241919484594363,-0.14387431684185892
8580,0.1986900008861139,0.01685745103950716,-0.3652166594450038
8585,-0.10636622413556382,-0.5388347892533012,0.42535436300337603
8590,0.2948781516451154,-0.32864679852429995,-0.09218765225259977
8595,-0.22304216645372912,0.1366710902412869,0.16976056236192047
8600,0.01795453158119691,0.091498269416407,0.29081742661004595
8605,-0.7586362334602134,0.598290135750219,0.6502115008283295
8610,0.13333009540409788,0.14498542125200684,-0.10283294473993107
8615,-0.6050962463528365,-0.21574101731142797,-0.49261640417217184
8620,0.23328213454650973,-1.0367115153276751,1.0232149411356555
8625,0.0501537194303109,0.10893668830369078,0.8136823360629468
8630,-1.0130135833221983,0.7422021650313475,-0.7692460843680535
8635,0.6879929522960414,-0.34435249213358654,0.769863391824981
8640,0.7272904098541021,-0.42856084237704983,-0.054866589891479876
8645,-0.258590554682856,-0.4787119617587205,0.570045971658363
8650,0.03033691931492808,0.752336898009232,-0.3972005083733037
8655,0.23551419475654903,-0.6519521912148623,-0.034597699936646985
8660,0.361763129368472,-1.055953138702364,0.5859038515407917
8665,-0.5716993439290932,0.23730481716124757,0.3120905121494957
8670,-0.19150529261652835,-0.1902738766187326,0.8104171292370773
8675,1.2901067532317585,0.7665438013988684,0.7216774096456395
8680,-0.633459207318252,-0.657141886160295,0.3097474128571845
8685,-0.8336906165628232,-0.5439610333348793,0.15367593999676055
8690,-0.4910235156537554,0.5349685031945365,0.11223275657781281
8695,0.23916023045930568,0.5279984880419618,0.027132580298437667
8700,0.022322151776737582,0.2089000809424716,0.152890909287757
8705,0.5719626395412826,-0.198891364209718,-0.3599839293235657
8710,-0.054380646676902164,-0.14851814075942849,-0.03543485253701054
8715,0.3591020416587649,0.7905499829040786,-0.6009495394898166
8720,-0.15085951194150957,0.07012823171176362,-0.11877355714121368
8725,-0.7921526924853489,-0.24749801274723904,0.15232100446524344
8730,-0.36990155882937714,0.5931243817378767,0.4019649586035398
8735,-0.9268177960830879,0.6550690525094932,-0.7054683946178386
8740,-0.6237753745164835,-0.2404969197570081,-1.3046132791994356
8745,0.08453308619167241,-0.11331534672785393,-0.9099627086393545
8750,0.6248487243681925,-0.05459797357866919,-0.4679169924954802
8755,0.6529960572170177,0.5354817849993794,-0.5948872186773432
8760,0.21787367505212235,0.5832754857934599,-0.25031979362036816
8765,0.09935364158766316,0.6657506903764223,0.781703788192645
8770,-0.8284100901446256,0.3854893400664999,-0.25786730209917097
8775,0.5907150372847548,-0.7418997327098462,0.4949064745284615
8780,0.6999748101365924,0.2860284593410748,0.3740706416473361
8785,1.0971677327355294,1.0386760025918669,-0.09925428699679445
8790,0.6476704405507239,0.7869399317848993,0.4233118227232612
8795,-0.2560841727363262,0.41257033877149984,0.54935536302367
8800,0.6381909264438524,0.7944156019039578,0.37254135146695366
8805,1.0681261090468914,0.2551229673027636,0.8835957338918832
8810,0.5222978971024953,1.0668704850289372,1.279434683412605
8815,-0.07343519623494899,0.40754050820477006,0.18624803590176608
8820,1.0004238927153661,1.650739145771778,1.158810993291649
8825,0.24412383940997484,0.29996590259934897,0.4860446143583107
8830,1.289404480993385,1.45229814559968,0.1352633762875417
8835,-0.11224065814443906,1.2628244598971061,1.3072960934013111
8840,1.632825908184358,0.9600301137012254,1.1507962382619217
8845,1.126542778485351,0.945571273103476,0.13397502924916382
8850,1.653934083001788,2.3724820981498884,0.424782950659235
8855,1.4649469347943938,1.0279322114073373,1.2625493597508504
8860,1.8134954533802305,1.3786407251291106,1.014511459086273
8865,1.4681651087456062,1.6394979241528382,0.5517346565742633
8870,1.0958224099812282,1.4520166773946652,1.9001927725442433
8875,1.7124394312200368,0.8327631013066771,0.9091927049341694
8880,1.6575960421478995,1.6892479076119213,1.418897346749637
8885,0.9593898396682796,1.302979962628441,1.3910803637792268
8890,0.7964908925090526,2.1951810219740677,2.0182753174041466
8895,0.10536064065962059,1.8106556854591105,1.4014639155535717
8900,1.7918104322869888,2.312238590943315,1.3336147203674613
8905,1.6393121991370212,0.7534709387879801,0.6369629998627621
8910,2.1083002254656518,2.099286605458649,0.8733742854309294
8915,0.007916979324659512,1.2485118494249405,1.460662899800847
8920,1.4638888471990192,0.6864606008659934,2.245930476093047
8925,1.0190015850775465,1.0142470417874168,0.9215525600203378
8930,0.4248807499901804,0.4086384016915642,0.3134368477049754
8935,0.8696917742444294,0.7658711531005482,-0.15759306154716335
8940,-0.08876294223900727,-0.034607214688532006,1.530704908265272
8945,0.3645610262855304,-0.02966673154441335,0.28717251283689815
8950,0.22186634406336808,1.3777293199910863,0.25843255826364825
8955,0.41232318489711056,0.7781644513869869,0.6232067715568291
8960,0.4940835755055649,0.9507427700563826,0.7560794765497729
8965,0.7307273723935468,0.08649208807148426,-0.49926450500879993
8970,0.1930668539270297,-0.20588636932039375,0.26428908492400816
8975,0.15954734972949974,-0.04798935624694903,0.18389471959482
8980,0.6596631275592206,0.3062186799120261,0.7384702199760151
8985,0.532659768521721,0.8940014817842521,0.10105922329386059
8990,0.21784216331300404,0.35848227025369106,0.8950597464059428
8995,-0.4468705663009018,-0.9739409095239133,0.5373158944736426
9000,-0.17910224224879373,0.2975701287136182,-0.21912036362806547
9005,-0.08239654787975151,-1.1801868494276686,-0.3504240840661522
9010,0.4353220926576026,-0.3587981382563901,0.9586420816003849
9015,0.6170562572648326,0.8056279692006887,0.10338227042737078
9020,-0.17259020026749922,-0.012047827963904217,-0.33252228634477776
9025,0.07866379232167076,0.4401198305363485,-0.30151554113483525
9030,0.025850903470559267,-0.874665922265613,0.37156475209776896
9035,-0.19038897763272353,1.0825263184995622,-0.33733857702547665
9040,0.08562337504905021,0.27966322921592063,-1.0545611550467995
9045,0.34270764092493305,0.025429404995276517,0.2338145716431624
9050,-0.533205918122014,0.24714007653955164,0.8148965962876943
9055,-0.0938615459118548,-0.3810289666073068,0.19202481854920378
9060,0.26860396016477067,0.41562195321085915,-0.41900352629604853
9065,0.9481750369224968,0.416477230360183,-0.5976991991360803
9070,-0.14759493722107378,0.297697553568143,1.10133569780941
9075,-0.06791164697028651,0.5881395706474922,0.13266697430381785
9080,0.3796120457298119,-0.6537884159157044,0.06159875550987021
9085,-0.032710220643135335,-0.14255170112447607,-0.11420354911010594
9090,0.25486870371568066,0.6222769431463093,0.25873248248417724
9095,0.058608806193554325,0.7094645266295151,-1.130580443294344
9100,0.21568478493822102,0.41294159803524955,0.09264618341575125
9105,0.7123524024430401,-0.5302214365920892,0.7919870584980486
9110,-0.25924533697576146,-0.025735316208624376,-0.3111400572067038
9115,0.4531881799266761,0.47806694524002136,0.05200157490311644
9120,0.6359158545073359,0.7181463731215042,0.1687100015123719
9125,0.5885465015404273,0.43432889559132337,-0.05308425721829221
9130,-0.6063431936686889,0.4321140532999562,0.2800950431199859
9135,0.11924298503125434,-0.49628698026903517,-0.14517857511596916
9140,0.003155088670525913,0.37754012932162767,0.515228279719888
9145,-0.5169528200919764,0.8835318347181519,0.28089760506039707
9150,-0.9041637486277777,1.0466176869015584,0.3043746990808317
9155,0.035524400589184685,-0.08854031969812612,-0.9412307397958135
9160,0.4418645197161228,0.19005055962469536,0.8521097215295399
9165,-0.3394667524046041,0.22272046831500886,-0.8639357365452376
9170,-0.33749221314827027,0.8210993597577239,0.48714184855710707
9175,0.4650238464908937,-0.2138234388129116,0.27262748516646595
9180,-0.3531411037448983,0.09409818051775956,0.07073107151388582
9185,-0.3857167984933494,0.6977900994087044,0.6306824502448557
9190,1.4023675504945132,0.7697948720697256,0.3087838845302011
9195,-0.4551116928052078,-0.5887532953131851,-0.0385504659945608
9200,0.040890951269306586,-0.1937379120812713,0.3819497706563979
9205,0.11999226851776718,0.1861892738600507,0.7928249038280709
9210,-0.5636615534739082,0.6518750187617854,0.13235703126741244
9215,-0.5958540431024372,0.20015723727256457,0.5453251967957422
9220,0.8792598246093941,-0.1439498184793117,-0.5814970981514453
9225,0.3392369114424034,-0.13078023142298184,-0.017682922145411922
9230,-1.0939451904251272,0.7068248962724213,0.5996487548625573
9235,0.2260757535146392,-0.16416798626389076,0.4203010854082703
9240,0.3400171111938184,0.8074792508126034,0.7479973182209401
9245,0.17189883327104308,-0.1745848850580105,0.4644529702315655
9250,0.31324743138796984,1.1067446811754857,-0.3560902433402007
9255,-0.13165712795093273,0.29032262525616925,0.5888135948080089
9260,0.1331118681957959,-0.3465806018530271,0.5414615341916942
9265,-0.023265452903217382,0.07688634569586456,0.6807976040469141
9270,-0.092593070340593,-0.1251016647125522,-0.8150028176876432
9275,0.1933100119918908,0.32452207372025754,0.4347168060055007
9280,0.5459644416363341,0.45236470814719876,0.04078610316302067
9285,0.7832757946622583,0.3808440613463179,0.4709526264574667
9290,0.7448091103280987,0.4288709943396556,-0.5836675642884377
9295,0.6596377619695807,0.9409035099265952,0.4310970429157306
9300,-0.5566247815147605,0.4556075315938309,0.42558975867798804
9305,-0.24134642133815004,-0.6486439443544159,-0.31097729922907447
9310,0.9208587308591398,-0.18546540273944173,-0.004265015059491867
9315,-0.7162289046011217,0.09520932485706028,0.8046671312500073
9320,1.1224405869252627,1.0087740681917483,-0.3344060829568166
9325,0.036772904892573816,0.02091595433394894,0.9474375882636322
9330,0.47714842811889957,0.7818677281251577,0.36525251172212425
9335,0.8553245091868427,0.0750974677324878,-0.58837651834567
9340,0.35944006780284815,0.5242861984411242,0.36105663069746624
9345,0.8045903187135851,0.5898156493756094,-0.08904406752922167
9350,-0.2459107488807183,0.8496496856659272,0.364680255644966
9355,-0.9993705754308813,-0.28301413905479267,-0.4520854514592269
9360,0.09905504232452353,0.7296863514029976,-0.7362795473279861
9365,0.33203121299159866,-0.38241029935596893,1.36133290360172
9370,0.04589806063760396,0.627707280546584,0.2720951570103174
9375,0.0009661637889727126,0.6364225172177058,0.03094744732142135
9380,-0.3834715929609449,0.3852042031745141,-0.3080084607354939
9385,0.7337246701679618,-0.30935855829725545,-0.03962563756417564
9390,1.1312725686153802,0.6496517984641665,0.2782158742530801
9395,0.3919053090248607,0.08968217435599563,-0.05251738963280364
9400,-0.11846324943568468,-0.6037959018964633,-0.20209424898785996
9405,0.6254121232670984,0.4202566944067986,0.8336292391019128
9410,0.9868761136980597,-0.2574700530505974,-0.06680751625636724
9415,-0.6161172249306998,-0.011645502328499896,1.1250911472621743
9420,1.121835817672986,1.3700258670669005,-0.09824766937911936
9425,1.546366268435319,1.6443749250810769,1.5594864831991244
9430,3.0205094161404427,2.1422074508531423,1.7984583819533273
9435,2.1151690414920017,1.9793205975432617,1.5305198603137868
9440,2.028298555768841,2.3866173618031814,2.2617505399013784
9445,1.950680006991897,3.340327128010556,1.9566366039650465
9450,2.5622851198926746,2.1461541060138196,3.095976562293739
9455,1.6834618483815844,2.525404513684902,2.242171968667973
9460,2.072567748333812,1.1324765341175493,1.7909596561587393
9465,2.0284447786143387,1.6441212667217313,1.488325381984859
9470,1.9496007242511713,1.310186258184622,2.710348175196053
9475,1.6297127532141542,2.190116730786883,1.53217388973099
9480,1.1126361041262456,1.7225948535842903,2.671970260982228
9485,1.7921558870914325,1.5265209046829151,2.474594064839486
9490,2.318496640235,2.3736005715279163,2.012116149608723
9495,0.887038947842887,2.5633998602229693,1.7872829491192628
9500,2.066336058393184,1.741594657616542,2.2435010184639483
9505,1.9970824733042667,2.91824777074022,2.3735644087827006
9510,1.7520522206963776,2.0107139666108247,2.310200617444825
9515,1.1471995480321866,2.4220757336250225,1.7999466468030625
9520,2.465923008223047,1.3632878789870868,1.7049422845433453
9525,1.362484304678886,2.1274247486622078,0.8382910877069221
9530,1.5917909813514215,2.1666398066144192,0.7609384761648947
9535,2.981907517531063,0.37770310426057585,2.053285488825867
9540,1.0529774781933465,2.833539841660914,1.9088875882618859
9545,2.484991731264212,2.1985351908504436,1.5731460247398377
9550,2.9631706003507374,3.1984921603882897,2.647478313951338
9555,0.9636492050746341,1.4879309448400928,2.098053296473704
9560,1.8420840984279534,1.3281620496654531,0.9042545923761394
9565,1.6710045216441505,1.7190535243313914,2.6592447820921077
9570,1.1823980382366717,1.8573566621122093,2.68114552970425
9575,2.4755346353971652,2.487141213004845,2.4559942351595128
9580,1.678953510833866,2.1406057335117024,2.8962640612814092
9585,1.4500677360664638,2.192507042719061,2.1184893632409936
9590,1.687504754866233,0.6790215919972107,1.3148301432215876
9595,2.0457449697014947,2.6980553562755043,1.6543568508085387
9600,2.5700015125393745,1.7491238603766046,2.953167642366029
9605,2.1963797997383634,2.300348325942869,1.0448245260583982
9610,2.116307788584059,1.75788243682384,2.4332801135718087
9615,1.3056999001989045,1.4470292131553113,1.7778241176179406
9620,1.9832142433753899,1.6532291929768044,2.256399488393314
9625,1.7123835072608848,2.432223993183926,2.0728481409113835
9630,2.3939249491414576,1.8269517288076718,0.2413063602803862
9635,1.4838924715929782,1.9972444252590758,1.657955923054427
9640,1.9147842261796424,2.0790222610252833,3.147891715295312
9645,1.756875673906851,2.8912818016036743,2.100837002650461
9650,2.459966516802429,2.654724504961146,1.3207694075839898
9655,2.6899189142990276,1.1144658505467615,1.9334374177023552
9660,1.1679615242136085,2.0926114915191514,2.132571122281199
9665,1.2204406524916938,1.5984461994380765,1.9146794965502847
9670,2.731371614709814,2.1072272558151854,2.048010688230234
9675,2.708065519667317,3.022017779034276,2.2639199745813365
9680,0.6735653517736679,1.4863112332477681,2.5250407437932108
9685,1.633080497258205,1.9986880798767703,2.065867858248297
9690,1.8260659415700617,1.8847560363228404,1.628541283450406
9695,2.4936741094206316,2.234041396571755,2.33014589289786
9700,1.455999457865599,2.5097450829170906,2.475964697025845
9705,1.8203378314819993,1.437868583300877,2.157416197200833
9710,1.8110312505757666,2.8715769714754296,2.5324122113784466
9715,2.518590862192998,2.213598368630255,1.6771191911504053
9720,1.9658327938522697,1.3247434339662574,1.5027471598023556
9725,1.9949401720737872,1.9820271960465248,1.8323262362497814
9730,2.634343363695423,2.173038086567664,1.544676719174566
9735,2.25485269655432,1.5289473331117633,0.9250330753751053
9740,1.4406602747264552,2.1558745791116194,3.387675379527112
9745,1.5950266043475048,1.9619372522044856,2.325645766837551
9750,2.1013443722082927,1.728589495389758,2.717746913700551
9755,1.3337691563613783,2.0141561951232636,2.818889109244969
9760,1.7734034503171068,2.4727150121427752,1.5284596519967286
9765,1.4792511158751207,1.4398180188385,2.7963512627027796
9770,2.0094189181153594,1.9143081670856128,2.3656324492887664
9775,2.1065929940826025,2.2900267943978934,0.46656581870163016
9780,2.8818450210324076,2.3525718640781914,0.9440610334471773
9785,1.5305806371249702,1.8496466099512592,2.8732425756433115
9790,2.1977110931914514,1.1910428678316094,1.558102727194514
9795,2.4823888725552097,2.4053461424501434,2.9357036047821428
9800,1.720758831095124,1.6829739917784448,1.4554093532678725
9805,1.339349001796708,1.2512650123382583,1.6795867596446579
9810,1.8824869089701415,1.192163101864796,1.8466126933534281
9815,2.0308275413313157,2.211300999420651,1.7327260430801965
9820,1.6864578465669535,1.8884805139043987,2.0123346164896514
9825,2.514649004272064,2.2071001209864067,1.6355022543530686
9830,2.2925895165182775,1.3638653103649059,0.9699283916400955
9835,1.897186240403026,2.327152213171546,2.117984296770935
9840,1.4603762209163782,0.8959985888853296,1.038160121625405
9845,1.9808960011325685,1.349716151638435,1.8728410717797446
9850,1.6806701554640897,1.554249368629395,2.059966911396248
9855,1.9902475163959161,2.113955062782147,2.7107314249446826
9860,1.3002203553236777,2.304979682990135,1.9727597585997847
9865,2.263581108619349,1.3667384801967626,1.9958271876914178
9870,1.9971336370969748,2.2688680292602275,3.129859263038699
9875,2.324824132575335,2.889391282036483,2.39459112221395
9880,2.709698879393876,1.3428497902620773,1.6122248446472707
9885,2.144004915612876,1.7401387623144575,2.5493506849924312
9890,1.5698477309330643,2.0844062360487756,2.06633819325984
9895,3.254070393613425,2.5128434801594794,1.8074444938989886
9900,1.1991447639911998,1.5591984528568825,1.3371071470182154
9905,1.831880230228925,2.3985628719175036,3.7683529409358343
9910,1.6023138985091596,2.294488838743918,1.4108226272791193
9915,1.3709788223201063,1.4480858518630895,2.1655551034284244
9920,1.844213365964303,1.3975192764583224,2.299590335368844
9925,1.8811289042301704,2.1406719640321494,1.587367712708652
9930,2.656244727881063,1.7977153093941702,2.2193209647536785
9935,1.8452179261679227,2.64805033350812,2.708251731213753
9940,1.9221803737065166,2.915792395738774,2.1907894458232904
9945,1.4962456128451107,1.8726653102436264,1.5116095137783194
9950,2.2866515904129354,1.4924784316146706,1.724075629863001
9955,2.4533767047747532,1.748912204350046,0.9078926599723499
9960,3.746311679991381,1.6609839664947532,1.8092739188351605
9965,2.2770920923919324,3.0606609705174277,1.6048262349900875
9970,3.7692812753620943,2.321950375475038,2.45949903996332
9975,2.0296825121379056,1.8693901327979614,2.299364529559387
9980,1.8411428972974178,1.6940340649995276,1.8461445036686441
9985,2.255728226649306,1.887015532395101,1.3368235820632304
9990,2.0277933307540312,1.5693647020017911,2.9689456750320984
9995,1.9504801697607022,1.7017341158513468,1.9312564130613683
10000,1.9855364166549014,1.981902922185754,3.077491941438053
10005,2.017406755774369,1.5754421604214872,1.6390186799031716
10010,2.179794783778166,1.910013884626994,0.2991278985289132
10015,1.5765876580754385,2.4682278162429987,2.0661213172712456
10020,1.6028858664534456,1.947311749254705,2.3590298755858963
10025,2.1695266061651273,1.913288531037576,1.3465393379233472
10030,2.19559985466487,1.1334831525144444,1.7315387916963443
10035,2.1501364440626825,2.5513467243057475,2.463399976637576
10040,0.7828370659656614,1.814286000167831,2.7613638945321646
10045,-0.13175580610278823,-0.6204108412867383,0.26720507121013687
10050,0.27032044970425967,-0.20973677295728832,0.35020336139789765
10055,-0.13080857534035387,-0.0546632356422657,0.14515483733071605
10060,0.1979686576055288,0.08282859224136133,-0.2861904884342793
10065,-0.46496937732530463,0.4645611048727724,0.2372751626675354
10070,-0.01564049854957505,-0.5351577167387708,-0.849756409725481
10075,0.6272285266079712,-0.018429877067070645,1.0795718358885167
10080,0.24718472211109802,0.42639180062546095,0.3002670798385767
10085,0.5231386451921385,-0.32674398656786807,-0.3464479277001982
10090,-0.5139668015592982,0.38843586091545684,-0.6383656230065893
10095,0.15074749309559726,0.7350645314561622,-0.38958896239503565
10100,-0.028193384796453922,0.215696764707653,-1.1923330239282517
10105,0.5973297673647605,0.695785198793174,-0.7239711712567345
10110,0.02904801604840013,-0.6202529058193322,-0.10119481258557474
10115,0.056497089117584554,-0.5951318924604332,-0.9225406566923722
10120,1.2337685300754735,-0.6655114458726878,-0.018694366554669717
10125,0.17490664489427568,0.6537151810760496,0.2932540522290669
10130,0.7507599619457623,-0.38718352044026183,-0.12487468362164578
10135,-0.24927287381045687,-0.21621215112798584,0.18081962914084754
10140,0.412169878439469,0.37446372669023453,-0.04073107667915079
10145,0.3074015921624295,-0.7035209061608714,0.09632409709281821
10150,-0.3251565284035027,0.6148277306415686,1.0349638353675334
10155,-0.09183202155286165,0.16543728680610234,0.8587320369774213
10160,-0.2323174286678027,0.6408785501566192,-0.3175778794000992
10165,0.10123538574644159,0.32890936053420833,-0.1324846808208299
10170,-0.0313028176047515,-0.7585355510531421,0.04745999251629457
10175,0.5378202954609481,-0.8139459300011833,0.10552651949727744
10180,0.009416438004913433,0.030721547459463223,0.5057150263186987
10185,0.03241080782715359,-0.28275760809022704,0.1762542359514557
10190,-0.21673419181817752,-0.7283354574525776,0.5142513857123757
10195,-0.598071134606665,0.6729694325068547,-1.305561268489202
10200,0.20207641664217313,-0.18874381574100216,0.34465016108050117
10205,-0.3978425393304801,0.1920005642801738,0.1335299157355202
10210,-0.6920460322030715,0.3232231787105444,0.3448726149484779
10215,0.9467116486014098,-0.003865883502379966,-0.8688316565019897
10220,-0.2760129485307444,0.32803325156439567,0.4915638725427968
10225,0.36185641957201004,0.6174501783876635,0.5790547249577294
10230,-0.09366191986179179,0.23673875397848,0.31088710668448655
10235,0.03883671538887453,-1.0143690046226264,1.0795114562752857
10240,0.12741123392524475,0.9762188176239963,-0.44925522057129436
10245,-0.28088806782146575,-0.6623976147127467,0.5089362570631962
10250,0.8966285911840819,-0.5013856586216466,0.3166879141468767
10255,-0.3099753482162996,-0.007861937988441085,0.13299383061106784
10260,0.7089223771127063,-0.3252506269055999,-0.6415674302339034
10265,-0.6643603477711757,-0.6851035622378977,1.1416610073478928
10270,0.7682894376263587,0.3554233057251411,-0.6412348109092252
10275,-0.09520889734337636,0.4401184466764366,-0.49335032639466275
10280,0.7251079804692304,-0.5458391891522173,-0.6011542305011073
10285,-0.18623830432740415,-0.7719342462563631,0.7531154504455818
10290,0.03960651904480701,1.3743253588224091,-0.9745451128282504
10295,-0.4878453786262768,0.8995681973388201,0.5287261398768194
10300,0.8924406995229651,-0.5560449340651129,0.029126087478211552
10305,0.09904070179011404,-0.08770709240030809,1.4543035714732548
10310,-0.13207787843652014,0.042122439765210004,-0.24710039633283326
10315,0.03271234845334531,-0.036514729081261924,0.3997552468855176
10320,0.36956853230526937,-0.269443555637551,-0.47345973694883187
10325,-0.6627793566523379,0.10600319753140003,-0.2571313325298094
10330,-0.6882330871614069,0.37854066544201803,-0.2033556256279363
10335,-0.7496366742112683,0.22700915326924356,0.4973559582190145
10340,0.3607396828315548,-0.42549206669603223,0.02013158637472706
10345,0.10181127796742714,-0.2528433172050065,0.1294911344486634
10350,-0.25004119547142,0.15155028871768034,-1.154723526946625
10355,-0.02960761788594636,-0.43999771920860226,0.3062843470125306
10360,-0.05750942106659861,0.3185479613932925,-0.29543672801008
10365,-0.04028791249018533,0.019159655128331662,0.6709807553179156
10370,-0.37059039205294686,0.4623231446504824,0.03192368242399332
10375,-0.21649424191125438,0.06145489578902377,0.17473699609725785
10380,-0.5322290006626436,0.25932041237388087,-0.12953410915929972
10385,0.6675048432383492,0.14554182834002405,0.12659417115974664
10390,1.713995168033235,0.38032960778017066,0.4963540004709679
10395,0.8624363525959814,0.4601689429349094,0.6108586723975564
10400,0.5195002064872045,0.4678803696494132,0.43785002835127085
10405,0.45241805469502405,0.6430711788315305,0.9407523459122125
10410,2.0108558760313926,0.5510928228616843,0.6009405664653739
10415,0.8790445897813651,0.18833381728565096,0.4156874964483938
10420,1.3428933326151657,0.2482822287309278,0.8663817238926306
10425,0.6488497963873309,0.5533664397839425,0.7214041547384183
10430,1.268593821332516,0.8145701993822035,1.7070117540501695
10435,1.2206090764306343,1.9231660352350488,-0.08670645882313455
10440,0.6644343009170207,0.5255399542558208,0.7120034269650529
10445,0.8302563462913204,1.3549446822935696,0.7773166981318358
10450,1.3594556688179453,1.727613830155823,0.45472919531135236
10455,1.2213928214747496,1.597011008885445,1.2270246980649508
10460,1.8571662865862424,1.959178096155751,0.7708868523947077
10465,1.5547933159524407,0.9198093423511606,1.7372070816978384
10470,1.268426762062207,1.726845711959104,1.3703070990533537
10475,1.4997751468781522,1.4792561437601455,2.462062359401946
10480,1.0898048509517948,1.8933503967582372,1.1990887791794225
10485,0.7179153494498656,2.113444798158426,2.0486061684171997
10490,1.5781283131884247,2.5929330117996083,1.2127043089106009
10495,1.6782765540609366,1.5486818979403174,1.9087616287380893
10500,1.4956895810970405,1.574683928205686,1.1501703233412257
10505,2.1623189289533506,1.653927459047206,1.6500036872894481
10510,0.7689705151337405,3.323244180520834,2.8126452054670485
10515,2.4628373325072794,0.8193593791748659,1.1148282882074232
10520,2.066546355562071,1.1576106816942984,1.7116466455689958
10525,2.0598257847403865,2.0599147743302493,1.5990622953241125
10530,0.4515137780751831,1.161230318606592,0.9045129734298047
10535,0.41002847540246856,0.1482905154168508,2.109121303421343
10540,1.3314454072344426,0.731776283577913,0.6615139609217279
10545,0.9727753987560118,1.4071340815192495,0.8092621591904542
10550,0.7321234069918477,0.5872480181387696,1.573148192209059
10555,0.28717221804845106,0.9678220154129988,0.9383136425532236
10560,0.5624006433615674,0.8279327787309807,0.27555467736235373
10565,1.1657696353544391,0.1024508475159801,0.28941149942731653
10570,1.4648195593632125,0.9365724075409946,0.8333087420439538
10575,0.842576775564744,0.5245171184421095,0.16707664113969106
10580,0.2015096492215795,0.6930386387074099,0.3987640994605309
10585,-0.22807536475308082,0.6752176022270308,-0.6146225509499207
10590,0.49984061919120665,-0.4352288361191222,-0.19110045376613183
10595,0.19876884219526633,1.2454461882550327,-0.3667241872202246
10600,0.2864195633817085,0.9863076404461892,0.08771298244184572
10605,0.35061487040963213,-0.9121611610711375,0.28627659317704196
10610,0.2366445995620686,-0.5841286849634792,0.14292004461169866
10615,-0.5377504272868764,-0.1969706147131044,0.112231216398502
10620,-0.27217566353988376,0.023789717729883864,-0.03433482777071059
10625,-0.6986385850692505,0.979390825663469,-0.6604741122042816
10630,1.361423842081856,-0.09571445790487362,0.2968759312763417
10635,0.7398238382896253,0.1007234806611744,0.8477428520656799
10640,0.7362356979823743,0.2831418912977999,0.23051925131608633
10645,-0.48109923122612075,-0.24227208723622345,-0.1303928691710749
10650,0.14386809327404448,0.10959421374818115,0.1693521853203353
10655,0.17904003453630127,1.18933477563968,-0.20375300870180485
10660,0.2340937096336754,-0.23957283595510623,0.8125404481159457
10665,0.1311402405050205,-0.5823917824191962,-0.41381370369135984
10670,0.528730664699804,0.3666913755522395,0.14834481402945657
10675,0.8125391392628867,-0.7815299429101097,0.5251102779196045
10680,-0.034738267350040264,-0.4226366582360189,0.656509650795133
10685,0.6904904128033302,0.4281969369648271,0.18937961248219065
10690,0.3468886087983447,0.1194777209499899,0.4006530260814815
10695,-0.6418798873900211,0.24505709492264197,0.3584319008714516
10700,-0.014723139467069352,0.574908842731623,-0.2703832445912957
10705,-0.19554612703749735,-0.4367247817610892,1.1133824895474402
10710,0.11376162153536133,0.27038829034449885,0.5239511532667286
10715,0.675334512449792,1.6920134543078689,-0.2891662478268985
10720,-0.24999669887053771,0.3813960907908645,-0.3162183740612607
10725,0.6611651333170396,0.8963835675028649,-0.21720445908648706
10730,-0.6318516223950145,0.26947248598107926,0.10914692523630404
10735,0.6083388869607443,0.3999703902710603,1.6361305313513597
10740,0.11296868295660747,0.2781911148597014,0.2512094156262481
10745,0.7188401416324025,-0.36947450315044084,0.011976145213404843
10750,0.7930595741952388,-0.1279348175076972,-0.10962194433287822
10755,0.7743408219922086,0.7055490269991802,-0.06977136793588093
10760,-0.028266487862310674,0.3925314569839381,-0.7417737538970195
10765,0.3821722892470028,0.05423074810394858,-0.37802989474891335
10770,0.6148824685646233,0.04894090851386937,0.3802090901963918
10775,-1.0403474468336666,-0.10791956961025864,0.42562286745246247
10780,0.6172360149648853,0.1563024537375707,0.23713858908775606
10785,0.28740048820747444,-0.005737644238273776,0.8376828556957743
10790,-0.016182086336959528,0.8709142830212645,0.8573169136558224
10795,-0.2908317750750947,-0.005759213549942549,-0.09581664558103348
10800,-0.147237011685263,0.4836647516367497,0.37862020352151127
10805,0.22791742140492313,1.5942166157908577,-0.3587577114896212
10810,0.2692851453999703,-0.0695019184384971,0.1707893736036099
10815,0.030481988075499955,0.6324917832657205,0.5859964105604545
10820,0.8163505937348081,0.12474351272269438,0.7776877874812269
10825,0.8065767802528033,0.3626974313913782,-0.4280154598681689
10830,0.5087228372964848,0.2873130347581776,0.0357702639496921
10835,0.7535749877697221,-0.025082732531634983,0.031107255110216753
10840,-0.09699338235519914,-0.30659401678867976,-0.1446620054566528
10845,0.059744297477622485,1.0711581398525167,-0.2991504657149966
10850,0.08536968045492445,0.020841556343160317,-0.11097712257859188
10855,0.7636040149780084,0.11862855886293483,0.8418184236802012
10860,-0.13963176363775168,0.2643706401025609,0.08874311031642748
10865,0.22798109174413209,0.01954105206909662,0.17528500598180244
10870,-0.3395962024580332,0.4543092780102296,0.5860823701825959
10875,0.21863327908611266,0.17287949983370512,-0.02714763224088293
10880,-0.4877711836072154,0.505640718486598,-0.2750513402853791
10885,0.6535550196867587,0.3309287150359316,0.4250171804349753
10890,0.01102266628401602,0.3817790627444412,0.02323128825448012
10895,1.5045468021504695,1.1464667704944165,0.21883843798711855
10900,1.0806405201784521,-0.213057842219419,-0.055060508707584305
10905,-0.41750167342986433,0.15428532861905542,0.792677636687448
10910,0.20496304766437654,0.42178448431929205,0.6038718654472237
10915,-0.43913656657457845,-0.12069585874941438,0.6191489679836436
10920,0.895751515908325,0.3394830821436362,0.21734257378603788
10925,0.8661440263874204,0.5761913355225455,0.27349224846270387
10930,0.9884256843814148,-0.2636153530379695,-0.3560316833023619
10935,0.48460157627777434,-0.5571025153595319,0.11566156055316916
10940,-0.6826446585841379,-0.5493141794086763,-0.4270317973752912
10945,-0.6832487596059788,0.31639709465007737,-0.1930920157477337
10950,0.10593095880912266,-0.4511217860369369,-0.10252885706169726
10955,0.07338716538977827,0.046485601684760625,0.751439655395754
10960,-0.46329930748385106,0.596300528253355,1.1115610462911734
10965,0.11810125446901582,0.41769282651694795,0.3445487165424891
10970,-0.03306534280548498,-0.31682374666683955,0.7895122979488796
10975,0.1527898927959819,-0.43039436860650493,0.12620510336397617
10980,-0.3588829525799244,0.3496566780804138,0.18883565947886133
10985,0.3447088034148043,0.23323806762048044,-0.43688005884960807
10990,0.4582034970731629,0.3110994655302618,0.6245020953290037
10995,-0.18609624733208693,0.45513911435639753,-0.7377522222503872
11000,-0.4918204697518919,-0.2666109525491219,0.7396161109450994
11005,-0.1455560551219145,-0.0024386402697681164,1.095930866208561
11010,0.4023003219738871,0.31039527788811483,-0.44056435134274063
11015,0.22526366789850216,-0.07209072645531028,-0.02854606926224773
11020,-0.4649039227811771,0.5443976053268059,0.6572203365535482
11025,-0.30653990971838996,-0.16351026055562337,0.40417344344406025
11030,0.01554393162002346,-0.19582317917789444,0.39453007197052925
11035,-0.2722856597566855,-0.2922018187725317,-0.7996121776706082
11040,0.3361990185564747,0.1311624457639175,0.19867819143145796
11045,2.6009384335191763,1.6656806950299847,1.8605555888705456
11050,2.078857848358106,3.1019216895999353,1.7799747738113258
11055,2.1550946215768074,2.2746512725160106,2.0126619905180987
11060,2.555912026295993,1.8386989567886596,1.8897715200777563
11065,1.2559154611156957,2.551686328702234,1.6576077588184814
11070,2.112531941394509,1.2157663900154567,2.4718152164135585
11075,2.066248345634203,2.5148573455556695,3.1397897145816382
11080,2.885305496056212,1.030843822246122,1.0345729143259927
11085,1.7027058150462178,2.485190421130222,1.7520216188013085
11090,2.392363240920665,2.4405551897531224,1.21504316483369
11095,2.1792719244033516,2.080441966519293,2.0110289444458
11100,1.3753418249069893,1.7670992406660018,0.9497098863766777
11105,1.8708659153324745,1.5225376738524383,2.603945591900486
11110,1.310898564964544,1.0276355624208333,1.8963936728805804
11115,2.6504119961774695,2.197487509597146,2.6494391394872223
11120,1.9495524860850133,2.0347619919391238,1.2523247318181179
11125,1.493881320061929,2.205152877657242,2.0164385784261536
11130,1.5442709954996747,2.0217224672283285,1.6966122044216279
11135,2.208545094993301,3.0050179490234505,2.4832547836476158
11140,1.601225638180837,1.5652701242888172,2.4170274161286174
11145,1.9298840693285149,2.2833676305965036,1.3266372283394876
11150,2.317216157705,2.5710106839754143,2.1097575697432287
11155,1.4497409610344154,1.5843272215580524,1.6410075964304265
11160,1.8064056749435486,2.236126277275117,2.135275409029803
11165,2.1642237552962875,1.3571760041617642,2.338007794065779
11170,1.8076206335318759,2.4108560018808856,0.5900966854786955
11175,1.895197667134768,2.841255047543773,1.7410341981701825
11180,1.0949292428066315,1.7705167117092626,2.6886555297541097
11185,2.501586351316264,2.197486840873808,1.8245612916203053
11190,1.8708997419122273,2.4116048338860976,1.1408832118916072
11195,1.6523616752407317,2.1576375937762284,2.6134089049196327
11200,2.7346283551553476,2.198041828969697,2.1952151161007984
11205,1.4531396187361165,2.1766219107677625,1.3963158555803883
11210,2.3397818991481727,2.4875533502802254,2.136613184369231
11215,2.3765755903898906,1.965418357428331,1.2097712226580635
11220,2.4665399951355904,1.8696541055001832,1.0159247580807578
11225,2.1795983646134625,1.9569149430083226,2.5399775025394766
11230,3.307722219456091,3.010691658987813,2.4068461883814356
11235,1.2379273389634902,2.3219111870354205,2.367158216312753
11240,1.7771279087733989,1.914294575406682,2.369478816428816
11245,2.865241165117097,1.5234777441338396,3.2730147779102063
11250,1.2480078693059131,2.033639814913227,2.5302606357560022
11255,2.401294107933342,1.4822685930465156,2.2366550754849146
11260,1.9714113966234592,1.9755118174008246,1.9048362262906873
11265,2.0910887632326043,1.1799388330275422,2.1074556594254745
11270,1.7239157330748347,1.9816668923312948,1.958584956693119
11275,0.9486325263778946,1.1223389767468737,0.9923854303581623
11280,2.4702364665462104,2.165078589470336,1.9672572358571245
11285,2.129028066611354,1.703818956315338,1.6784383538439478
11290,2.2667131077047733,2.344881677031694,2.2468505581005123
11295,2.0015452036527055,2.253409531482188,3.438479326439952
11300,2.0958069897413374,1.8370239815039673,1.6362065885989234
11305,2.4358118612313513,2.0783645319714026,2.562963788470983
11310,1.5933178344568404,1.3604995785881038,2.105874428869765
11315,1.7792933501983768,1.9131257787904234,2.3414771904489244
11320,1.612637040384279,2.2191786065573043,1.710372336202806
11325,2.082713012043135,1.6946344137014666,1.9766859913595953
11330,2.966091728485859,1.8476983795789124,1.5089380202452056
11335,2.1521978014662397,1.9083647788606053,2.3818782046206035
11340,2.868473627672792,2.314009418295254,2.2594861175257197
11345,3.0743117558085378,1.7909010224405792,1.2430317892990566
11350,1.3235679077778286,2.1294367604638658,1.8594358808813916
11355,2.672832038284948,1.5007493770786438,1.786064070016563
11360,2.8840178201260143,2.3407991592799475,2.4365138268066353
11365,3.1234322962434655,2.417286122222805,1.3808348842803406
11370,2.1683767573205195,1.610564901715637,2.726782549046841
11375,3.2924023171103802,2.269273737768662,1.6008396603518265
11380,2.564110989027761,1.7714807566403166,1.9199793157482048
11385,2.349604876473778,2.4639563957974002,2.2563108337687554
11390,2.09715493639493,1.4513563409164407,1.5190163594584365
11395,0.8725095253151121,2.4893385071065754,2.716954196978983
11400,2.16567913660755,1.8910879762830743,2.5285596219454956
11405,2.130305089104386,1.8199315481329799,1.6953475183912612
11410,2.700983807349967,2.6095660057874124,1.1774114687012431
11415,1.7396620294146568,2.4716287459577226,2.654180435753684
11420,2.6204740001359665,1.9215315356177431,2.4711073505589156
11425,1.5944306242408761,0.3411619021077261,2.0442989560434865
11430,2.16086324475035,2.3933865640149428,2.0997723953532517
11435,2.5169806688017036,1.7895598476923151,1.6473973401832414
11440,0.9176066588814052,2.1806288935898968,2.5432512696153964
11445,1.7691938121082438,2.0392083777431034,1.7986591449419593
11450,2.3736631606187952,1.6988198054498649,2.057403249754392
11455,1.9651387643929499,2.1004399271887597,1.4297847733873381
11460,2.679471158659654,0.9308394307335851,2.7302600949301072
11465,2.0216049056766465,1.8239645414000658,1.9927609438073348
11470,1.3921942512580703,2.408157299912539,1.5211767058261043
11475,1.2763451936019132,3.0451026994283175,2.427576607540508
11480,1.7110891715426157,1.720309336139828,2.0175506696033563
11485,1.6968056125895723,2.8717965447943756,2.3696638397374614
11490,2.0636047047345762,1.2923002746071415,2.3248798023926893
11495,1.6088490078566584,1.760607564032629,1.7706428908436658
11500,1.2743198558304303,2.846703949295007,2.0225422217294646
11505,3.3296356145179042,3.1658957161007093,0.3064230032535826
11510,2.5238797406650524,1.7117425432406495,2.923000066593528
11515,2.6321344677635423,2.030874514076892,2.4148982714708853
11520,0.9321479483840481,1.6422736398815512,1.8949220403288711
11525,2.6482793105070197,1.9761009122707307,2.68162852953661
11530,2.501893686818593,2.4566794427676166,1.3700781881901807
11535,1.8053622558962157,2.273818504634305,1.5203746527403357
11540,1.951450705950308,1.9575615111673903,2.018734197057041
11545,2.12977279013213,2.102514110432654,2.5343495423963294
11550,1.843883396741565,1.9873517510163645,2.2548336952018415
11555,2.3115480655777376,2.045870082104484,1.895746796797853
11560,2.4276998905448353,2.3379813269579386,2.183613687139632
11565,2.0970631728243556,1.7333802561355474,1.5538184233036407
11570,2.6407857887738526,1.6867664123477055,2.013565628167005
11575,2.198302081800841,2.4043907180874378,3.0489347251901755
11580,2.4724498367578014,1.5345358747306712,2.307132753370884
11585,2.5350364283883633,1.987428271326965,2.4256624400925193
11590,2.0844671829373693,1.769534623922875,2.7481170971979605
11595,3.146716520362534,2.469840348495854,2.587030720308699
11600,-0.8247976211749029,1.1482909837119788,0.3780201866693147
11605,0.0646006492493251,-0.08908713550567261,0.30087822053578983
11610,0.9666781102908883,-0.947652472534236,0.5270190738017534
11615,-0.5332706664748729,-0.6093534110688211,-0.6473204936630939
11620,0.6180545572944078,0.41885086846952096,0.08435751413761426
11625,-0.08914975463160288,1.1650594711271964,0.28132057063696253
11630,0.005524210773163027,-0.5146921243277189,0.21317571400432805
11635,0.4903224189893434,-0.057835963257837464,0.08051477939981562
11640,0.6217212285342086,-0.4376139777373758,-0.19396844367416524
11645,0.17718014517463643,-1.188033985601138,0.02366965633917462
11650,-0.33717722513856896,-0.4776096165508264,0.4093814620378745
11655,0.663075199721822,-0.7055376821692677,-0.1215761647694463
11660,-0.4069202581309072,0.010191964208145544,0.4978086644492223
11665,0.3867997608140673,-0.9265111365287613,-0.08750046732948157
11670,0.16096833245522857,-0.3093932000037993,0.1540586831131709
11675,0.052176085290405,0.2282822691066248,-0.479152077049117
11680,-0.6301063493909052,-0.720512521302516,-0.9837586882422529
11685,-0.6961553097049739,0.3641102924564105,0.3213577717991842
11690,-0.17444498142778503,0.04602716784096255,0.38480184757113706
11695,-0.3150671600107821,-0.8503554758919882,-0.02141440404508893
11700,0.4927506412807833,1.1136086186913807,-0.15269115378346487
11705,-0.6130705120867436,-0.01258939104492762,-0.34134963112128525
11710,-0.7645441815800362,0.2649145354488059,-0.7931272531307838
11715,0.35863821295485615,0.20595088137484455,0.41328522779947985
11720,0.2161182126760974,0.3482729964032827,-0.9732499396119415
11725,0.7692524094612828,0.6250766021695473,-0.46955404216940777
11730,-0.6142598080939007,-0.4639381075207883,-0.41362103170003256
11735,0.08732810207538748,-0.5165391820761844,-0.5893887713794405
11740,0.3679913399121177,-0.6810183564897874,0.026373481554454077
11745,-0.07992219737744673,-0.5123802305210509,0.09302015912368715
11750,-0.35373858161796773,-0.22010548933773671,-0.25022277192959164
11755,-0.5931093429942299,-0.3483535337059456,0.021264473249128526
11760,0.26147399350706346,-0.11317742323809989,0.245962159402891
11765,-0.57405749099118,0.08133224313536636,0.21575377017606276
11770,1.0139751623538447,0.18143237551648922,0.1613664918100509
11775,0.2443515252815701,0.05376346850014926,-0.16479616437957387
11780,-0.20337485897409152,-0.7722058699768886,-0.14257555621276952
11785,-0.5013304160310776,-0.5473298036721214,-0.33867220442029256
11790,-0.8590394916059956,0.08708588983085931,0.4266491205974652
11795,0.25086385562763025,0.20167192478996246,-0.4192575777891781
11800,-0.7104185976352262,-0.09852408440291471,-0.04628017856065609
11805,-0.06344279114460645,0.6850319638445164,-0.23107155549685224
11810,0.5684946239939557,0.261146289128819,-0.15735152516544104
11815,-0.09260397521722569,-0.8682089957869112,-0.3113865532781679
11820,-0.1094987587147401,-0.3406957030871883,0.9295955925700038
11825,0.34949129324214695,-0.07223963273222488,-0.09291546119352576
11830,0.858841266463304,0.29258484429538584,-0.051178681816905165
11835,0.9559131835874596,-0.13376495429515492,0.5699803299329761
11840,-0.10620160310209738,0.03866237127491432,0.12850416860764519
11845,0.1589181092902073,0.44285401297132937,-0.21916644259475837
11850,-0.13955506281002583,-0.47238774883653945,0.5911477382561438
11855,0.8917353521611522,-0.32499977339041225,-0.5314167208262939
11860,-0.11377685902322797,0.014192084115138375,-0.1524371266806328
11865,-0.5636477224006421,0.4382755253705366,-0.3042299130197695
11870,-0.07910748383895727,0.31144275675375604,-0.2133709716237375
11875,0.21132046567975674,0.8707136646466056,0.7800528695318797
11880,-0.7346907569611199,0.09493369203268502,-0.40881889144293243
11885,-0.02652851724565259,-0.2290714582436163,-0.2954674100547995
11890,0.08564026087970485,-0.09345904821347796,-0.48666096703787814
11895,-0.19408027068990413,-0.34953332828472444,0.03422250365954175
11900,-0.6532924033238452,-0.6494624465170037,0.2349944876829608
11905,0.001262358844424532,0.9042082363005443,-0.30279348773996634
11910,-0.12704531396763508,0.658641324422976,0.16519631632963294
11915,0.7536344899914978,0.4187485308932269,-0.6447939069562146
11920,0.5437537367833195,-0.02364670353822144,-0.015420514385947975
11925,0.18339438076035597,0.3901001505416862,0.27747638406352093
11930,-0.13876551410758836,0.5395024616802695,0.3035715602440747
11935,-0.24751146149923547,0.2199148075525464,-0.07661332444163339
11940,-0.31613487354971304,0.26802705548540295,0.8845978885638422
11945,-0.31622158718471466,0.43652272820326626,0.44079312473197657
11950,-1.0410610043816062,-0.12746829095142598,0.14865941992760678
11955,0.2133839736675397,0.3313690329759746,0.49089327560023877
11960,-0.3979789992828948,0.5298406503688624,0.3993505964806746
11965,0.45338711933734466,-0.41431618419546945,-0.15336094175630288
11970,0.8322334197199326,-0.1803100739627021,-1.8464617215529684
11975,0.07257838430271757,0.3161881439376317,0.09093555859020291
11980,0.23254631158224287,0.3287553213999452,0.5060140191819811
11985,0.5929241307766413,1.2131404039383524,0.37151977600130287
11990,-0.12277199972070602,0.40632852530068847,-0.5099119905086089
11995,0.6266786319638855,1.6379740988244558,0.3984158204149111
12000,0.9789047109932691,0.20974375186602218,1.001662662031207
12005,1.1002568067671807,0.38726072070145634,-0.4300723540346809
12010,0.871215123581912,-0.005951308438576941,1.1737790244593413
12015,0.191732373260176,0.3601211588808769,0.5010795292597467
12020,0.6235470978638566,0.7318366116642725,0.6129314830351389
12025,1.2095878742612376,1.0188402103798526,0.8317631240448592
12030,1.0884258656495562,-0.2464038073894781,0.07717700729757138
12035,0.9888155393265026,0.20145735932052078,0.8230474874165927
12040,0.4579503466521022,1.5183151979101694,0.8689234746869232
12045,1.1587615512376477,1.272564894502801,1.1882500175524668
12050,1.10501639651309,1.1309845961948803,1.7558980444068357
12055,0.89649654951827,1.3513828365530927,0.2646575308478363
12060,1.197903605020569,0.5843751754003633,0.9360898607477921
12065,2.0217641804896695,1.5725495360815112,1.583899571013933
12070,1.1521395522891527,2.322453754335638,1.2122640361972707
12075,1.2497972479305037,1.2956972374209934,1.4232285892795578
12080,1.6253216699033886,1.0019568479135688,1.6810543052138898
12085,0.025109419252320353,1.2137184634788778,0.775517429648242
12090,1.0661096736963278,0.3345151410336991,0.5874478394448558
12095,1.055801629909261,0.9963448582436963,-0.03962350089751432
12100,0.2724485845726945,-0.05098140858803857,0.9513049205141535
12105,0.3316728485589665,0.026502099703995752,0.11969465731037554
12110,1.3127996490123008,0.5316038687894431,0.5088178145530371
12115,1.6385252157720236,0.34267013332512664,0.604266484724681
12120,0.5481412095626548,-0.6545091962400188,-0.3753071262260871
12125,0.25063440869375053,0.7205991295511127,0.7582277354655202
12130,-0.8304380847784394,0.5116809321792791,0.3426215392242194
12135,0.10841952694243348,-0.07480835350561926,0.6154309957722754
12140,-0.024228518845119923,0.24514410178161225,-1.3677458122972665
12145,-0.8648617751524605,0.28587290638476104,-0.1663223484525557
12150,-0.15581854587822166,-0.4780867703586005,1.1515758140077244
12155,0.7074321748351502,-0.24359755671263647,0.20017115621240267
12160,-0.34249761182133376,0.2867974124196714,0.5465338967603939
12165,-0.1113791035599005,-0.06414633644275491,-0.9480690440656007
12170,-0.3793350824065687,-0.7867075022698001,-0.02463447057815807
12175,0.4568594227914873,-0.18755614917882887,0.11749113047078913
12180,-0.09529882398561762,0.2920989150418306,0.13807100981773654
12185,-0.17646940749779505,-0.4154094442266216,-0.19869107336678285
12190,-0.11074640784671427,0.9241127220480557,0.002345150379119837
12195,-0.2846852570990017,-0.5025292088834048,0.5930860228474998
12200,0.040673982220463756,0.4468958790693043,0.44051335094886135
12205,0.08711238135553592,0.5799987085045701,1.0030219546659187
12210,0.4542928734327826,0.665921676816972,-0.49329404997922954
12215,-0.17337879133184889,0.23721028772988503,0.14572196387609943
12220,0.41424237846523415,0.6200054218521436,0.23736833409962244
12225,0.45189715217581894,-0.21000167678180862,-1.1180583731853366
12230,-0.2572398882019004,0.5633904465126356,0.6084416728694857
12235,0.6272199422839273,-1.0652295513368408,0.7356038449372604
12240,-0.4866937149629465,0.08661851922994324,0.494872492665805
12245,0.5728500641792703,0.3537656747563715,-0.2184541589649549
12250,0.08454368380583513,-0.5170754563142604,-0.7470866935507404
12255,0.642040079813448,0.3958585601714751,1.1539855133323567
12260,1.0665076836031258,-0.7993311458835124,0.6963213396626273
12265,0.6344072710004498,-0.33594218677336074,0.6493689779437802
12270,-0.10008590381380375,0.17652053100211118,-0.22131167800371804
12275,0.9353102254791714,0.5383080408048833,-0.12878510441696464
12280,-0.07456042391145701,0.09048814026745074,0.6521877553818219
12285,0.07540128132734092,0.5250996955390044,0.742488820652059
12290,0.4562868429812611,0.38275990136606225,0.6537123858885862
12295,0.7792100061251374,0.32992055359607425,0.43696400629895277
12300,1.0584219723627615,0.020762268123028033,0.01765933669155098
12305,-0.20391937003437796,0.6965678237350508,0.5090365925758304
12310,-0.31875025050923167,0.44416493834129683,0.5766411388701363
12315,-0.30680418486417305,0.92234065109304,0.004541474967630105
12320,0.10924945239725867,-0.15878454823037155,-0.33517147685545445
12325,-0.41349163012950607,0.5549149680296703,-0.3270428733489954
12330,1.12885025572868,0.26052453447032575,0.49952516656045653
12335,-0.18997824690591741,0.025333211578289383,0.4430642423526884
12340,0.3201861490758655,0.4794502598204682,-0.06421018724746358
12345,0.5426692580653052,-0.5393020370805184,-0.2549250003818534
12350,0.6469639190750328,0.322931641239483,0.42824358363683485
12355,-0.17565455687335094,-0.22638709533770288,-0.6925265142033921
12360,-0.10609409641043727,-0.14673020123004946,0.44178925268226776
12365,-0.46220598697664494,0.7513605376282135,0.3595922857776682
12370,0.2082693220145205,-0.8933246580311553,0.07750080088198766
12375,-0.40577450036158197,0.7460581468901386,-0.3402366192900679
12380,0.147792935798408,0.010550704888418888,0.09316733832237728
12385,-0.5105132812150053,-0.06808849258968966,0.3777148403415522
12390,-0.3476701229086504,0.29504285509817874,-0.01402816344216376
12395,-0.45317329827068664,0.19234065578122753,0.3540733791743293
12400,0.5556635214248418,-0.021568356955686707,-0.6896578470906598
12405,0.43779874935940327,0.8723947776727958,-0.03415874833618987
12410,-0.5977432256883866,-0.3475220868529198,0.013291874902883472
12415,-0.7760735976926569,1.3010098772336798,0.2254124832435448
12420,0.6507654397090604,-0.4681163969792235,-0.031014636034534554
12425,-0.42020298231445513,0.3285429822572425,0.8510821463279373
12430,-0.18995414747366718,-0.46126860999647845,0.21518341968310742
12435,0.2289252071415364,0.23078323285356153,-0.24270505673697373
12440,0.07780829513917181,0.2170505732552838,0.6041666220148578
12445,0.25389627498522493,-0.1249734419908348,0.33386241180902343
12450,1.2453590796000409,0.23088476223083845,0.31063540878383367
12455,-0.5882510977245096,0.06132755570359036,-0.11394871066316656
12460,0.5850147528205224,0.6495997157515614,-0.6118190124857428
12465,0.35012068231929333,-0.39527258152458317,0.44979118657893896
12470,0.6988979458515681,-0.5120350180197661,0.030969063638726146
12475,-0.03466745507521349,0.7442435221202611,0.5039345832177076
12480,-0.8807777197241247,0.19015839283515057,-0.2054579300887159
12485,-0.056428381198948996,1.1559688889671338,-0.7885650712674932
12490,0.3551137269885393,-0.2115242795425479,0.38450181626228874
12495,-0.338261583166809,0.92628980530513,0.005059420897285144
12500,0.9071127315816547,0.1190600906703995,-0.19651455025907621
12505,-0.17122331964782275,0.38309908209757426,0.11677859198399393
12510,-0.7175652265252829,-0.06759322498992304,0.2630060562859187
12515,-0.16778163847124777,-0.07253292468318762,0.2745271629124232
12520,0.6701263951711692,0.46038287874685035,0.08375505445131262
12525,-0.004182529867858581,0.44319808298634644,0.13882956096059035
12530,0.08251625395338252,-1.2163077435359986,-0.050200093126673506
12535,-0.713041998247711,-0.8389147963866531,-0.4921464866127745
12540,0.20748855023783103,-0.184249834182532,-0.704984724761333
12545,0.04023569728533019,0.5896154821533608,0.6013071846183051
12550,-0.6030138021023035,0.44119547606470977,0.5854543253169737
12555,0.2833665111713336,0.5468254867953619,0.5445847149990602
12560,0.16654571702380389,-0.7169742284799414,-0.589598192256067
12565,0.29394393835135224,0.8162628776160972,-0.6794713822181474
12570,0.9136069511088157,-0.14711821098667063,0.0037878470228463468
12575,0.6963173327806668,0.23053968605369743,0.2095467857332048
12580,0.42672150453760427,-0.09097272106150167,-0.18838521261217195
12585,0.06924383510153109,-0.21622445079448283,0.1945802001783867
12590,0.37306070252246115,1.1776032061422606,0.7549347206748239
12595,-0.43409698288593157,-0.20803532195440744,-0.24734451890189005
12600,2.1405409250784015,2.580581819903757,2.1005773972876995
12605,1.6309934228497427,1.5343913876536073,0.9102981513569607
12610,1.8548220078407072,2.4877722809267664,1.4315451514341622
12615,2.318283500235851,2.260337600641443,2.927198349720015
12620,2.3946098879875404,1.6603526123207506,2.009751292979281
12625,2.7116339301573005,1.606243618805875,1.7511515768086525
12630,2.2001694734577932,2.1538396796917434,1.9742765261099697
12635,2.0362061768618527,2.4836773623268735,3.198811915957505
12640,2.2991397523719854,1.5852183449718098,1.2164151904573242
12645,1.8591126764040151,1.5005162221578385,1.377445839611794
12650,0.8213945371718604,1.9939768797061947,1.3704823331176166
12655,2.392140912654379,2.117068987135676,1.4364012505010206
12660,2.284183153892935,1.5094213203312825,1.6746130724765225
12665,1.9157690133069314,1.6208205823785735,2.256520743836803
12670,1.6556179627167185,1.3929311419407473,2.0992313735655563
12675,2.022259852974795,1.4707852847798104,1.557020007889872
12680,2.370348642118392,1.6900352956185758,2.501475758049587
12685,1.5487358876377701,1.4574710802277528,2.2396357093213446
12690,1.8379565427979645,2.2649428710784276,2.327006161962445
12695,1.8984862974322572,2.3568514026189806,2.4776429518050844
12700,2.518514330408947,1.0969987581402507,0.9453182098674064
12705,1.8421399544763635,3.019418808648956,2.5044794993487014
12710,2.038557142751664,2.8328235581850656,1.6045436378965245
12715,1.7691998714135535,2.301708445978008,1.8034236022397299
12720,2.455204417814635,1.9649999399133717,1.5759730322953005
12725,1.3769332086601933,1.8696794555316845,1.8828399227078194
12730,2.8076881099681428,1.6748829809670995,1.9820168801204736
12735,2.1995637230489957,1.9323629756203706,1.0695329993509286
12740,1.7306047206387285,1.9635591003481712,1.8148433556544452
12745,2.1575768532830404,2.746545102704036,2.30594559839009
12750,1.5874773910032232,2.9325413158920313,3.1176969091795854
12755,1.7501934289686547,3.0800213280001567,1.438383347630426
12760,2.04519543270021,2.0090772577824025,1.8602976022878988
12765,2.225927124806453,1.9874184934504233,2.6218432061944066
12770,2.0591278187794595,2.6095729034630306,2.12185034978929
12775,0.5275928550566904,2.456754183847168,1.3969757778290808
12780,1.4052994258487135,3.1697729574691405,1.6041215117741539
12785,2.2672471382797603,2.034303669248996,1.7577806059860186
12790,2.0267239917815996,1.7512305575656768,1.8635326443958342
12795,2.0033338366338582,1.2026290688130812,2.046528162804921
12800,2.0662783601798114,1.7248672384053187,1.9539963064054242
12805,1.820755587135513,1.8055543745936913,2.1334709382509094
12810,2.10256952193686,2.6858292400399044,2.824886640871014
12815,1.779047921424239,2.498311369709758,2.767855720492847
12820,2.047655173143447,1.6209618243749846,2.13668707210216
12825,2.759255276366864,1.816796139691566,2.455986171082455
12830,1.70471361384964,1.3878356414848863,2.1394379210978998
12835,1.7266484571824428,1.690366297130188,0.9837771986904045
12840,2.369739894187531,2.5918031962314547,2.951484681593535
12845,1.5673766459723533,1.9191910716235452,1.9066169326673486
12850,2.5267856759704967,2.390319441203408,1.805484563942772
12855,1.2081602742225732,1.304194419061236,1.5065154104712746
12860,1.7030759694362885,1.5188536311644318,2.885731442164107
12865,2.455667711094829,2.2192820392208037,2.0294071093555406
12870,2.5834458898928476,1.4909805601589983,3.082193841386032
12875,2.3869809053164315,2.535723809538173,1.0474564181531156
12880,1.0397520867658399,2.009298701931002,1.4417733966424393
12885,2.1711502162598433,1.8144614439479274,2.6995530232469083
12890,1.9148120715545205,1.3950645169223992,1.6733789112994961
12895,1.3786724237117722,2.1452614260905456,2.0336212432662997
12900,-0.5177780908289894,-0.06710572813638653,-0.978667658983997
12905,0.12414675592472146,-0.6432384111721924,0.6419692820882035
12910,0.2680852235444142,0.26121437240351447,-0.7262158307234643
12915,-0.12397021286636858,-0.833362233278292,0.4119701130536204
12920,0.5721364938372137,0.40897170050974974,-0.07094641901061079
12925,-0.2205538397152585,0.3201931927103396,0.19945610882520642
12930,0.3944357455019528,-0.30672844791272413,-0.4820734981105451
12935,0.5011983409976087,0.6634625214836758,-0.11989172096621169
12940,-0.6629346886402082,0.3265238532545581,0.1667058443910665
12945,-0.10814744021964616,-0.3557509145639748,0.23574402748806672
12950,-0.43517816240206003,0.5946989354997042,-0.3820247151483892
12955,0.3566543011218844,-0.44384252126797163,-0.1021611008476668
12960,1.6010013938405103,0.8883912000085374,0.20220396809494331
12965,-0.12215457432392267,0.07188164545846393,0.74742731622175
12970,-0.43861224620409234,0.22882138947570707,-0.49358842678923076
12975,0.42289236014759474,0.5855423052316958,0.6794192652682771
12980,0.23642145244004573,-0.5919631294199261,-0.03836786147905838
12985,-0.28392126838413423,0.3810649953099433,-0.7715505107506425
12990,-0.8196217721824481,0.821051298014406,-0.11427959650985849
12995,0.2232346315036267,0.29519220687797765,-1.5724494018405177
13000,0.24981813710410367,0.22428587792821597,-0.1905136287682009
13005,-0.674482011387418,0.06242713014966644,0.09642646951894387
13010,-0.7012494397696724,-0.46255666854172783,0.05897505484192518
13015,0.13990667179120575,-0.32991215271822555,-0.15273110781944269
13020,0.12644534322962883,-0.15084880986317922,-0.6388543373735973
13025,-0.2793577660390414,-0.7081762027025482,-0.27710793482296925
13030,-0.10370588944598537,-0.7445063403749789,-0.3642100625901675
13035,0.9360086679220264,-0.14706379659836313,0.9274688085688861
13040,-0.1384884608343721,-0.24300340724276495,0.4661185333918937
13045,0.5066385755153391,-0.1680529496652436,-0.5542722213526979
13050,0.6110211445363902,-0.6729937439283705,-0.754102595546803
13055,0.021642535229978544,-0.41635308309299074,-0.5807167202767387
13060,0.1143032197876149,0.9785896804248538,-0.3389560521106814
13065,-0.053226964525445467,0.5100043351337364,0.34111038785524306
13070,0.04967221872173313,0.35326739043897715,-0.3804396341422594
13075,0.5621174958882907,0.2049977429491169,-0.2407955227839582
13080,0.18012871808849326,0.3481983519598681,-0.6824991373360364
13085,-0.47247581358511376,-0.03556142011185848,-0.007862852134006088
13090,0.04263937341258477,0.38193411412377387,-0.14607355357281848
13095,-0.5156193423569098,0.09769374174037064,0.0313507332453616
13100,0.5214284526399457,0.5035192426786431,0.04907081724008479
13105,0.4375634239312491,0.07696078301293827,0.6742712862771484
13110,-0.7536052481158063,-1.5143689656020725,1.3582538171291616
13115,0.44374938163085154,0.764284549721124,0.1262832111544219
13120,0.7716554007870962,-0.3306382110992531,-0.4617301221178945
13125,0.10795259274471296,0.19643971465423224,-0.08851023506328294
13130,-0.46600629477393635,0.3013538969243037,-0.2719932887041988
13135,-0.32807766039120884,-0.4854072281311902,0.02770771454691312
13140,-0.1855611143343003,0.4645431718159333,-0.49728233087953333
13145,-0.4138290511363776,-0.020850483897549888,-1.1035676060082718
13150,0.42766408896580627,0.8578128962376861,-0.37185717561236903
13155,0.7879216249753711,0.7233195380761658,0.6385119411735714
13160,0.9059294719020123,0.31956954565532053,-0.3317780464598995
13165,0.0415090659169905,-0.017871064399771833,-0.36586101346559236
13170,0.3401251062911705,-1.265329195809504,0.5115072057797777
13175,-0.047780709202427815,-0.4494014526504496,-0.2823674957522207
13180,0.15756873513247865,0.6639736380857095,0.41672809494444524
13185,-0.1871999049850902,-0.08307994167397136,-0.5536857597762121
13190,0.16040930628050568,-0.16746976434479838,-0.9617129199895778
13195,0.4682456874730559,-0.4654964920660011,-0.14006840950341953
13200,-0.5948515728138406,-0.7504465729106862,-0.48884392873462573
13205,0.14745593973751867,0.39817863408038306,0.13191802416382922
13210,-0.669749146137062,0.057942377698850286,0.9844827632895004
13215,0.2617546387849562,-0.4756013378658354,-0.3927394959711854
13220,-0.3228648945700373,-0.5467037947050789,0.5077169219390695
13225,0.06256781072385505,0.4083323069555693,-0.10937070528870396
13230,0.05679206994804452,0.295002436206383,-0.5931265427719843
13235,0.6597015350866549,0.6686225493638466,0.6541628910556483
13240,0.12831988406257247,0.38847580240555013,0.2966061355274208
13245,-0.5614147535557527,1.0525490377284168,0.04750472100297411
13250,-0.15121518265791017,0.19454954524670867,-0.2759179484602507
13255,0.7783762999091339,0.8272123804456346,-1.1282407479094603
13260,-0.28237047180939545,-0.2566257340698407,0.3417944531335362
13265,0.27682144756560945,-0.2750853838674393,0.3635020460508528
13270,0.4401572283581963,-0.45776500391257524,0.5783612075111105
13275,-0.49369478919197873,-0.1600444064548181,0.7161394858372219
13280,0.02616579324347479,0.16766264627095978,0.6344525192816329
13285,0.481044719818698,0.12190067250117798,0.10312209167254488
13290,0.9169670855997021,0.8746868840067135,-0.4108472598669516
13295,0.8171560981735374,-0.5275677816770101,1.0189559373134245
13300,0.8978368946610497,-0.4799478925874019,0.33393587664241775
13305,0.8126088447578137,0.007163090844066189,0.3859569903230414
13310,0.9997172559870663,0.5229048579989264,0.8766859274410297
13315,1.3116284124342286,1.0738076555377072,1.1372777592542356
13320,0.6422023445122992,0.7277344816128831,0.561316386789335
13325,1.2198022461393205,1.6756057975450962,1.7590781176071308
13330,0.9235511252972811,1.5223667714489744,1.1557070520321289
13335,1.5410740439371295,1.2471208047653655,1.5294506297614068
13340,1.1458896189762058,1.1758366876179558,1.6582272236842952
13345,1.2722423985145093,1.8336928098699485,1.5895571654337168
13350,2.540121112723578,1.038291923104119,1.5147515665298505
13355,0.9129803382034134,2.0456481724170352,2.2849475779146413
13360,1.0753056703833428,0.8126976741326029,1.2733872807978752
13365,0.8452287434812126,2.08458960407695,1.2740834144136204
13370,2.055352856622593,2.4140506673633597,0.9343439681076008
13375,1.8688691064785177,1.5311554280152926,1.448636009357548
13380,0.9251428000492838,1.5336032552613665,1.1170752685368823
13385,0.918987759853355,1.5716232500911658,1.4470720191844357
13390,0.8140808428445034,0.11071254544087583,0.30932682152485147
13395,0.9151836328449011,0.2959448328717359,1.2010762736676317
13400,1.372164266871918,0.42802927685616216,1.0627191825625282
13405,0.4598611944190506,0.12020653751671595,0.04055948952667898
13410,0.02008064002726606,1.1886705431575286,1.1172524505888193
13415,0.3289071140163399,0.6892285138663201,1.4391973000847829
13420,1.0379501176342198,-0.04245634524258013,0.42647579855954765
13425,-0.1943501047913328,-0.10138132636612779,1.2908434416374401
13430,-0.1863425483125643,0.07344537106693627,0.5621277805649725
13435,-0.5350431543269677,0.3585102398605177,0.18424546419496235
13440,-0.1962656296881785,-0.1358653788725051,0.09574146282682731
13445,0.47210951507349075,0.06295660317358756,-0.2695269531461201
13450,-0.12414629708065711,-1.1907291877994959,0.5108083913018271
13455,1.5130600367385911,-0.33598955979207146,0.5566562884473121
13460,0.4436399790166162,0.1497647850337676,0.41056734220427127
13465,0.3593027984987537,-0.27615755455577046,-0.02802543813578709
13470,0.5758333508827747,-0.32456289160032936,-0.04404730401823473
13475,-0.7359488150247548,0.21268834736051148,0.4047227540284146
13480,0.115599321607663,0.6809464220696483,-0.6164384487953629
13485,-0.2020284268745942,0.5423255845236764,0.4791365878644567
13490,0.5996766317503414,0.96587386633597,0.4522199771494748
13495,0.2142193149716997,-0.25428331366915735,0.22022472091277365
13500,-0.12426228689250529,0.7308011389449567,0.9241117205725733
13505,-0.16131948186944078,-0.4203381711591607,0.2374045733070457
13510,0.2113312385994561,0.335727217627375,-0.4543545356243558
13515,-0.23355600873279278,0.04066094429372896,0.5327411504001529
13520,1.152019366372088,0.2656367680213667,0.6098270881384827
13525,-0.366180716517459,0.7321080858052393,-0.4124294438614341
13530,-0.14476549972053918,0.17788820632638705,0.3534697812571771
13535,0.36004621020632055,0.08295974102659953,-0.24072619898746023
13540,-0.7102021918961398,-0.2571512752144467,0.12576411216216501
13545,-0.37714150968941423,-0.39405360166713815,-0.24009070353519515
13550,0.351268592344957,0.14133065506172862,0.3685797431193445
13555,-0.30643553905430176,-0.8160091777519081,0.3430089194640578
13560,-0.5162058023814667,0.4704560931136369,0.08638930970067267
13565,0.4229379028830428,0.9703030443610847,0.6717851219333114
13570,-0.7953087107697536,-0.16972577703835046,0.5768994912553485
13575,-0.0024906771589639776,0.46378106470371283,0.2939881071770055
13580,1.1241222695948692,1.213360656676384,0.48489343116557126
13585,1.1575404576396924,0.7755724064364791,0.6252269897804792
13590,0.4795089835646774,-0.6998921396360122,0.5433619907222251
13595,0.19547436747892957,-0.11269356897677898,0.25551806982640335
13600,-0.36671772521124235,-0.8616748719170646,-0.3807171398096315
13605,0.06191071479870433,-0.502829617346332,0.5197648978391012
13610,0.6617765762429269,-0.20325631246533946,-0.9639594800244289
13615,-0.24909125976951893,-0.7946694145730323,-0.5142089601018212
13620,0.6300360886968864,-0.2534849147663907,-0.19579640917869545
13625,0.9582321300057034,-0.5490642517352821,-0.21265950655957114
13630,-1.5108488640237028,0.615341605328763,-0.428722258711834
13635,0.6817248281643863,0.38619903060268973,-0.1935402486801021
13640,-0.42569630308978323,0.24050731099219164,0.6943049457078225
13645,-0.17808986053621462,0.2051257440388313,0.027966235207072393
13650,0.9843379004334099,-0.49560107754610266,-0.676709326591804
13655,0.23565511680374318,0.1329911238901085,0.1701581541267143
13660,0.2260266213469747,0.2387065707941784,0.2037196669644449
13665,0.009247276494174062,-0.2990975891941948,-0.1545568127467719
13670,-0.03298251599214291,0.17980274465067128,0.08982772885158583
13675,-0.04899028350814419,-0.40721624249584853,0.9066210954360424
13680,0.01601282245515462,0.19820399084318815,0.10934602545042463
13685,0.8911301346190601,0.013421386309745237,-0.7286302381955033
13690,-0.33709050197751583,0.9342067839160569,-0.10178239065531222
13695,0.5181413561307083,0.7050529019787117,0.2559434759167299
13700,0.2449939445840317,0.4242439661753349,0.4499536126549273
13705,-0.5127506590347883,-0.9455138204060333,-0.2854251210830895
13710,-0.23464361891578633,0.3680906146344672,-0.3741034428691884
13715,-0.45164266828210387,0.7727150559692795,0.014329719808417102
13720,0.3589028791520117,0.7537523568940716,0.010591484269968032
13725,0.3600875989354156,0.241354713960416,0.4927842488274501
13730,0.8555451478023698,0.9903040457394199,-0.7068423604617403
13735,0.783383683985754,-0.013681037445477079,-0.2840417916161094
13740,-0.3639258291496975,-0.2772256258803547,0.32504229969258014
13745,0.5056535639094036,0.3284164599812357,1.2530847528226936
13750,-0.3038651498758067,0.5438278470707889,0.4689577485698879
13755,0.11454713564862512,-0.6085543776727187,0.5165068857180576
13760,0.05505188619519352,-0.3523479124942853,0.8135923307012982
13765,-0.2734727477377902,0.06961618605651124,-0.3303505954013566
13770,0.3328941088139619,0.12406781923817792,0.7229305596565454
13775,0.0854491854696082,0.7939177345265125,0.05145741230206634
13780,1.1028608346401345,-1.1836112325038293,-0.029551856566456175
13785,0.40137267363578844,-0.32595887282036895,-0.32692786660230966
13790,0.22208176285322495,0.8762850991384412,0.8542403239950407
13795,-0.21771328248656133,0.02037675279120793,-0.164567319381709
13800,-0.40486836089244116,0.29145166825008106,-0.5891398946069106
13805,0.3133333710601188,0.7275943197782874,0.01884677997601844
13810,0.5532370172160996,-0.47425645776749614,0.22975078323317472
13815,0.18232563436465574,-0.268173279492103,0.318916087679902
13820,0.8804219735091618,0.04225981868489867,-0.6124412209038037
13825,-0.019738736247962047,0.4843315663746541,0.4558925460130893
13830,0.0481386719780508,-0.325166036867052,-0.2048367552018423
13835,0.36887622259831293,0.48165659183727383,0.6188261209357272
13840,0.024261127044470726,0.656395402741691,-0.8030587057423763
13845,0.9924324943645181,-0.002159366856150119,0.381348942591636
13850,0.42791407968742634,-0.1977279252697535,1.2255307446471282
13855,0.23391173963062814,0.8035405856205576,0.4675323409544342
13860,-0.2699813527890623,-0.5235490118277102,-0.060024652087479424
13865,-0.818707539332038,-0.09029993763754596,-0.0336996487518573
13870,0.43998263735345383,-0.06537606676464322,0.39660466501145475
13875,0.6736321092965791,0.1280235568896488,0.732690746159703
13880,0.8458839064343707,0.824340640740068,-0.32916382575691827
13885,0.40617806246923743,-0.06560711896227303,0.9321773860674272
13890,-0.10230450494192012,-0.6445132546333775,0.6715900407523909
13895,1.1192335342614739,0.42498010092317196,1.1021466403500313
13900,1.5223848666110835,1.7814890014899523,2.644284984885192
13905,2.7247713826819884,2.6963027487399907,2.032032343453532
13910,1.9252862875099959,1.6757332875793862,0.9062509692753687
13915,1.2430520474316138,1.1517309707532417,2.397197669158138
13920,1.377621191197452,1.7738271172206665,1.094196263591292
13925,2.6847561770777446,1.6338604632651772,2.1354019216485858
13930,2.1244981964893324,2.241778657746864,2.990862515584749
13935,2.119354777586037,2.5802683441365626,2.4319789205145064
13940,2.1018898446058407,1.2886002851895062,2.930018526764554
13945,2.097359982890266,2.10475971236491,2.382583661950885
13950,2.2827803595965586,2.004215251794109,1.3764244046096386
13955,1.2541655247286245,2.5976457243842432,2.421199275134681
13960,1.9770805766706099,1.1478096840892726,1.9502829036526206
13965,2.163936274770796,1.9121477823519388,1.5241259689239814
13970,1.2136504129105834,1.8304390559130708,1.4193935607720307
13975,2.4067514162312675,1.589590949848258,1.8110062553802084
13980,1.99008471620459,2.835901619034938,2.0285318019146046
13985,1.9087078028579219,1.8100369603386621,1.8838455162526688
13990,1.992951010334571,2.0247417904563703,2.2504003074773244
13995,1.7491962455842642,1.6305194940588819,0.6535420592884275
14000,2.9137204949695312,1.744014108220708,1.733939084349323
14005,1.4469238574636563,0.797046658451207,2.037099328693659
14010,2.2801851021835735,2.491110174822602,1.1275683408074857
14015,1.5715131136599518,1.3614943724718667,1.3564368469797758
14020,2.0920880631559404,1.1880605997812046,2.0871496807089045
14025,3.0406619204387324,1.4146970466994802,2.2352242141273786
14030,1.7304447458845953,2.103327495689191,2.9920644224540514
14035,1.3926052810360163,1.858953421366237,2.204731578938143
14040,2.0654605043321133,2.085282699026811,1.4628223913481517
14045,1.6810141722147174,1.343703018518241,2.090874512911779
14050,2.8340505647937184,1.8437814559935508,2.456567231095259
14055,1.7135545569539414,2.1242157274670386,1.3470303315670211
14060,1.77859833427986,1.2031792419856937,1.6167989002773648
14065,2.013397465089067,2.1838202718629014,2.9399595561144225
14070,1.8036496682624552,2.3929715413674577,2.0388079733564703
14075,1.9610943672057832,2.5054239855384064,1.4061842921830754
14080,1.5585220528954937,2.057755620724329,1.9467835347579885
14085,2.193556681221747,2.245933728900671,1.9282528622218473
14090,2.5080983459945143,2.211591989559979,1.7269198689662368
14095,1.8408061600112777,2.350930262079559,2.4028169785964475
14100,2.0189975110790743,2.286647729392077,2.7715800833871067
14105,1.752174897586171,2.4684518608740653,1.364854672867107
14110,2.3286254805304147,2.9430249015407624,2.094367973280257
14115,2.0853432167368657,1.66432621491159,1.7112433290653017
14120,1.1899429274237578,2.5816287570456,1.9132417155349215
14125,1.6927415209198868,2.2855667429397064,1.4602329969824241
14130,2.0280319260936572,1.4081777149728323,1.9811984037197505
14135,1.4990658427572519,1.4318459530179264,2.7311419170646727
14140,1.0321980424330297,1.9353529989923217,2.1516037236476673
14145,2.980729850262197,2.908690864271117,1.9613029238990103
14150,2.4288893464344934,2.7116063169091955,2.886024169548599
14155,2.774732262323048,2.1759647652127265,3.2753818062515494
14160,2.570808048110447,1.7256613478043463,1.8186951706182364
14165,1.9494349331371144,2.123218540004777,1.827754899700119
14170,2.321104930209124,2.6423390790292522,0.9225432227264461
14175,2.8326916843045016,2.0517551068568047,2.170167826717798
14180,1.3531238013173945,1.936429788391192,2.4092695181493107
14185,2.30223349483354,2.5643642095424024,2.5849656357792377
14190,1.7706053117946088,1.6952243892909504,2.388133885059106
14195,2.2403744887431527,2.136026478453846,2.712874275244876
14200,2.0952486118165115,2.0225832272659403,1.9156407091209802
14205,1.5875948582220536,2.811481359106252,2.219450237910065
14210,1.5869742790509447,1.7798224710557882,1.8842091313636964
14215,1.2248155396242315,1.6155587608896465,1.8515684813790827
14220,1.8662334571911923,2.6238111089607075,1.4121546786747348
14225,2.151233907768857,2.444073515301937,1.4430812536838384
14230,1.9019439140408871,2.596434431630654,2.4678371299873456
14235,1.3529771467410838,2.7571005494931677,2.8052718647883865
14240,3.092633108541337,2.254762472158292,2.1426531028775173
14245,2.410662527615237,1.6060888973329563,2.044056874979728
14250,2.4812088016202782,1.5579031934508332,0.8214438487408867
14255,1.6892903780827657,1.9089875616605008,2.030217437754408
14260,1.759213840411574,2.190562612316854,1.6053042600883856
14265,2.3654420783298242,2.200632754036666,2.425380076556607
14270,1.3207203330888617,2.6454869091681315,1.773283937697341
14275,2.778559779187634,1.2430175322429655,2.356699084470833
14280,2.5395293848322096,2.71583202729974,1.6678127060115138
14285,1.4571560449299212,1.7512068369481872,2.0479213723224774
14290,1.568968362611448,0.9961501584931838,2.9055480177287927
14295,2.2111180647086597,2.267400054540874,2.136098457063392
14300,1.947472798408795,1.722014704587974,2.087552998276675
14305,2.1119531309599697,2.457725593228776,2.6124008338830573
14310,3.264835023916939,1.663411464945158,2.316101988716521
14315,3.290723054773954,1.5756701266633195,2.3907040140318867
14320,1.5032050930626282,2.3226176369065477,2.198152737667068
14325,2.7395747968759796,1.9704857031021676,1.5832130682244157
14330,1.8851634436773566,1.2858861596844446,2.4923051251948274
14335,1.9464164331277851,1.3188007797671715,2.171735231986233
14340,2.0087043806173015,1.7165357410902777,1.1609787194192744
14345,1.5698129022469312,2.761077810976186,2.299008307054249
14350,1.718732452854144,2.841089780412518,2.2412588573776215
14355,2.324285515287394,1.9124702774247742,1.3354369816083382
14360,2.497543255178159,0.9793663627139683,2.282926550220385
14365,1.9094802445319243,1.923562442882795,2.755930302226761
14370,2.0467203060444983,2.071790696250672,2.0905322853094654
14375,1.8295196436421457,1.5390061964682515,1.316247208404952
14380,0.9170534662497766,1.5922203256366312,1.5540254359590544
14385,2.1929990719897976,2.2149937628924223,2.1622253087276713
14390,0.6989331291922902,2.320423218785663,2.1355124201224753
14395,2.2910040139040797,1.3251398461370143,2.4724742846445715
14400,2.325691182959673,2.140532478506344,1.7881201185681954
14405,2.7114873198832896,1.9121618553568434,3.056608776228965
14410,0.9380401433299483,1.6999910245821106,1.9550258191055625
14415,1.243638979130394,1.4602097111350147,2.675783894277525
14420,1.5402093295913464,1.8712518921111814,1.6252301582406794
14425,1.23935628932505,2.166111948793262,2.5730261255925573
14430,2.190287462166832,1.0260339672678882,2.9980682968048598
14435,2.3047801097456975,1.8219153325414745,2.447995984818639
14440,1.6081177197329133,1.9921309723886333,2.9426138589216353
14445,2.0556578562256047,2.5930899777919025,2.150399061670389
14450,1.7869399034350704,1.5600192088516733,1.0147034418468515
14455,0.4451200216823574,1.8474872422720359,2.107572575442791
14460,1.4814537365042812,1.0845506253062613,2.719482890502554
14465,0.9297256269139136,1.0365423455382043,2.8146351194688095
14470,0.36617885168407116,1.7490741290848844,1.9834701571849918
14475,1.8465356038899077,2.165279673765171,2.2588678982157
14480,1.5030866629718362,1.2884410802879154,1.9252784133994025
14485,3.6596801122495517,2.1993342269275744,2.710625606944255
14490,1.5184508447882132,1.1851368353971978,1.854669448417826
14495,1.4723925701465002,1.9668954036420925,2.213892380543377
14500,1.9327621985915227,2.1613465409488066,1.0866081274037636
14505,3.9559805991586647,1.206269193889924,1.0503335008319734
14510,1.5257939063904067,2.9236017793050015,2.1424819083955846
14515,2.052853362128939,2.017187728903905,1.3977556435467338
14520,1.8485830676865647,1.6803689863472995,2.0101039789045925
14525,3.2193902197382593,2.4136879162878433,2.0757551263318086
14530,2.4394476647357326,0.9492803584389347,0.7034521048971532
14535,1.8178404800616712,2.136989029120735,1.4274054507993754
14540,2.07960096733835,1.603905817580717,2.204048515586078
14545,1.500524939226854,2.1256628820927577,1.731053419257174
14550,1.687034876823676,1.6584800266554798,0.9955948673520436
14555,2.8316006262023223,2.178574045510906,1.6634043182053881
14560,1.731904471990749,2.577019847471714,2.5103306373803096
14565,1.3000851533751554,1.7486989251094485,1.5339538409354811
14570,2.0412183102998323,1.5554632312052963,2.6757322579879093
14575,1.7593686504811834,1.8558775999317523,1.363926712389119
14580,0.6890027820665959,1.5498840324290732,2.511395144895824
14585,1.9717108014470548,3.3057997521802993,2.03838728417454
14590,2.1735088287943665,2.347419086921656,2.176628216951188
14595,2.89884954445008,1.8320288246843917,3.3111692473269527
14600,1.9140195120691816,1.3496553137581375,2.333378930417049
14605,1.692900657950126,2.131110360811128,2.615222827555127
14610,1.3156407300008848,0.9313151860664975,2.3997362105023603
14615,2.827786106808315,2.070871183966139,1.569390934339093
14620,1.93861651635209,1.8758443574262234,1.1794897006445728
14625,2.316974194103258,3.033478490055652,1.7024023678678721
14630,2.618940265569618,1.5190603610153894,2.3882750873702157
14635,2.1050021327008253,1.8379524973635517,2.25183607325714
14640,2.6419813331368385,1.6955270922198489,1.8948739607198666
14645,1.5173529255760694,2.439989751230038,2.4049856843761694
14650,1.4076503186319362,3.403658210195771,2.027707835211982
14655,1.4609469995760649,2.5576461944040276,3.1156535725542263
14660,1.4331539050291715,2.2696832481825635,1.7072729529177284
14665,2.929394788368887,2.3437111460214792,2.086936315717604
14670,3.2648689179852144,1.7130497854567306,2.302629372945537
14675,1.0709785721947,0.5088875560411825,2.0976665779922596
14680,1.9259916654414195,2.76167949055111,2.501238898587874
14685,2.446387277515548,1.8755164392435066,1.1188218372125132
14690,2.671235455540745,2.166356915930283,1.7811388323666644
14695,2.156946427715599,1.5844580161682784,2.674005200926022
14700,1.8452781418988926,1.925925903029635,1.1213924885915296
14705,1.8040538282276415,2.254630018813452,1.2387399411043476
14710,2.5042457100868862,2.3399457659695764,2.2374204032063036
14715,1.4736570086023462,2.8751244640431133,1.9002866259527447
14720,2.4146659322574693,1.658927846704986,1.081417019432803
14725,2.041700292073639,2.429809789730984,0.9915870057031323
14730,1.5122711216083762,1.3073943731677704,1.9117888866264081
14735,3.0153635910753804,2.2114298213551824,1.7695667659239431
14740,1.4874740005157745,2.09348731555699,1.494193819678924
14745,2.0635257687982174,1.529192311721676,2.48461035987137
14750,0.3804477794041544,0.12089480976863788,-0.5630991044757715
14755,0.11719251638955208,0.2507866055457948,0.7800764032327582
14760,-0.36225147528550034,0.6279059558191072,-0.4817412982257974
14765,-0.39327479554343936,0.12696879319956966,0.5135307964772754
14770,-0.8135746311231099,0.875220711300676,-0.07340550156390566
14775,-0.12029715086237207,0.32040991447104444,0.073752878394888
14780,-0.21158669533094057,0.23314745027861666,0.17085519447674813
14785,-0.8880172559925094,0.16186524930188503,0.35375038360703176
14790,-0.1956364531726503,0.07614811664725296,0.37949984209722176
14795,-0.1616662058802936,0.12592669103866522,-0.4379784300141425
14800,-0.5655542844047184,0.9468132821084407,0.13738786580728357
14805,-0.20336032744505503,-0.35271213014570724,-0.8755247694219332
14810,-0.38057854135091174,-0.7098661952898739,0.43549547967383706
14815,0.04747947928160562,-0.044634619473896825,-0.33628742881150864
14820,-1.7158701830289427,0.7212202162329763,0.22044110705309924
14825,-0.22022254893480095,0.15985040137012602,0.0343358989372062
14830,0.5292711078157323,0.5887910646798755,0.5665087662337
14835,0.3952024097109369,0.054596984188478276,-0.046550022467749294
14840,-0.8278787344678854,0.3735221332960839,-0.3931976984987948
14845,-0.07531096263614162,0.9401993128407719,-0.11732618644842839
14850,-0.34447602014354317,0.10893372363043946,-0.46575685158156055
14855,0.21043890744531965,-0.552897451225421,-0.17617531071419273
14860,-0.25306749277729884,-0.8706639024463785,0.492300635060579
14865,0.3204138802076643,0.05098920880548523,-0.33739398336518545
14870,0.9002446575446525,0.2292815766800156,0.2765848484294926
14875,0.01277400941235207,0.5728345591337757,-0.15606137142305976
14880,-0.6375988296463837,0.4418023225294074,1.0482295598138751
14885,-0.34142014430363404,0.45184862774209017,0.014469904068004625
14890,0.5594749821192122,0.4355406011484475,-0.8483795701307615
14895,0.3373630423543285,-0.6200299853681386,0.5625393261242826
14900,0.16183945080821166,0.2475256324597996,-1.1436968775830672
14905,-0.558475524867579,0.05930529703218485,0.6988010244087248
14910,0.2593540155241957,-0.87423809002173,0.34593780162867976
14915,-0.540672885947799,0.525664333076976,0.7389528756689049
14920,-0.16515586359068185,0.8424360269745227,-1.011916452438796
14925,-0.6240036925616881,-0.0495995913815594,-0.22944477718344605
14930,-1.4478363822261664,-0.4543812499744517,0.3470357718562241
14935,-0.8492732599904708,-0.54107338975402,-0.6017115905353525
14940,0.15725277407942947,0.13768708900654406,0.3868765684392214
14945,-0.17818643369237494,-0.613919976144986,-1.0145860964376099
14950,0.8045111535165927,0.5505018640066838,-0.024774141681325027
14955,-0.041568328040729775,0.007171176566125659,-0.6253844636526361
14960,-0.03931708365522713,-0.04297183368468429,-0.20139316671101787
14965,-0.9199978654815567,0.4907435604636577,0.2099863302270628
14970,-0.09559330883510674,-0.46086380217600426,0.5720725923297673
14975,0.32586742466415486,0.5568701438976364,-0.209670860317152
14980,-0.2962965008475709,-0.5362519505537876,-0.13931995367399969
14985,-0.06484304131047837,-0.04231600131336872,-0.6716305615867066
14990,-0.13980942284594705,0.24103377315827468,0.28730344012307263
14995,0.628765733756566,-0.04797308390333614,0.6646221881237641
15000,-0.3205557461311278,-0.49639187288512043,-0.27252561468517195
15005,-0.02703745963704212,0.2509695088979919,0.35482803588059203
15010,-0.134096811425802,0.23309984078249302,-0.8258130121964571
15015,0.0727664787121567,-0.46064453189984284,-0.893741278043446
15020,-0.2581927307435221,0.7380456197396676,-0.11445509471422632
15025,0.4788830478871452,-0.7762812001916911,-0.9615390685772099
15030,-0.32227098517439823,-0.23748362947825713,-0.5310630106787091
15035,-0.040239384736020296,-0.17115129415207633,-0.981434384130428
15040,-0.26365656147731764,0.5287420308978954,-0.8165780048163238
15045,0.9909363670416396,0.6525681085049985,-0.27418525635129165
15050,0.6679538152055295,-0.10060876620175113,-0.6539543069175755
15055,0.37945219771966116,0.11553339055340747,-0.6356143669000782
15060,0.07134214035438712,-0.3271810011165471,-0.46078102393369286
15065,0.05607085398973341,0.6733623783272107,-0.14893458198628154
15070,-0.1275405983538142,0.5752837636551479,-0.47900396111687626
15075,0.5207272500648339,-0.21724281379873067,-0.12642805168086907
15080,0.6351310422235757,0.7140185243004668,0.1270585615797775
15085,-0.08008031954480267,-0.2876386416806589,0.20858399529719607
15090,-0.30224007642220974,0.4874814582735577,1.075998947943873
15095,0.23210421684081806,-0.18344234088183092,0.5774039045262448
15100,0.21831335721182432,-0.022716123544716853,0.3987349325820559
15105,-0.06246556178393458,-0.16118047148878584,0.35966599287861756
15110,0.2010598344209699,-0.017897796333954122,-0.2208194008005419
15115,0.35202181903343843,0.291740559181378,0.5171338555018429
15120,-0.713566323073287,0.41972196012778373,-0.48227168923465413
15125,-0.6489983555242947,-0.255436325065565,-0.4917507816936868
15130,0.3817619264220382,0.5445198030513548,0.1290533343274704
15135,-0.12330663935157649,0.5188926863189173,-0.03598802894287023
15140,0.8915629707732909,-0.06162360284803081,0.4046032180533671
15145,0.8307121343458981,0.131652563151074,0.47239364091162206
15150,1.6263905679619457,0.4555153408944346,0.45622362347310713
15155,0.5615366057465568,0.22020780411349938,-0.12027808958251418
15160,0.27370011319445653,0.9010022145391708,0.3470185810098989
15165,0.5762514372461639,0.9354313396810522,0.7808091700260265
15170,1.6665814463743864,1.390716336775856,0.8275184753968904
15175,1.0069956820775465,0.957245878862497,1.8522867111154495
15180,2.125823646839784,0.8805801257051107,1.6684562088901336
15185,1.1040552602146478,2.2753713731272764,1.7975441622074513
15190,1.7638294326865185,0.6973709949942858,1.8738414729911028
15195,1.8115757302117501,0.7318029080466391,1.8137420951985423
15200,3.153753913370834,2.253271090215407,2.0930410264145847
15205,1.8294322399273235,1.391809279027434,2.380227930247509
15210,1.933867826603546,1.5708871432580047,1.890442406729186
15215,2.9921102416238656,2.1983910526375907,2.569923225371506
15220,3.262268382816578,1.4289199347575898,2.6101044774073707
15225,2.5714790286724,2.746572298644803,2.4061062161265037
15230,1.7153678498555975,1.190845843682867,1.4972972698347624
15235,2.092372935458011,1.7594003556047166,1.5912474589496775
15240,0.4396525191346411,0.5117355815918737,1.1644149488141233
15245,1.9628425495284985,1.8202537182054714,0.323090446880545
15250,1.6037594813687757,0.912294939752896,1.417699208572393
15255,0.8665588606568678,0.3665115302056797,0.828096457185351
15260,1.233168365907661,0.7379213154942813,-0.06525341425031439
15265,1.0955995846261433,-0.017657413920510956,0.528569733757866
15270,0.7978755254437353,-0.28604326844876754,-0.07252333815569711
15275,0.4760004094737378,0.3186008769772081,0.35197909946482653
15280,-0.03289632492898653,0.6766337819363741,-0.05789601508950659
15285,0.13883603323317853,-0.7559985723934604,0.9271404126161618
15290,1.3793301274020282,0.49570004038149484,0.17267554973596616
15295,0.15816842081568205,-0.10864612358751854,-0.041664517685556374
15300,0.44141592449715367,0.16231911272029365,0.863646321680917
15305,0.2921760274271099,0.5923089592999702,0.03984019747347632
15310,-0.44268758774245687,0.2358916442852345,0.5780464638371989
15315,0.5655353767257906,0.3673213312495365,-0.34154122934541353
15320,1.649285571054428,0.3674798755289608,0.738664293092159
15325,-0.280842356780127,1.0780595296186928,0.8070882249324046
15330,0.1935874098909482,0.3511209369299264,0.11820348642780548
15335,-0.1288969284968243,0.12138340616716478,0.2963867904655821
15340,0.9328785311617748,-1.2985569786583613,0.2754951312224394
15345,0.31157940505968235,0.13821826915364716,0.15491954459846508
15350,-0.3158077123439762,1.2129276432193894,0.05034207589583614
15355,0.23691093270983005,0.2931152694946585,0.42913842325924384
15360,0.7833690940802406,-0.21294688481291427,-0.19949698207481242
15365,1.0125450371349594,0.024989140045766606,0.11179595148841248
15370,0.03845922722178127,0.5978532607290699,-0.27685592975639073
15375,0.07916313944486067,0.9566611984204126,0.023203487721619342
15380,0.4233623599428483,-0.13043680007597813,0.0007522618271577908
15385,-0.2468823731851106,0.21682515195639274,1.1346942485828375
15390,0.3769264911210536,-0.05101114958120176,-0.40454089600712306
15395,-0.11082236725488442,-0.2987112542004746,0.3477429447037921
15400,0.8967198955367395,-0.19120146477907438,-0.10915057744994527
15405,-0.01593616347399429,-0.08056887407027746,0.6630951624864583
15410,-0.0772782712314467,0.416580786248389,0.8745997441045668
15415,-0.8135023366732166,0.5273831186183089,0.7406999528158129
15420,0.12430311469282523,1.0388543652312192,-0.8451532264429499
15425,0.7944211279015194,-0.2926771787272891,-0.5360893733191364
15430,-0.11757923649124657,0.6700910021664259,-0.5115169651292634
15435,0.17642622457084242,0.389198377813708,0.19359442108659966
15440,-0.8062530635373936,0.7558470753011941,0.4294226875108628
15445,-0.2390020709428297,0.5260852813966443,0.7747836012724751
15450,0.9396204441083991,-0.5047830341832918,-0.5552550628976585
15455,0.4604200575359992,0.0011278008464299105,-0.4488786542750526
15460,0.16518191196451704,0.4313206796029447,0.0938294279463606
15465,0.6773086879702165,-0.5161615496376893,-0.04395433323182482
15470,0.7503267445680748,0.11874112156589366,0.3048022899842368
15475,0.32617239929964303,-0.688624957056438,0.29056445279682286
15480,0.41191612980649506,0.1627824842739911,-0.08771078299938598
15485,-0.025710014939473613,-0.034938635975396565,0.18291855989894193
15490,0.3708255390275764,-0.1827447843349707,1.0996213571074318
15495,1.2242016799205802,-0.9264659020204826,-0.27930196001369223
15500,1.619777062120961,0.19380306253306775,0.10303633982409997
15505,0.9263380636633084,-0.3605660832752393,0.3161812460130438
15510,0.5976923889298439,1.0768225934731444,0.12677374281685944
15515,0.5536532955967838,0.6889838845283375,-0.10341514914874061
15520,0.18173563339322893,0.6456864149751673,0.5687845365208628
15525,0.3336069772925604,0.08782081048538382,0.29194782649219936
15530,-0.13254151123653604,-0.017718418247770068,0.03222156580900834
15535,1.0341292905707828,1.3659327983643952,1.392592541976611
15540,0.743881449330775,-0.8276064682945733,0.2323948008335201
15545,1.182736513140239,-0.11189113494365588,-0.22289425570858512
15550,-0.38202552508061105,-0.42962755169080025,0.04921867873263744
15555,-0.6479312340829149,0.7481198611104023,0.8018131397441335
15560,-0.3614513007233105,1.1129273938295063,0.417319117238549
15565,1.1293900789494726,-0.00924560513833092,0.5433091804457318
15570,0.5940297341984839,0.3503259977787118,0.8187515130844919
15575,1.1275544051570188,-0.26972260442684637,0.8435943982053282
15580,-0.04779318399337493,-0.1931611850012586,0.7190897575394237
15585,0.9402446679788055,0.3047619342992314,-0.4499867113473533
15590,0.08846178909497274,-1.1839411494844199,-0.31825013743724945
15595,-0.1346568996341553,-0.1948508201776822,-0.7430309543717999
15600,-0.11082859194679712,0.4117879855891886,0.5093698325159646
15605,-0.11240643486233537,0.669154671613599,-0.16901595899212232
15610,0.8200951353998164,-0.5829050956357245,-0.2613183986325028
15615,0.3797597078895153,-0.6821921293279327,0.21288641732829794
15620,0.6822392757033222,0.9566804933320527,0.9095099190965281
15625,0.13732701537329575,0.407309056492272,-0.7191315097019062
15630,0.17751371585513584,0.15116083633448293,-0.21302146894746024
15635,0.008659182639710078,0.5884973731772244,0.15451621280734879
15640,-0.20169608499587194,1.7566287880682203,0.5120276167493408
15645,0.0030105429389157834,0.49182572822876336,0.2672168283053282
15650,1.12077196648466,0.5578480648236416,-0.43648797804701744
15655,-0.34755061855587144,0.17850092085490787,0.4364666846422711
15660,0.394200425648231,-0.44467008557586923,-0.2592030433192936
15665,0.4201547247664723,0.08457032846254682,0.8915202084255927
15670,-0.285224369586752,0.9876910909531863,-0.2783577447705689
15675,0.18165258082494518,0.3319227876140479,0.11213117117806023
15680,0.3353638383465643,1.1273947967520914,0.42788506307739405
15685,1.009157846659795,0.600913556916622,-0.3294376942861297
15690,0.44695917886765213,-0.22272450914098804,-0.03690710125845137
15695,-0.19884412822023795,-0.1188929776706773,0.8156556755891908
15700,0.5750203008712083,-0.39714774773555994,0.7895954147165452
15705,-0.060513021114470406,0.05434630339150176,0.35094681183999654
15710,1.1284682890854867,0.9729435734824722,-0.006243552490355964
15715,-0.15975860684343443,0.29335005221444843,0.2338606176226557
15720,0.965982907476672,0.40822575509500203,0.4426999316602897
15725,0.5738078409441263,-0.12100981193048072,0.264491642494948
15730,-0.21085149493018315,0.21527185219992936,0.16438509987759795
15735,0.056932232173194514,0.5356883201668184,-0.2902131516248422
15740,0.3433397892787174,0.4468239673550007,-0.28246818437064264
15745,-0.20764705818987786,0.6122372831501913,-0.27323660269666866
15750,2.1081008040243074,1.8547074630752556,1.7185239645322061
15755,1.9156693150161432,1.8698181354992887,3.1111399187608324
15760,2.217663760102308,2.2689319350236454,1.6645266808584185
15765,2.1093003768542924,1.666133465696047,2.302469575214247
15770,2.2525584914839545,1.1587259783310944,2.618105683504571
15775,1.810180472004295,0.9926887311459454,2.9483452709130633
15780,1.5091306854626423,2.348201560763588,0.9649912883296997
15785,2.5602269677173735,1.505749673866866,1.646841844553678
15790,1.4985024871256294,1.2704318167921902,2.5859694751738154
15795,3.0088123003904683,1.499836018267564,0.9398031782272831
15800,1.2976289329443191,1.665258352868358,2.283691795565666
15805,1.2341233024728764,2.3500827379200846,1.7848962899627674
15810,2.2536739053598605,2.8019145291997964,2.1881197314458674
15815,2.5808575744003965,1.0436324552697167,1.2159266967043476
15820,2.367991329213738,1.5671527896800017,2.2281776794705386
15825,1.61109565996008,1.8985319600608808,1.8609374127596967
15830,2.3329738561824893,2.4855028055603805,3.3195452166642485
15835,2.5745960638046843,1.4512175986833582,2.4399270486742277
15840,0.8919399839059095,1.2427847039357107,2.609807506860195
15845,2.7021768572586016,1.776664719579807,2.882540977928432
15850,2.7444454710475825,1.6339333274629537,1.9438410769367964
15855,3.1681372650972026,1.6485066313654435,2.2401836707511036
15860,2.2171628435426536,1.7423919373508094,2.365033955562826
15865,2.2302768483000692,2.4931508547813417,2.379230528494035
15870,-0.3158339955865105,0.8262137908610827,-0.8489422403125225
15875,0.8769284683228894,-0.025065159259831694,0.7104153558223733
15880,-0.14704733564262118,-0.06969169588550075,0.49275299844537995
15885,1.0089427010237921,0.5574804748901049,-0.40613091872045176
15890,0.9000299114593171,-0.26622210412933156,-0.45551003300701437
15895,-0.27072330195063565,0.6599605800407796,-0.5475065921439137
15900,-0.5825537908037185,-0.06139790180025724,-0.8100435260209272
15905,0.13573531551925103,1.2676023209226734,0.3723903232855935
15910,-0.20758972653424984,0.4278473984868346,0.008510304653562206
15915,-0.09629374924339301,0.852423456586295,0.2196525565898523
15920,0.31305438830837995,0.348026332034055,-0.11360023041940429
15925,0.5957417714192105,0.0623876777358845,0.4051482190456492
15930,0.4069853659679656,0.20716120266616606,-0.8667533307983148
15935,0.011593157427554226,-1.0156451081664168,0.6941644341370116
15940,-0.7906249205173539,-0.36452104690954146,-0.6243343175636519
15945,0.7122195746862582,0.23935379020685238,-0.5449559839308129
15950,-0.1826349518764417,-0.6088545479680452,1.0917734210873289
15955,-0.41161263306403106,-0.02912287291155229,-0.14717827784766296
15960,-0.4137613500561769,0.45355389851999894,0.30680443283948433
15965,-0.2589065046591455,-0.573657731968139,-0.1385165400081066
15970,-0.19732935988750416,-0.26397875351674643,-0.12361966492216053
15975,0.4264283910982963,0.09452040348457857,0.3518962589519005
15980,0.32488232518056337,-0.26484910664151085,1.1151469634939941
15985,0.02881183855946994,-0.08758831581399568,-0.8164858187614811
15990,-0.6168958198713453,-0.6944044368560022,0.7388560168747472
15995,0.7775872251622927,0.11513309889972648,1.0045130783138572
16000,0.7448965220430892,-0.5802472825746315,-0.6906056977766735
16005,-0.6733411652366506,0.0701012816424293,0.6829277633582288
16010,0.4008914821850772,-0.49874815246783716,-0.7355385621245171
16015,-0.1933645427881958,-0.37884685643802996,0.09236398015619736
16020,0.917170729620144,-0.9043732318509013,-0.2462438623195009
16025,-0.5366507620663405,-0.42635861705918776,0.23686331648406228
16030,-0.2960954317395451,0.6047748859308073,-1.463245401531985
16035,0.01446383866697531,0.731601748941421,-0.5775460521878086
16040,0.06699142960955534,-0.5393545675336845,0.01814099834754323
16045,-0.04471183509515378,-0.23122195652304525,-0.6230070345087719
16050,-1.0691831342940652,-0.5382798606260188,0.018365083150199146
16055,0.38375144982140574,0.3374622073524099,0.3789020431500508
16060,0.6884493669218585,0.9013119895961952,-0.4212870646685453
16065,-0.7843055059472804,-0.2255448010663409,0.028214496627974196
16070,0.2947180677583894,-0.5240937655439482,0.39042747836239905
16075,0.15109233596863417,0.1402469754147454,0.8211646072481436
16080,0.021062785283448602,-0.26629658484995306,0.6523946117301788
16085,-0.20961706409270797,-0.21319130368926625,-0.21541300352504036
16090,0.45189896320274553,0.8888312934470232,-0.08506130680190754
16095,0.05953656200916777,-0.06371742974763904,-0.11694529341522006
16100,-0.15887077318211232,0.24025604476723103,0.08925255007699268
16105,0.3162199431540739,-0.39624658898605947,0.7780719432779605
16110,-0.36290078164066664,0.002282835791169612,1.071571684430071
16115,-0.3563484588294386,0.6202507299549139,0.32207635581141775
16120,-0.2827669224551935,-0.4372589553659325,0.31284249681517046
16125,-0.6750697648040206,0.08306396776410305,0.15006548890257898
16130,-0.8172669375856128,-0.02103577459584583,-0.4204665075894146
16135,0.03990327399362567,0.37501586383176294,0.053686686413030454
16140,-0.6259342681783535,-0.6858668828196642,-0.004562217849570608
16145,-0.6371798617624395,0.3238626995357421,0.12425259466341405
16150,0.5838851010295645,0.8510133875960803,-0.758430160047304
16155,0.03861376203268571,0.35944566159053826,0.06988296848274489
16160,0.7043986653356563,0.08234975076692047,0.22448596923498185
16165,0.37250448634418215,-0.4682874022612023,-0.062250822318154486
16170,0.07413363982868436,-0.1821397282028627,-0.9103390154659964
16175,-0.05766117093923048,-0.035469413441878615,-0.352950170421349
16180,0.08749916364289254,0.08641388548731474,0.07151000232266709
16185,-1.0527923631271523,0.5465927079479113,-0.09328587569757261
16190,0.05327121690091853,0.47623508397283115,0.006194750486300721
16195,0.598508726685506,0.5921205684591819,0.16147659425080602
16200,1.208536631117228,-0.2100362214923646,0.034703993016556814
16205,0.4195958061279028,0.5226385210590369,1.034307474680093
16210,0.5416711221950565,0.8535141483862563,0.6707061181633884
16215,0.23927551601337532,0.36627081854958743,1.1277785184627591
16220,-0.9555367212696586,-0.8838727206279139,0.23869567504976447
16225,0.6694518530469817,-0.17933709437219802,0.04393452217027105
16230,0.8865578096494962,1.4252907513011395,-0.03460867887854274
16235,0.04428769526927401,0.8851741140784007,0.29854590826017846
16240,0.9073049132832453,0.15199605644665815,0.611371465540234
16245,0.03367082876139338,0.03202320951303561,1.2820697600248954
16250,1.0524060821799675,0.4007625461086941,0.1781274684993998
16255,1.1301297531543555,0.46310616534653815,0.20057433597352725
16260,0.26975138482838285,0.4803959942848619,1.9090696573252024
16265,0.7114795629908723,0.6437515958016491,2.0343102067111998
16270,0.5480513158432386,0.7225999869972561,1.5929389247035393
16275,0.9135234450853311,0.3601113918562082,1.0155305513816537
16280,0.08853649025082877,1.1697347258603705,1.3766560706872877
16285,1.354172015168137,2.370099429298995,1.756971075873445
16290,0.6468598557625042,1.6228534508592158,1.1387489727322997
16295,1.455036817785762,1.5912568527461322,1.2292815894542362
16300,1.378936845994787,1.4874648742642937,2.060840877982112
16305,1.5429150883459362,1.5229239969805022,2.7706598445690713
16310,1.9439508256399187,0.7626378756738297,0.6862269280049508
16315,2.5510154516769306,1.5537248721145542,2.3155600457539447
16320,1.8949348817035172,1.3342585642315603,1.9390466305792171
16325,2.0103424523764217,2.122721235248658,3.0125817221544966
16330,2.669190093481167,1.8568867087236989,2.5756899095411443
16335,2.3642148744534093,2.085942500029134,2.4003994955555608
16340,3.61531873646865,1.9777416591365045,2.6025100818695406
16345,2.3509258919159777,2.286272096278088,2.3235231921565607
16350,0.6945198647143476,1.669794190234982,-0.24486466216038294
16355,1.3030968655567694,1.7783999721935917,0.9871708860151401
16360,1.0702563628362483,0.6425497355269213,1.0140185493667604
16365,0.35449260923040915,0.8759188252385397,-0.2638005460962629
16370,0.6883887990800328,1.6364496185697108,0.9852010907365775
16375,-0.11341346684267983,0.15493122433292073,0.34642787445048095
16380,0.172142784137287,-0.1284776608708843,1.2169333027019291
16385,-0.11038224195816737,1.867631585809637,1.0735763838729997
16390,0.10986641088238519,-0.08697830279266583,1.121174779634324
16395,0.900562092216082,1.0126846278065937,0.4117217467649315
16400,0.07752302864896965,0.6134674972664976,0.5377749019845017
16405,0.6201799663897261,1.0128586678704403,0.14191216619653907
16410,0.703423189587954,-0.34756351266347973,0.0752597975524528
16415,0.2624372069362366,0.750233259920381,-0.35453659917054603
16420,0.1237415442227392,0.8955782878395098,0.28493435666995187
16425,1.73034385025747,0.38833963574619906,0.5661833774758717
16430,0.954872358883944,-0.4476092552956674,0.9286558205098634
16435,-0.43661135823185526,1.4072816019447356,0.3766188559981499
16440,0.2497735405742239,-0.8555574694718784,0.060910903582246434
16445,-0.20048577829802577,0.27561585645734826,0.3722903052700284
16450,0.7021118254147671,0.524370801348607,-0.44131015517338623
16455,-0.48668750837631064,-0.10614691667571685,-0.24448525937655893
16460,0.4251202969282454,0.8446487872158233,-0.43656048539059655
16465,0.9382330177777547,-0.25984299564839675,-0.09268667116723539
16470,0.5418580582072026,-0.5773742235470247,0.04327786038354489
16475,0.5941478212192086,-0.3930195604934087,0.7066344386914708
16480,0.9390678122426517,-0.1503500837612185,-0.512371036282429
16485,0.6016372974024753,0.2134539615584526,0.30675059149112355
16490,0.13414379608063107,0.5190584077834461,0.3831820382238949
16495,0.3226692357139529,0.499061099934032,0.35943070454223686
16500,0.3222574747471354,0.6399479414110392,0.6303227673935804
16505,0.7290934556168106,0.280901168875249,-0.2623847094903173
16510,1.3366785322517394,0.11237897714146136,0.6993492828279698
16515,0.9490134062955243,0.5445394169453764,0.7087372989139085
16520,-0.5449140972515306,-0.28188097457672673,0.49501879874680976
16525,0.44909946850297905,0.3787491921768419,0.690359186355309
16530,0.29950965443331967,0.3731983141241733,0.09995282417598526
16535,0.8124393528165879,0.3481428912836246,1.0390137175126515
16540,0.04346020521148608,-0.9822123201572436,-0.3807950222679804
16545,0.3957026463162795,0.3582458603167835,-0.3798549946718932
16550,0.4163717441862742,-0.7222773970427984,-0.38983892256644326
16555,0.8112466252910109,0.9531696637935719,0.17884778381510263
16560,0.09569316304187137,-1.0397112478318942,-0.20994657516336207
16565,0.6785128084417871,-0.004187594563904579,0.6218362275594104
16570,0.1725347322960526,0.994380979485075,-0.11615540016617507
16575,0.5913919729045938,-0.3659689239609086,-0.23778639571143662
16580,0.5980967078925052,0.12739436226454767,0.3321927440759098
16585,-0.3843210063831487,-0.14819468178646145,-0.4628243846389034
16590,0.5632544647121425,-0.3512884595565967,0.542090919070435
16595,0.528354887768986,0.12867573467300014,0.4704252597669405
16600,0.29614251097638744,0.5689076536862818,0.2879123069047364
16605,0.03682060469383244,0.6947031491854854,-0.2799301075992427
16610,-0.06496177537179007,0.729401343634155,-0.24850744330591876
16615,1.404987173314467,1.08790856991095,0.1459922789344107
16620,-0.23025156127921576,0.14377794302009,0.38420301248791855
16625,-0.2124280646081231,0.7427740593123374,-0.06680239869429977
16630,-0.028435828862061724,0.3233269412788471,0.31369816076035345
16635,0.00291209061768144,-0.05795916288364936,0.36383113896922714
16640,0.265529379115373,0.6885266075418663,-0.2424323756064597
16645,0.8835592614746158,-0.234181041911712,-0.03430864107683354
16650,0.04830825239622916,0.4486972091397142,-0.27741637977637257
16655,-0.7496393064251928,0.6852266765456512,0.44908136814433797
16660,0.3382575527488514,0.3371422631769471,-0.023784333896285648
16665,0.06653645622299566,0.26877781867120154,-0.15477084492045987
16670,0.48807230065090823,0.4560204735843177,-0.005310301653616012
16675,0.33714379566313146,0.27915237444774865,-0.5058669686624849
16680,0.9368207261623609,0.2111794653316127,-0.10284114719844675
16685,0.6734192516186022,0.4971514016326347,0.024552111613276167
16690,0.3341460469091665,-0.07786209695731833,0.6860563618020364
16695,0.0059077579230315536,0.16869548273859628,-0.40463818108293814
16700,0.937532595444305,0.26476166029553083,1.010848383417981
16705,0.04756451055989201,-0.5194011647238067,0.15261869099412942
16710,0.0816961850494399,0.10960762986032016,0.15231729783397427
16715,-0.533986444167544,0.5826623478893662,0.6237250530969153
16720,-0.303011910215563,0.0022995108084163107,0.24489195351081472
16725,-0.059067985265974704,0.7564917953431243,0.9051729749338111
16730,0.5790056975008862,-0.023849722293400655,0.7561618156138283
16735,0.08447197249982946,-0.054326780889847354,-0.4534147766710269
16740,-0.10365791221566514,0.1309962178144355,-0.8031036637620352
16745,0.08872746310360036,0.44180343016526735,-0.08389656903538914
16750,0.08321011654170377,-0.05082891585244484,-0.6502701834180867
16755,0.7931683100121899,0.2051219248750653,0.5560766478422517
16760,0.17086680914076413,0.2053414401281165,0.7724609982982403
16765,-0.041377689381983274,0.35990849802074965,0.22521146440014778
16770,-0.09634404961298104,0.3704016453406004,0.3650108095295664
16775,0.256228881477966,0.7944234785786985,-0.5334360235444912
16780,-0.2262628895276976,0.5081032424989449,0.023766754935092504
16785,-0.24168679170382504,0.30091554353005256,0.23157493737415097
16790,0.5294174189074334,0.8779095296094641,0.45258905254169823
16795,-0.5103787023121317,1.2631261178853836,0.44060606997234175
16800,-0.113467953514234,0.04856373531404984,-0.0013946267483519459
16805,0.11811521298781218,-0.5510316202128914,0.6121095396345057
16810,-0.14140920858850023,0.16820799401041522,0.410163053597776
16815,-0.05390022585556867,-0.08893140033536209,0.41559422963706627
16820,-0.1050403105586516,0.29889481824846736,0.8450951575421304
16825,-0.26244636748801714,-0.06231263618345301,0.20281390158342466
16830,0.19124496385664094,1.1358027299183449,0.5296305142977245
16835,-0.026142131769823246,-0.07743164423926771,0.30208078178339076
16840,-0.010385292825861203,1.2564726154591002,0.51265567345519
16845,-0.05243922071013482,0.13480264309792056,0.7390890525869503
16850,-0.19660395335018171,0.48867334564115017,1.0791735563915401
16855,0.06305436777361494,0.009505967877424387,0.2032305713537228
16860,1.1138050147350946,-0.1666250935797582,0.8759365191611382
16865,0.38029036187348586,-0.5468950758862351,-0.38843235689714856
16870,3.3542447819835166,2.2188366459637887,2.1095544282116863
16875,2.1828676465484125,2.2188551330286086,2.971572043823459
16880,1.8724960709535141,1.8786042757261774,3.063333319339524
16885,0.950383444313701,3.179891923045077,1.4736735770479763
16890,2.976225438715204,1.7840076747994,1.3443742587480962
16895,2.6290557063400586,2.7883104357635693,2.6062458935044654
16900,2.258038370719093,2.597089371566594,1.8224904425981767
16905,2.4928301823208296,2.26896875933317,2.190990787502664
16910,0.9041032167453211,2.438507556448336,0.8756454175285375
16915,1.9195190920317269,1.2690967396719919,1.4273631910020446
16920,0.903548885829044,2.625875436186572,2.4671435385681737
16925,2.8792711658190404,2.225559435360973,2.2639753334672323
16930,2.768974912658745,2.073820440151291,1.8479923176258748
16935,2.143371740805192,1.9385405439779044,1.8871533810182195
16940,2.736086693950492,2.1792811730285075,2.756731933045413
16945,2.9119512184746794,2.486452765489597,2.403534615467792
16950,2.371681012577723,0.7873573753645269,2.03491222096312
16955,1.6274947022353103,3.4034819304504804,2.072999219178153
16960,1.4504182890950585,1.6102591791873107,0.5438005454334311
16965,2.6063941114086755,2.91645990384933,2.10050801624745
16970,2.26939548258843,1.114716516994189,1.9878389368318585
16975,1.4323507514188305,1.8819444652732042,1.9426765587138306
16980,2.172982347367745,1.2715066107729864,2.505209366710999
16985,1.125771266000191,1.676164811817289,3.1400569148517
16990,1.45419316908491,2.396665720582474,2.1451736577983587
16995,2.8086268189145986,1.3241192915401703,1.720627551966575
17000,2.6458303013080178,0.9833650528837519,1.889444199055124
17005,2.056659103128807,1.4183953559468325,2.8132081904071486
17010,1.7183711883771209,1.94580848527875,1.6586118219790988
17015,1.4817436700447684,1.891736150147194,1.0275014066415988
17020,1.6437685475096147,3.0533087944524,2.292492917596239
17025,1.6675101163505204,2.7609850460977654,1.5433756168717894
17030,2.190074413290794,2.1312952882658096,1.9058975383640209
17035,1.694802336487568,1.8575048697582892,2.212547083482671
17040,1.2562536692588013,1.7477726940286473,2.747300173497477
17045,1.6498685614837463,2.4731539542524246,1.9866550428986518
17050,2.1856909507996924,2.8341219220379723,1.9172203347935868
17055,2.3468886663868194,1.0822280495621985,2.7992326581022597
17060,1.2528522470872556,1.4126473385249556,0.4443992647010584
17065,1.765356952171359,2.3942318484348197,2.7489442347119892
17070,2.2250752415467994,1.7025098175173228,1.9452778433732345
17075,2.6613302843768,1.7072752693931046,2.9246249780629876
17080,1.8581240853455145,2.878795778885551,1.0591493258214724
17085,1.2054580552737475,2.1124617350112356,1.9893256165182853
17090,1.917929754506055,2.4678194073280855,2.1500650215579062
17095,3.598966790409648,2.2992086422305476,1.9139748426455268
17100,1.3325844623401921,2.2725948898566246,1.9078600247170923
17105,1.9872466851724586,1.750984451364379,1.8443638437370975
17110,1.7704444111300657,1.0942467868902968,3.2924766059880164
17115,2.4259491470800807,1.6928565013541235,2.1082092306080584
17120,0.8752838138129031,2.7103884681323844,2.1403982544621796
17125,2.401521438081462,1.9527077132801212,2.841036334780556
17130,2.952130915678329,1.8008785011053607,1.9312581294652587
17135,2.2861303539143187,1.5131928773524024,1.191006303648797
17140,1.779643231289788,1.5033761389393234,1.4056132525799554
17145,2.168072610973548,2.548940912054299,1.383823203913824
17150,1.7770372333921394,2.1703946385046904,2.315857373336477
17155,2.0536502421796,2.05117404975722,2.153725509371658
17160,1.636662322511922,2.11025271867353,2.1095829483675943
17165,1.8462186211056797,1.5003752987703434,1.8184520184024362
17170,1.2775044639773276,1.824048863103313,1.3870231970914004
17175,2.047449550764873,1.9755245279431202,1.8624993315113976
17180,1.779094413967078,1.3250450248095735,2.7987607682042066
17185,1.4047676597957925,0.8257692544537008,1.135429585827846
17190,2.369128777121134,2.42990161375557,2.299569256679351
17195,2.1866245254362595,2.75882916033959,1.8240816629762238
17200,1.4154393881781198,2.764037201082153,1.325531535627079
17205,2.200300942290893,2.724214848765202,1.6292945125410094
17210,1.9003665838075843,1.4273374580561373,1.700174646666351
17215,1.3382625307215719,2.257233123117398,0.9572770552955264
17220,2.721933663661942,1.9482029425911958,2.5965785051628085
17225,1.212911542601645,2.1568665875528863,1.0035040830695263
17230,2.692302865696633,1.494003583404655,1.2829038938592066
17235,1.4070559499333328,1.123730794149186,2.2780350033041414
17240,2.265195500928472,2.1907691961437505,2.1831017182869834
17245,2.153533702435198,1.8200626746871356,1.5338921923928415
17250,1.6519041770749787,1.827332175924184,1.8178036550996268
17255,1.7061267844445607,2.0780527980055483,1.8463880326786917
17260,1.6472879216452836,1.8302376875099857,1.1059865912289706
17265,2.144167441896984,1.51632259651442,0.7932462651669145
17270,2.007633937837288,1.451204277338417,0.9362163183548438
17275,2.366779688990039,1.1250325483951316,1.803818827438356
17280,1.9072105828194466,2.7307088684293674,1.7554958810627634
17285,1.724325757425221,2.1145992388554906,2.0073286167819515
17290,2.0324608647686597,2.868764509461072,1.6728353456287852
17295,1.801766665603246,2.226384757847909,1.937590376132088
17300,2.031848625045904,2.101410279278039,1.9378192736402298
17305,2.638379322145054,1.8809935798999071,0.7189768690814335
17310,1.5489701047205995,1.8694768284908414,1.8635109114661164
17315,2.11788912558583,1.2801876367181704,1.7022604069858962
17320,3.213436310121143,2.671799124769737,1.6583802612223042
17325,1.983344566028952,2.837931629767435,2.2765283148170603
17330,1.4079521935191897,1.6389841330906416,2.582558609288466
17335,1.5488725433286232,2.3074181086238568,0.9326178063599276
17340,2.5647814067268957,2.6372123182580802,2.3426069745656903
17345,2.387941543183271,2.42909029225771,2.0024519219417267
17350,1.9270751614527866,1.9499615203274352,1.7644356552092542
17355,0.5694151249799859,2.259888427187019,2.162227000522151
17360,1.7453400642670185,2.386945937824475,1.4272042158909217
17365,1.9746084620064055,1.1869318658630124,3.3337059944813356
17370,2.0688903052157745,2.2168685404413617,2.860921409846529
17375,2.3347924747802504,1.4066692615869196,1.276084167920138
17380,1.8935675657709985,2.1180620833065777,1.4435731999981476
17385,2.5475961100314266,1.8002569958352126,1.26640472925452
17390,1.8870262267418154,2.0499535771827007,1.5528619490015407
17395,2.5153549465461347,2.421122528786271,2.29495248518345
17400,1.8900199198669934,1.284297595172288,1.9054155918560003
17405,2.119846940474836,1.4457836468980698,1.8872689516468906
17410,1.6633948888121746,2.6796583301141705,2.0076637670346904
17415,2.2838468620890775,1.616843225540861,1.5835351581059578
17420,1.046363577834191,2.610123777079146,1.840547157190413
17425,1.9601609818519279,1.76679712537513,1.5913200883548804
17430,2.43415823308422,0.919379319288447,2.1741519167167054
17435,3.7128198318303998,2.1592736648054385,2.6395228882952697
17440,3.253367392396345,2.2823767862327933,3.0865575893005417
17445,2.4426177411557117,2.589670989063371,1.5446191918073526
17450,2.5257295979688683,1.1527904986301944,2.45208159014222
17455,2.1942502529474788,2.388090985659721,1.9435449824760755
17460,2.0954602950522485,2.243881448788369,2.1617694033157955
17465,2.017272706325384,2.694146955398328,2.11459690892265
17470,2.3249655200652217,1.7092508250633314,1.4384908696978407
17475,1.8084802109295004,2.5435185449637054,2.1676187745332456
17480,2.13395737182861,1.384735530745699,2.293503586816788
17485,1.6568887193863868,0.9270753656225685,2.450070348603255
17490,1.107792965021951,2.258897114944598,1.1199035426205926
17495,2.3861863233785994,2.0161497118345117,2.4960220957554564
17500,1.2128172017535443,1.709606595776606,1.0552516602988353
17505,2.2488558906958387,1.2552297713280156,2.119121294382896
17510,2.2298724002288592,2.5715694394624116,1.8878481379656469
17515,0.3079496378810226,0.3419424480986495,-0.31662563947100764
17520,0.40763776019652204,0.19623714899394654,0.6110421578714315
17525,-0.6415542862772804,-0.9176811704553858,0.06457387899629495
17530,0.15410599187039498,-0.46207457716419625,0.09990839349643464
17535,-0.1393764167740466,0.8148414165434418,-1.1464887378344852
17540,-0.09256379733591581,0.14997859995081286,0.6177956471350442
17545,0.44210828822774645,-0.5038290656739685,-0.3580697368199003
17550,-0.596607084662503,-0.13464263847099459,0.11447525886239761
17555,0.0902413491655599,0.7102524155621935,0.12121287964569553
17560,-0.16265215998313914,0.04390088717792518,0.05903552758651932
17565,-0.5363271574623325,0.5801511511310945,-0.7795158790108547
17570,-0.14093443807682246,-0.12068143659728696,0.01764213144123984
17575,-0.29444179727552566,0.29056307822806493,0.622097253874355
17580,-0.9267500033991908,0.012477404796984691,0.31840092965955274
17585,-0.49950850803066715,0.7685356618364827,0.1844173971767294
17590,0.338780889114823,0.12366335711643212,0.22227594329612074
17595,-0.09832477785831242,-0.11594691969390496,0.4556395799453453
17600,0.5778685109920912,1.0846845591693406,0.06650689658202448
17605,0.21496690377266697,-0.4191076184257301,-0.9348265763828838
17610,-0.5303010696021119,0.5481726994593757,-0.8366072768094776
17615,-0.5372685320431629,0.11198729997127077,0.21359869550764213
17620,-0.5345076629475223,-0.05331141800775004,-0.05434007837040834
17625,0.2740340896088264,0.5263739505932453,-0.46337563625960354
17630,0.15207655329631145,-0.24885998370213763,-0.2210854841497655
17635,-0.9012591812455241,-0.7440669013793145,-0.14740526559590256
17640,0.19653387212996018,0.5903810675372163,-0.4838676628888714
17645,0.5584219860941853,0.40480882724839784,-0.4958670324386964
17650,-0.3849043501837669,0.33665566838347644,0.19122314023075893
17655,-0.4648432223159066,-0.5783886029165347,0.05908616098432177
17660,-1.1305810631250743,0.1807881212301904,0.3392994208623064
17665,0.3225315873268605,0.37380623642770044,-0.20763820377552614
17670,0.5177960740984117,0.27688042884191577,-0.5905102828020256
17675,0.47429569253008014,-0.06389458910162596,-0.6997461086582085
17680,-0.17007295878732923,0.9403116031718318,0.06050417382350935
17685,-0.03153598779900759,-0.250234686435282,-0.04426338788476952
17690,-0.30857428085863375,0.21741914469696288,-0.25266983182992203
17695,-0.40358408902443793,0.10194424832705676,0.1704970191114951
17700,0.22744025534285076,-0.17413134022799012,-1.168126827987333
17705,0.33819518178311964,0.5071930716521056,0.37512258032835805
17710,-0.4290573674964948,0.10066562413900801,0.6869530237599697
17715,-0.25298054762796857,-0.7553411995495345,-0.5527941519402685
17720,-0.07455216579122634,0.5504459457565646,-0.22930647650233976
17725,-0.3842022566680791,-0.06513978524666804,-0.27066310155431117
17730,0.03054765138146576,-0.25340748280725534,0.4885663224476574
17735,0.7496602259515377,0.09506052388394344,-0.6020951502013011
17740,0.10864606450389105,0.3667672777129675,-0.6792590163387155
17745,0.5212670413849251,-0.3327731923017178,0.9781258568453524
17750,-0.8329659460256295,0.3533781337635345,-0.6157557208164197
17755,0.048583081544039425,1.0938114273410198,0.04533863769169495
17760,0.08990187586800125,-0.4206353810064923,0.3848072417102582
17765,0.28526507629651227,-0.7686821638572853,-0.7121080842061644
17770,0.22207986756596462,0.5201929797293927,-0.5003966065313035
17775,0.5636306109804863,0.25791784201226275,-0.480541939898174
17780,0.10774223480826715,-0.02805790781753468,-0.6273731200587842
17785,0.10033539491947907,-0.1659246473264057,0.2557753555629623
17790,-0.2899821789207843,-0.06148570306356349,-0.44417636651333803
17795,0.23307060414218211,0.20768261486001247,0.15204198204657457
17800,-0.26517221636353183,-0.7545262583085355,0.3129388063507796
17805,1.1141926449887982,0.05550050954206536,-0.4034017776591251
17810,-0.8925676108461775,-0.015567830420924918,-0.6748994935470992
17815,-0.5946994424920697,0.2950281442405868,0.7520184142633173
17820,-0.7754369492870158,-0.5606495256600832,0.5630492286807307
17825,0.6993275333722287,0.5922740975289158,-0.9325164838254444
17830,-0.06724300776508671,0.052688571791901256,-0.2184857649620168
17835,0.3906862794182947,0.782438340734189,-0.24286525847711637
17840,-0.06003215257790032,-0.754856652024925,-0.8536360677566519
17845,0.19251180532334633,-0.3645833841883177,1.0462618584098389
17850,0.1983092260301194,-0.572483137941163,0.4097135265611862
17855,-0.7094436642339916,-0.08367472038713589,-0.4272795593316321
17860,0.38720642846183306,0.960644536124122,1.0483688465470358
17865,-0.054018604822822364,0.5839640116741427,0.9390148407513784
17870,0.4687534445296067,0.530620693631321,-0.6263139575606689
17875,-0.5404113888084399,0.9622131575445187,0.3000802653859787
17880,-0.031152965750155803,-0.6011262076098116,0.8840202600914016
17885,0.1810230489702744,0.7889012928523599,-0.07364322972117421
17890,-0.06764602246381646,0.22318083097353164,0.8791401635212386
17895,-0.033385631006829286,-0.2960719660929647,0.17316489133430507
17900,0.9836127644432866,1.2983805521483829,0.9676628879396418
17905,0.636923203067828,0.36963917116270795,0.13512124700883704
17910,0.09127208602817433,0.405435616790555,0.46937423395105343
17915,0.7162711857371943,0.8453332612455566,1.2868919593149242
17920,0.6607702864381,1.429129635953287,0.6162924861913699
17925,1.4139007810995101,1.011881341116711,1.1094753934371204
17930,1.1179584483042173,0.9477584880973923,0.8467507674963557
17935,1.480752470835458,0.19865721679125936,1.0399511260619405
17940,0.08120162513424822,1.9559598725029954,1.3773661624666196
17945,0.863241729279903,1.5275797545535064,1.7267923382487125
17950,0.83006427985307,2.3301645927570336,1.657577752605076
17955,0.9302804782244807,1.6347936845617541,1.0327873665671672
17960,1.3697026009226663,1.322326033245985,0.9778143486042323
17965,2.611052841206077,2.448061071784732,2.149398813843735
17970,1.435597547893575,2.048934615122686,0.5676692813217962
17975,0.9781895396464864,2.722454832385168,1.8511600083188577
17980,1.56671639000991,1.7357329395723613,1.967570508436579
17985,1.0711600105981607,1.5566257538929857,2.5271614184714264
17990,0.21049439309150708,1.40085788310236,1.1705816824815805
17995,0.9079115478351453,1.6309814641247833,0.8697177951883882
18000,0.5999434548284795,0.6605479127208227,0.8411328443391373
18005,0.7556867305165313,0.42718246792605225,1.5546376442079586
18010,0.7874224445732635,0.11091943415514582,0.3363760290764889
18015,1.5025854116904815,0.5150346539705062,0.43408262145980736
18020,-0.14843700483949174,0.7265617140499758,0.39340276441712846
18025,-0.14564615059766517,0.4474973825726305,-0.21820905360045606
18030,0.5447258823882455,1.2253509543897072,0.40631808570885247
18035,0.3307995410451615,-0.021901392047208867,-0.8862292894315638
18040,0.04608525603122812,-0.1751045905098197,0.6925567893968598
18045,-0.20479806271427814,0.6793783163614564,0.5050139684675977
18050,0.7917050036847186,0.15813802301690275,-0.526117233579773
18055,-0.17557348692551875,0.48385925751991593,0.8181599374185775
18060,-0.21593912011368785,-0.5339806711393418,0.6465306545525483
18065,-1.0002058439294315,-0.3229792784100357,0.9336024704300578
18070,-1.9383770468873545,-0.4354332364526895,0.8968828267306364
18075,0.05745044046478952,1.1354219244332375,-0.34831609358329235
18080,-0.2643117880360486,0.5545930696626366,0.41084914780420195
18085,0.5838911853809998,-0.03597230906188084,-0.21815634631092365
18090,-0.16182744521691364,0.15508114016895852,0.7584818640627824
18095,-0.22238701355652113,-0.8794008416104283,-0.8745064352778235
18100,0.7292370385722119,0.8904964409307191,-0.5214907213692499
18105,0.4292316838618682,-0.3484386295673708,-0.6154228248214902
18110,-0.052410433218958385,0.3690628897745585,-0.1439774072220529
18115,0.552819382190664,0.9013713855843173,0.14599894849464756
18120,0.8911012004171875,0.023593560661511026,0.3730580989236467
18125,-0.01810624818037529,0.7630901297218771,-0.42866666214427773
18130,1.2788207566830379,-0.422875841597546,0.48224237443634643
18135,-0.11514278659320634,0.6438116289759067,-0.10368982343670938
18140,-0.11375296861255088,-0.06876250314553811,-0.16434000035287175
18145,0.7619764500219518,0.8010400733101063,1.014227585758462
18150,0.9917291856943438,0.6360674374165293,0.18193750942323014
18155,-0.17924556083820395,0.5552243125604053,-0.10438234680496117
18160,0.30578356447422356,0.5896656721367166,-0.8320339339712346
18165,-0.2823469104552545,-0.00897757371263852,0.37376677990102725
18170,0.04512123018802791,0.5839046323126269,-0.41847259544934745
18175,-0.8954518827645043,-0.40713446858776675,0.6916752088841404
18180,0.3319458547828502,0.4911103035989205,1.0318615009932326
18185,0.3375478547526824,0.40987135391608787,0.07971973173851805
18190,0.27560396777697277,0.19440142957567544,-0.356662336909445
18195,0.9429520673038406,0.34062507623951255,0.4602033759198748
18200,-0.49684564477927007,0.2529362440281234,0.7936798523468331
18205,0.37366430508176596,0.14876118074950484,-0.16493212749802572
18210,0.49232818590900485,-0.4314889397133969,0.25873888976056275
18215,0.7659712404327343,0.1874537071979186,0.6571864635240756
18220,0.46850952484687786,0.457759186357655,0.32418848204450795
18225,0.5104504038201247,-0.20261593453540044,0.16995943508560143
18230,0.10494559180120203,0.2575720815543185,0.2909402935101963
18235,0.5013561696122002,1.4376458682299968,-0.00927788083994896
18240,0.6235613537097874,0.2669839436299283,-0.25555833709207976
18245,0.17585970270846532,1.1847370296094728,0.17407253767999367
18250,-0.24648656117011417,0.7676864730404647,0.15937085266297665
18255,0.32863951605808617,-0.04242733353005354,1.472681045885962
18260,-0.09640152434999649,0.7676499163224381,0.7599284816696081
18265,0.3134978756493507,-0.2440429603591476,1.7004156580210399
18270,0.7657002923531793,-0.2483924377013298,-0.13501641691631067
18275,-0.0013987945744408647,-1.2270550584417435,0.3636358732358973
18280,0.1359513554989944,-0.23864355613246763,0.19444102187420076
18285,-0.5766284150560357,0.47912076077272886,0.32304722089961607
18290,-0.1296167341384616,0.3664062333968489,1.353737203180259
18295,-0.09331774653229546,0.6324491852640791,0.0789210074634116
18300,0.4672944337119568,0.34481897581882104,0.5914779346497492
18305,0.44631451734210237,-0.6419659064519673,-0.06307433188708747
18310,1.3249116618794319,0.852292362655743,0.022692528610150614
18315,0.1914884651879164,-0.5149386811846534,0.05052941804661057
18320,-0.33286962804379333,-0.7476558873683454,-0.038261096018657514
18325,-0.13255452929111156,0.9004866400566438,0.4577167303889013
18330,-0.0631647962793562,0.519558803250439,0.6616305810770139
18335,0.36992422049620044,-0.7830118481598077,0.6422839291285869
18340,0.45999240724148105,-0.5061805489004756,0.5756419872039904
18345,0.7741227185607509,0.48034581093637496,0.03224244577438207
18350,0.21468046620139788,0.31081946818666883,-0.0365447604047007
18355,0.18706237512460808,-0.053226101516196556,-0.3340376783154347
18360,-0.09741653252761034,-0.5966429615005601,-0.5817635794543898
18365,-0.014892548373898418,0.20739937953163948,0.8472096504650948
18370,0.26793491252372215,0.28109224361391927,0.4980898766007066
18375,0.4955259430966349,-0.4500421437837822,0.4485463993087593
18380,0.4371170960576134,0.5550423998142577,0.09038711112752305
18385,0.3434126415358446,1.199467893424369,0.13165923711460298
18390,-0.1904931087889555,-0.061841726121618035,-0.47210193627051644
18395,0.7786866859867048,0.4374734388147311,0.5531566315842797
18400,-0.05247058430455212,0.31132143671703594,0.5729965345339361
18405,-0.3186760717565399,0.777730503044952,-0.205778497386774
18410,0.8531217517751335,-0.2627532988856018,-0.7124825891103204
18415,0.24059461351639463,0.020878064782705152,0.7010269778027322
18420,0.4049223262394013,-0.28293578012536336,0.3169271338369108
18425,-0.6620617582590457,0.627014486297501,0.7828714160526333
18430,-0.6699944054832276,0.008100827426706564,0.31821333807861674
18435,-0.425332052220303,0.05949125617345746,0.27173995554721875
18440,0.6910258200120605,0.42508936338107955,0.33394422137486235
18445,-0.009517984490902326,1.3695325290801574,-0.2485827530266356
18450,-0.24699225944809808,-0.27992838745724324,0.32983031855440703
18455,-0.4290573522174568,0.332193916852627,0.4890109968092181
18460,-0.4800983405263263,0.2550968224127867,0.9373236547379242
18465,0.6874401050346519,-0.004494081162299102,-0.7272536427420171
18470,0.9319836112799439,0.16624097798837517,0.229147703459126
18475,0.6309721142058815,-0.7518128671062942,0.829575602004358
18480,0.04815573066054893,0.24282674327741896,-0.30889217050613393
18485,0.2830933511384941,1.2238351121616236,0.06106049698286195
18490,0.5208744635221588,0.26354669745708154,0.5308266042241752
18495,0.33939771729650237,-0.8631435159695416,0.09012314303092823
18500,0.9391306789434237,-0.09911623710196463,-0.2643637025506116
18505,1.0172635228529248,1.3423315499519937,1.3421782880243207
18510,0.19526238190205286,0.13806463476673736,0.43193352817098557
18515,1.5359857676905202,2.076816973453561,1.2834385369370391
18520,1.3975201017373846,3.2189505091572546,1.478592109269515
18525,1.1112025369908467,1.7592439716349282,1.825217011797548
18530,0.8470204783046449,2.3173040671309817,2.4670255792850604
18535,1.8606174693079764,1.8307618897081417,1.7518687862321651
18540,1.91583816768551,0.4077865687316391,2.1310007895027985
18545,2.464785635217847,1.790809192317129,1.9715863819023474
18550,1.5037820228620407,1.6798162340351253,2.3828809047958
18555,1.4710236660568523,2.428541216530005,1.0435808264181023
18560,1.1691438753466319,1.0736379833996699,1.8786064654308083
18565,1.5697318067621246,1.6143019248739834,2.2865178086595095
18570,2.1480326956564704,1.764364310314619,1.324501533404349
18575,1.8398501726465981,1.8425331746982305,0.46018969091836315
18580,2.502058260710452,2.619688464560501,2.645878389174721
18585,1.9667621478483301,1.9917269846449959,1.1224345020273279
18590,2.2378293152454933,2.2217107054452194,1.6876663099636349
18595,2.5219750872820095,1.583888998279742,2.7482532091568466
18600,2.203034702715249,2.3921002694129454,1.731068007970808
18605,2.9126951819463107,1.1182265908016968,2.5287010316135645
18610,1.261415475073747,2.106680760497469,2.5392908203600832
18615,1.9614589053509466,2.4453091747778672,2.0838656344063775
18620,1.3816715849398553,2.990804134810306,1.611147320739112
18625,1.4615501512618185,1.8648559540867469,0.37572871617199444
18630,1.5435402861331455,1.9179218534137417,2.423983073823002
18635,1.4362338386077842,1.2704395830916544,2.9308698621205673
18640,2.787393075475162,1.1332725273337987,2.2594851001492717
18645,1.8530994789218977,1.9842120827202114,1.0728395886802897
18650,1.8030100888253786,2.793289217201522,2.258528099632104
18655,1.372680311518101,1.2609991691426234,2.2300564133817407
18660,2.0410724756024967,2.4588127805774684,1.1391554338180978
18665,1.2989698265497274,2.2453166284549027,0.6993879878070646
18670,2.1284605554316265,2.7647838015697186,2.1093204515954795
18675,2.1237603305433046,2.302244944991325,2.0606813745235106
18680,1.7136249400299355,2.36440338192487,1.72264852022659
18685,2.0680179955900164,1.9328760757322954,2.1518163474160694
18690,1.8826583534401358,2.2629346627979756,2.581733909796946
18695,2.3217353937249046,1.5893973970869473,1.7178175125148796
18700,2.7959832334979,2.1294904479172656,2.695040802141652
18705,2.7671937415634504,1.663557268408931,2.615022294776183
18710,2.2608343572313156,1.5627467095098468,1.7590625721679176
18715,2.697024790517225,3.2376482797436497,1.0703705018626009
18720,2.4818552599450765,1.227056612318684,2.6869490743390534
18725,2.2470833737746725,2.0100305166590937,1.9031568835633101
18730,1.646919087056204,2.5981141396423713,2.2787967575499
18735,2.1989135483814946,1.5574325784902383,2.131796753993967
18740,2.195087175246816,1.9871341164258256,2.1394051504799685
18745,2.1360474186024847,2.1712811953989006,2.459873998947144
18750,1.2351397327943359,2.04917880620928,3.2729792449374324
18755,1.1328295601367453,2.884931011071891,1.5996057950242566
18760,0.8603427583630299,1.8932841014407766,1.3611471908624408
18765,1.784717447268671,1.0418021525561454,2.470233388938329
18770,1.975333867485669,1.6199961732335564,2.1328566711403827
18775,1.5995986712132524,1.8045113330307154,2.0458451975379766
18780,2.5600071231697874,2.8786926607182868,1.3213943642190835
18785,1.7441746953331816,1.3716228175808083,1.681505716095648
18790,1.353200486551395,2.5489111491716443,1.7370653458742413
18795,2.3188646225586718,1.9500636927133574,2.581670059771498
18800,1.883949182129416,1.5185630972264004,2.603484013309171
18805,1.6229373920412327,2.236284171589461,1.7528705640707436
18810,1.8158346832014858,2.2729225162383297,1.4456895601805506
18815,1.6052748447734353,2.1496125605109206,1.8465100055125718
18820,1.5357786924544414,1.0781891453364154,2.186482253565204
18825,1.7955792504566335,2.6852640595913986,2.3913621951487647
18830,2.4827504342878637,2.4133293210799236,0.9206777988919785
18835,1.952139476370687,1.9624217540186366,2.506233815300875
18840,1.857058336429142,1.789335368679276,2.476823612091614
18845,1.3549045275068048,1.1544731568411861,2.1313279755605685
18850,2.741897628958242,1.6238665206017022,2.5131953555499162
18855,1.8118024116659441,1.8007157364064978,1.5747076663932247
18860,1.8337531606523663,1.7489619887902876,1.70278764530396
18865,2.364073836119914,1.8484227995996445,1.8219728646249902
18870,2.306331033758946,1.3917271223148227,1.9667340352180496
18875,1.4756960542042825,2.19688559390056,1.3968095743634454
18880,2.376140512575841,2.0120862425804313,1.2881461407066928
18885,3.00668901874413,1.1020713292944397,2.1070353767026213
18890,0.652250624536123,1.3007721708873632,0.8533693088631055
18895,2.0521804655870044,1.321897746301728,1.7992905710798341
18900,1.3428878315542339,2.2084015839915336,1.1947975355547387
18905,1.7226471806814245,1.3644408688361036,1.6176752538027235
18910,2.8511897148549545,2.0163066448714795,2.480362902347153
18915,2.516564737399037,1.969741150256495,2.345255105208261
18920,2.5384170145424063,3.153057228733001,2.438349531428719
18925,2.3960182013404165,2.4031773232901905,1.411616920941833
18930,0.8748187491000926,0.020785644460962517,0.9570953027511637
18935,-0.1336676897589892,-0.5146077177683187,0.6690979862441383
18940,0.10098778564917582,-0.22352511911768277,-0.7790544587001508
18945,-0.07391708786238717,0.913826113644243,-0.22766877984862063
18950,0.5458607624113423,0.10399492791302165,-0.29754678521472316
18955,0.10010499502871713,-0.9751932081847788,0.15983990973978762
18960,-0.8351941604146816,1.0077874323811782,-0.5316368524375379
18965,0.5549222498650533,0.3400921964461508,-0.23221750475153222
18970,0.14768194767659415,-0.5870478894757503,-0.35748061689510635
18975,0.0421069354140067,-0.414062625573428,-1.0629298518957664
18980,-0.15932702223126907,0.19488372559097564,-0.3435524930910715
18985,-0.2701720365355031,-0.5259152359129371,0.30669630870163017
18990,-0.44845958548314585,-0.05776345727364536,-0.45615658468421594
18995,0.4635219129503375,-0.10282081801005796,-0.7426459900587191
19000,0.17821547832854306,0.05083310464217679,-1.2276539356390657
19005,-0.22795463701555138,-0.3367111701137812,1.5574838822020003
19010,-0.38917485982554273,-0.38646460283039585,0.6079125112098531
19015,-0.6921818913302711,-0.2676896895128102,-0.4150300675788907
19020,0.44408368450946284,-0.37300638758632937,0.1698548581942775
19025,-0.0033938886703714266,-0.27703512022240706,0.05296729054020349
19030,0.28689566135297634,-0.24155138985483532,-0.8784669490669181
19035,-0.6750591668471131,-0.598557686916144,0.6821845024710642
19040,-0.20187466852646715,0.08239242911475096,-0.26026199886752527
19045,0.10535766381361795,-0.15549686017155806,0.9577694765743335
19050,0.07017162960719758,-1.0678179067590556,-0.23144044748324857
19055,-0.5364314472516196,0.5708483122181321,-0.24915146062874124
19060,0.43117388810437624,0.6731298462713912,0.3564870802281251
19065,0.05156351003124446,1.3505727740478042,0.46064001532664667
19070,-0.6593126735003155,-0.6929823410194658,0.2985683658815734
19075,-0.13197943190162012,-0.14928831724436795,-0.09720137186709192
19080,-0.6544079791687147,1.089293221338125,0.516497519039396
19085,0.033074147113941174,0.38676514854503224,-0.02958664135043743
19090,0.2397752639337946,0.24473242261283493,0.055014490879104046
19095,-0.047527030035063804,0.06707148404115452,0.3894224504602294
19100,0.09906386152277265,-0.801630760236077,0.9198639487315877
19105,-0.05144308452014299,-0.12347810213719264,0.03448700161102009
19110,-0.2382301586439416,0.12737671408827367,-0.487414667149569
19115,-0.7319868634356069,-0.44363389061131697,-0.03965754757018612
19120,-0.1978579065563939,-0.30520396396953176,-0.010246381427317106
19125,0.0755895504846055,-0.2930914263982384,0.3017798519460328
19130,0.06070764663312011,0.6379359312327803,0.5216876315259887
19135,0.4387853702008051,0.1909342572297402,0.09094513959753346
19140,-0.2462846279516447,0.09479071493695634,-0.24951501613394717
19145,0.7409170942780515,-0.16812874676210657,0.1461591899258476
19150,0.1655145445779925,0.21649190686907835,-0.22104347682000886
19155,0.32374002416827596,-0.09151963457296522,0.7494771617239606
19160,-0.054508410739499205,-0.12618205298344237,0.5315555055296867
19165,-0.5578798029885341,-0.20608631296695076,-0.06719728608449645
19170,-0.16218739281415986,-0.3153829390088571,0.18521268904055768
19175,0.296748210588365,0.21673221233605053,-1.0061303084012476
19180,-0.09582309087026093,-0.3750165859417335,0.013844709301462983
19185,0.07681132384376753,0.0130477649725552,0.08046196478484843
19190,-0.00023182316894338612,0.022177857426299356,-1.3221498565030176
19195,0.3260851697210984,1.1223016892859847,-0.318686137531439
19200,-0.14257172038104057,0.26342769179527914,-0.31400531850635216
19205,1.086605088585452,0.08108555014888565,0.042303854955779215
19210,0.08319680866360513,0.05272811427549533,0.04902666813232712
19215,0.8217312842498873,-0.003113640538232515,0.35424244290731927
19220,-0.39631105462718375,-0.09028242397037312,-0.06788740855077065
19225,-0.5854191610702049,-0.5223072662194852,0.31656415018045136
19230,0.6726584901502604,-0.44311561801997584,0.030561034607345466
19235,0.535432918760814,0.02817625940489006,-0.24545017414012804
19240,-0.3930977937578446,1.1419806590180874,0.333366837612849
19245,-0.041880546556045284,-0.23022004457058956,0.2614341560388193
19250,-0.20221923153168567,0.2979824711349334,0.2045443429951864
19255,-0.25023542290169987,0.3335457448527488,0.2598338310852413
19260,-0.16784145600723094,-0.18167717606713985,0.0019997076205594544
19265,0.36362095777970904,0.04810653241241719,-0.5679797304990364
19270,0.4240254443213532,-0.5913988163923429,0.9660751888869239
19275,0.3804353327744223,0.6061218786951561,0.34238901395355276
19280,-0.6532883699077334,0.8113787270358016,-0.0019246255752258246
19285,0.369355592341597,0.525764244890683,-0.43607194476875566
19290,0.2563920200433868,1.4743724389752075,0.08485777322859289
19295,0.7128520708642634,0.6792377168528785,1.5124214330590782
19300,0.43616989891938635,0.8101895899837401,1.2829961810732504
19305,0.07764524030849307,0.6219465472183869,0.8924385368521744
19310,1.153479481049802,1.0907304762424943,0.4108387281724393
19315,1.18608859907336,1.3092531024405323,0.4195941989932682
19320,0.4589740794471129,-0.40554955899964273,0.8719283225959733
19325,0.7179666719978418,0.8689745422786141,1.2023200856770508
19330,1.5378820930759547,0.6467941062914526,2.3277347892149063
19335,2.090966525351681,1.4796213036425123,1.1347878512542628
19340,2.2864778483030577,0.6226618887617047,1.0254310592706333
19345,2.017919429624976,1.8890647619886871,1.697059868309156
19350,1.963406855555936,1.610843930835087,1.470122561586592
19355,1.3243793439925462,1.3373242899316735,1.648817551150037
19360,1.2419540789836585,0.9211924790490562,0.9713792759180441
19365,1.571359254731244,1.4559820334539744,1.5026909517225182
19370,2.1385840436298427,1.2584738841072287,2.091369664889565
19375,3.2309902945923143,1.0595113376064587,2.6016777771252766
19380,1.1886244343953294,2.2491420865330465,2.160147371396094
19385,3.411146880869751,1.1342760240412821,3.098233285505656
19390,1.7526648546721035,1.7632325081072158,2.013868889939548
19395,1.8238185281889752,1.6813192594389867,2.4740677010682743
19400,1.883435859620868,1.334474808771224,2.2227098184655087
19405,1.4512654660446374,0.8967456066608177,1.8030038750964859
19410,0.8520225635318193,0.5923692264955526,1.6616050434686105
19415,2.012239640892123,1.1029654093581194,1.46080382498989
19420,0.4659869762100266,0.668616934118617,0.8131411448488419
19425,0.6921914100390164,1.761854780315118,0.5923748406635809
19430,2.1539005954519013,1.4182366864404654,1.1938751045566833
19435,2.2388426291514607,0.4682890609883756,0.9272892326999668
19440,1.3474798326251503,1.549240041418933,0.7199108643867478
19445,1.4808479378396098,0.4697033288613328,1.0066168221794793
19450,0.5164507803278529,0.49312435966643825,-0.08835191764880801
19455,0.500884796178786,0.8665677403971483,0.5613222200929832
19460,0.9662813216390964,1.1321659227575411,-0.20478945378189206
19465,-0.18155893981517823,-0.27501888080532494,0.4069421959908657
19470,0.2250149214941087,0.10582861117661654,0.3797584307086544
19475,0.37326875696989587,0.03616981721931717,0.03541714838992843
19480,-0.039118837276998664,0.8036616429996836,0.22894956822112733
19485,0.9897429223873242,0.8492248399435188,0.00803424042385914
19490,0.14963827831098722,0.5393162691164235,-0.0703332434169158
19495,0.060029402159057166,0.4890756757813982,0.8026651054329195
19500,0.29690866660769366,0.930967014055886,1.0630854062061112
19505,0.6859968085720349,0.8643150951647212,-0.16574288195338702
19510,-0.5213243641231851,-0.07677042012614191,0.18660417362248333
19515,0.7174615982145327,-0.49169385788096365,0.5665316059094854
19520,0.7777730914447945,0.14662099588506333,0.9997136071028727
19525,-0.3400410448161057,-0.10158891808602463,-0.4077253089685364
19530,0.44493143440367144,0.19951108400266923,0.9125366300942321
19535,0.17696029672290683,0.667430950661067,-0.021168953955046393
19540,0.09170666288906225,1.0956555813533013,-0.2318930303676278
19545,0.3821675888933256,-0.20266507965472985,-1.0759363205625256
19550,-0.309117514363078,0.10477557949272782,-0.09644098673806575
19555,0.1249149760339095,0.16615265048924527,0.3179175852030543
19560,-0.42111653931068327,0.5893247414167496,-0.13764875085122527
19565,-0.2960020697644229,0.7582154951064397,0.5811939396690409
19570,0.009014538149422685,0.4675582067258901,0.12673261115470602
19575,-1.0904622490768372,0.09974948480012415,0.5565710142859799
19580,0.43665785505509724,0.7361179386948793,0.022797060513440215
19585,-0.455675672356609,1.2972990957651995,0.9382088548934937
19590,-0.33391543325610135,0.26268343803348504,0.32317523653024677
19595,0.2966523470887381,0.23214373314533973,0.49569798688117894
19600,0.2319267458574593,0.4866348409732093,0.6426506876426874
19605,-0.29678982715377983,-0.2129621514374222,0.7157160052212133
19610,0.21859379591670686,1.106359994153309,-0.3735486874328785
19615,0.19556326836537213,0.6553759261461275,0.17922004337560082
19620,0.259463247796268,0.7687025831017701,-0.017416124416714834
19625,-0.31622135063174006,0.9952969844017061,0.5855665863840791
19630,1.18136913113075,-0.14246554903828754,-0.32121599005803214
19635,-0.8379765495343584,0.5233291539627754,-0.15923883634071534
19640,0.07540861096700771,-0.3085293121140704,-0.5329117106916881
19645,0.21356118102114768,0.4607166806802725,0.15067998553231543
19650,0.16914286328348635,-0.3710548736406314,-0.36423757117270705
19655,0.8954888026715254,0.23086954792878306,0.7265799913508046
19660,0.2243329352055156,0.6097682641189385,-0.14259656129710466
19665,0.07796497678803851,-0.30308349144370494,0.23330025489574338
19670,0.6362679023099795,0.5734142487798718,-0.18303039101950416
19675,0.47499250820073075,1.0509561848223006,-0.21519484588877197
19680,0.47702732864300307,0.3355196997089631,-0.3772173481353226
19685,0.8811648174111363,-0.4734792622703263,0.2576289083855038
19690,0.7533378686388945,0.2206140388542077,0.6964656572467546
19695,0.818416349002485,0.6906827693562485,-0.21551892661835365
19700,0.5667052253204599,-0.26453622166277413,0.15201004265303722
19705,-0.01753030664978386,0.5676783511077301,0.630341056432553
19710,-0.09758081062025326,0.26814753222590526,0.8065936066021956
19715,0.10901893084023297,0.5429796813138632,0.9012328422522369
19720,-0.16521510186619648,-0.3596826341769094,1.2667463650186435
19725,-0.05267236096470934,1.3966994023534252,1.1732607374050974
19730,-0.16631233369932322,1.4673410554083754,0.3156356911460237
19735,-0.04839181562194761,-0.8753725812380526,0.18784890998689316
19740,-0.02088229953817697,-0.10484444828329698,-0.0926576829822367
19745,-0.08622886353108108,1.1020969279506572,0.9156208171811702
19750,0.22342280847430204,-0.549077694074697,-0.32993248175775214
19755,0.371302341221717,-0.1995144737902923,0.03023681663292352
19760,0.41990286845802177,1.047736345633206,1.1086697366893221
19765,-0.1024772156395434,-0.06032597088856145,0.5746308482320244
19770,0.5713795866871817,0.5034151971971896,1.0341668295059678
19775,-0.2234402059356264,-0.3865688771818645,-0.41793683473914367
19780,-0.30159492358793893,0.31159794902571614,0.1764913924356995
19785,0.02493179160056183,0.09755999144033016,0.9717236274958003
19790,0.5607391758398179,-0.16219668420570674,0.6335210312633099
19795,-0.2313856855935292,-0.5442297717898048,0.08498899012625262
19800,0.044080854045922574,0.502570467643066,-0.6923811082118885
19805,0.026251381012941444,0.16852656992055406,0.24655786769136495
19810,0.15593495428605075,0.3049766619496278,-0.4666267220543464
19815,0.9190095824020268,-0.04690540194724099,-0.08397591750905878
19820,-0.015356099211698643,0.24942709292159526,0.20199004056956152
19825,0.6852828596512828,-0.2568339619349703,0.8545500901114398
19830,0.5201297262335924,0.9427993105887492,-0.009490352672217262
19835,-0.6513404316097653,-0.0814196898512359,0.7086516412135909
19840,-0.3059831148973604,0.008029218183634196,0.45778626585235416
19845,-0.11991458891678292,-0.015375312678842096,0.07130927202469856
19850,0.40868866443319307,-0.14139115035064842,-0.2607958635056173
19855,-0.46511729883043884,0.19691801382222768,0.33595959631011957
19860,0.267947830555101,0.3573411198247362,0.43341294256261953
19865,0.028491641040129412,-0.06507461408771109,0.7984169267634931
19870,-0.04374268586346919,-0.12485261243176515,0.2540048326272172
19875,0.10726159122900478,-0.10450338227559033,0.5739941030912457
19880,0.4921454885679916,0.6167658517036851,0.7328105406286622
19885,0.21006227547447168,0.7013820388146139,-0.31823532547057476
19890,-0.41346656035282237,0.18630875186189863,0.6738437894453987
19895,-0.47145708597345737,-0.2794253183962796,-0.03007511321611503
19900,-0.02950930575986971,0.18243146563650017,0.5309634709733229
19905,0.6043877001971257,0.9085490702715597,-0.41356342926758727
19910,-0.44050740990188597,0.37584297371389286,0.5588051270898019
19915,0.16662615716073267,0.7759596750487049,-0.027677393445954712
19920,0.22233703981383934,-0.16007399957728854,0.40597730457010617
19925,0.313321295875786,0.37277722545244696,0.2421420204016216
19930,1.1959481644227405,3.065483519851412,1.5573027442916054
19935,1.4003863633289488,1.7927080415100476,1.4608508478253028
19940,1.5454411382691624,1.9193757721731912,1.1346575961793455
19945,2.0727686284657487,2.532511365471856,2.4255009950402546
19950,2.65581655102639,1.8896972380017327,1.83727499667373
19955,1.6008786409579578,2.678141895657879,1.4102450801541062
19960,3.1544251983801197,2.5733775206514675,2.2730291414454955
19965,1.8842113532575797,1.278324019910385,1.6071933105087042
19970,2.00025913366176,2.100916589393166,2.728401515413687
19975,1.5272707804118637,2.8722529834223165,2.3040231024222626
19980,1.3120215128672679,2.299293704006223,2.798802255194724
19985,1.6304782423038449,1.916291678186068,2.0346356279770905
19990,0.7272058980597265,1.5529265724934278,2.3859647797558856
19995,1.4469769110241204,1.8660277497271889,1.2277830579010711
20000,1.892153159279783,1.5069480115649105,2.1911460504114566
20005,2.0815084306904708,1.6424137745731144,1.5871617393754933
20010,0.9151565454641462,2.0385972400908767,1.5675805469802786
20015,2.333009570761132,1.8621595120524377,2.107613899957183
20020,2.927564588744173,2.0937945135946445,1.3639554178135609
20025,1.8670544725014484,1.1192644249053016,1.4570925314294434
20030,2.331214298845632,2.347905427902606,1.847345346478396
20035,1.9831931809408907,2.474794944720862,2.3542342058129675
20040,1.9996246065108232,1.1495050462972736,1.7939806622002137
20045,2.1515815417745427,1.5395146836292193,1.975669998305474
20050,1.7069805686443467,2.065269010467547,1.4209518455970367
20055,2.665540817412525,1.623921845704619,3.0429514334604284
20060,2.093767857946507,2.325620520384954,0.96257420578046
20065,2.0012581258217503,2.129316760764245,2.6332776994544997
20070,1.243929774255922,2.207442756594274,1.5400466819024285
20075,1.161504907293736,1.783257528072233,2.61825395344036
20080,2.2659503903418265,1.3995986458643497,2.4550176456503086
20085,1.7488847740397662,1.00904659475191,1.5091824146784254
20090,2.1729081429506922,2.095967856889283,1.971193671552054
20095,1.8460804371592605,1.353123699825194,1.6034372804641
20100,2.4035475391998817,2.6492181183252703,1.0932746150991661
20105,3.4283697135441518,2.604864123202843,0.9986288155593817
20110,1.2267809098092293,2.792977454639831,2.7616815520252045
20115,2.393963955433935,1.8965082467742695,1.2862987050373402
20120,2.786891948324312,1.4764944973292056,1.2329151285027902
20125,2.331625233836636,1.8853208052198136,1.8642551326535088
20130,2.011098507255845,2.3653558788026467,1.8017456970596528
20135,3.0433186951277125,2.0816683542825745,1.9631400785206583
20140,1.4189939130678493,2.10444765382797,1.3055973224817867
20145,1.3381118950917383,1.2822218289766,0.7756998743289802
20150,2.6936945938595644,2.2665406000133173,1.7857014043554886
20155,1.3149337739744933,1.6405423174917169,1.6686628792563807
20160,1.3302230420664751,1.8194678298850637,1.6789696960887008
20165,1.2666172444827926,1.622989133055931,2.1549976408747464
20170,2.493572150516284,2.2734481961129704,1.6692411861742018
20175,1.1467000817072472,1.9587294368799015,1.7789600983878775
20180,1.521695933203788,1.61077927732071,2.152485406065559
20185,3.100492326409544,1.6735767229954757,1.5209205435769602
20190,2.308881010202659,2.252008110158229,1.8856609584637272
20195,1.6661655372104878,2.3028681798564357,1.6832629638168664
20200,1.236286649620903,2.4114574234018136,2.10874951078601
20205,1.9615801089371319,1.251830873129511,1.166815006060013
20210,2.615231397808402,2.523625564500079,3.2043579563215356
20215,1.2143856406235543,1.4719564979427653,0.8512121720815646
20220,1.0219643372440306,2.1409340575095164,1.4319013944431818
20225,2.356133074572796,2.3112665122401364,1.9394706802817183
20230,1.1861376070093954,1.520232207551,2.731603707256711
20235,2.5284164003562624,2.29844540888071,2.8256905322190637
20240,1.93343244143489,1.585124380446005,1.8541430960572365
20245,1.4448614726862044,2.8833012001909104,2.349040250079967
20250,3.0741609145221647,2.5300120249196785,2.7230623360471
20255,2.6400914104965283,1.9810897255314577,2.3684573513712333
20260,2.0775190547756197,1.6911667925865017,1.7066712167630451
20265,1.296095542244196,3.2633195334880862,2.320994190122391
20270,2.287065335205829,1.6161489060749827,1.3005801415081224
20275,1.6042795740744038,1.662049393493187,0.8180411709969021
20280,1.4780334419642824,3.0190444401572814,1.9957179318909
20285,2.1191434294613782,2.4487843801565736,2.87090633655602
20290,3.1816366025259937,2.289786309770189,2.2900531285234877
20295,2.6305246908329525,1.4904689985805906,2.1721711995569564
20300,1.7653979891057978,2.7692606844773753,0.8919776134216139
20305,2.2559346415076678,1.6438725132340428,2.197491444595075
20310,3.00029175151077,2.138523603869909,1.5668772149764814
20315,1.851320942400938,1.6768786317024167,2.5495213767337797
20320,2.2038400119429706,2.4729810827475642,2.1326169712931353
20325,1.9228880831893969,2.171667236762024,2.7597201040108765
20330,1.8821091015257625,0.8014337836415653,2.023616849894384
20335,3.020944408922502,2.7722835344050747,1.642320390862534
20340,1.8713422653325504,3.3544592617735995,1.174298783441066
20345,2.4284407899050247,2.73785733328589,2.4302900476457903
20350,1.6683168759217306,2.155141164989789,1.8450573472992209
20355,2.704346715624672,1.3809438373968665,1.8672099788888001
20360,2.4078161235621964,2.092704079309557,1.239104308608652
20365,2.0505195609404496,2.08495288641278,2.221081182465273
20370,2.6336152676560745,2.2367984726489314,2.0626466272417985
20375,2.110978165762593,1.197947621136414,1.0155160481698822
20380,1.784084327690427,1.3236324912480515,2.1654213062077177
20385,2.462235496127514,2.314696432544959,1.868204923370307
20390,1.7094849856311602,2.0808711594484617,1.2852617078527029
20395,2.4785800864812253,1.3909783108475122,2.4112449972250887
20400,1.8699236451674863,1.8726392400477476,1.5709794390127527
20405,1.2619270641300295,1.7117063511076591,2.1877201467569067
20410,2.363456976134511,2.826385850071789,0.9354082500611987
20415,2.4876654089901713,2.055636314211938,1.0300127833669703
20420,0.6453960033989148,1.8899776064442646,2.3436774032445715
20425,2.876841703192277,1.8659561196874674,2.2433208672537317
20430,2.924437898429453,1.8519700303486344,2.0631861589494496
20435,1.3963174258644888,2.626615681117813,1.4246926575226289
20440,2.2623997306711887,3.043560294898198,1.5856291296145015
20445,2.5840748405278005,1.7566471949503635,2.270198111962173
20450,1.5856264466189174,2.5262700906820674,2.5590224103947676
20455,1.3019533647505965,2.5443656145929596,2.0221221803336666
20460,2.336699920411038,1.5664618878561456,2.065338956904462
20465,1.8120530204454675,2.2708450286595765,2.5594579802058792
20470,2.0719143427789173,2.5735433521208173,2.147207566875186
20475,2.4230484307882643,2.2221471031095623,1.383154403682106
20480,2.319052309396124,2.2516767568870444,1.7327708740954773
20485,2.421828787890006,1.4787672007314758,1.6761660776905678
20490,2.2942576682067317,2.0586343102124816,1.8987383662696833
20495,1.378817478741099,1.5298108627051143,1.6025890975107435
20500,3.6578971790284016,0.8630030566493101,2.255572485040674
20505,1.8548811804647911,1.4137764252176075,1.118968012884637
20510,1.8790479329994938,1.1256360342116578,1.0656578247648723
20515,1.9243734179734069,2.5301635615171745,2.536699747284027
20520,1.8018823795870884,1.129256379854675,2.5255087289129103
20525,1.980727540775713,2.049452349028933,1.3275674643657267
20530,1.6084590718900362,2.7414616926813955,2.1559958191429653
20535,1.6325316507685965,2.506112742596983,1.3155958372356649
20540,1.9203406190546632,1.294473682453582,1.6422839872154935
20545,2.39404036087588,2.4083077478417634,2.743982142076919
20550,2.772683169420851,1.728619116521371,2.6937759126193774
20555,1.139203332941948,1.513880970962238,2.3325988165000173
20560,2.0072159275494075,2.6264507202873544,1.8908551100396382
20565,1.9780352406086856,1.6931680277857262,1.5079546400588693
20570,1.8675103247133198,2.6676300539468785,2.0476908843352133
20575,2.7459362514081733,2.8229086311515137,2.5348936965782363
20580,2.2918877380102507,0.6416534709513297,1.464905959282115
20585,1.237118172780053,1.477216095151775,1.9999176624879391
20590,2.2392651725486035,1.9632521488411478,2.8716204046875378
20595,2.645549504017709,1.5728640669425378,2.2625076675178035
20600,1.8374935354061692,2.1041796476639707,3.0521435210252337
20605,1.9040825723806802,1.5873458774750417,1.981002526327388
20610,2.037498157861566,2.796304175676299,2.081262571368458
20615,2.4896831432250464,2.0495234571778633,2.0455159037701174
20620,2.9321049281614235,2.012838826964177,2.56043408443735
20625,1.4598199093671738,2.0101453095806288,1.3915927577096445
20630,1.5138224625624095,1.5917172702149935,1.8947869081591018
20635,2.6268634862130105,2.3647843619767417,1.9516459727212299
20640,1.7192566857924196,2.874064808574744,2.788229047078782
20645,2.349915102752721,2.3133160564977255,3.4780630564875885
20650,0.1689579997614754,2.7726304926044754,2.018573648063602
20655,2.8786917099059295,2.7384687810695723,2.8502422371848843
20660,1.168443931165866,1.616755387648635,1.228914708550181
20665,1.6524919034782166,2.2783223075585646,2.0436669073006724
20670,2.738776580842564,1.368551131876938,2.333254687055616
20675,2.0296795093997284,2.2934671074616904,1.7986030349846902
20680,1.6049869902053484,2.2353943045518525,1.2712511656886014
20685,1.713973836288151,1.304387695703511,1.746596801687978
20690,2.499295321765091,3.2865166346427737,2.134976144209964
20695,1.1190689251110597,2.538843814472904,1.5645777736351887
20700,2.757442072306178,2.645622441278164,1.8996688034436324
20705,2.652766365055377,0.5523608465803147,1.7711220914587567
20710,1.2086454603723669,2.3779610325288942,2.0190411334948406
20715,1.7142004353440128,2.197993721493711,2.8072584078569607
20720,1.135909171298894,2.0481967898362554,1.9118753963998463
20725,2.5131137188413626,1.5943000640346803,2.51948141972871
20730,2.2450006527580633,2.3439400963333106,2.0375071672765244
20735,0.014589602801512854,-0.9453342093647654,-0.11154308212769054
20740,-0.08400774844475248,0.5694330400077484,0.021842894012549123
20745,-0.14732475482908758,0.2702139210214176,0.638414221542085
20750,0.5253436416908499,0.6661890277989257,-0.384740414636481
20755,-0.7591457911828114,-0.010835500461660503,-0.1454330551378583
20760,-1.3417795162207284,0.3642210742318169,0.073343858854313
20765,-0.6443037897165056,-0.13732384123750555,0.02993850830544529
20770,0.8653900390010747,0.526272869033237,-0.14870600897289066
20775,-0.32896223581730377,-0.28562032454571495,-0.29041222154073115
20780,-0.03309484049517155,-0.9476828937311449,0.3777661833826372
20785,0.3677594858492077,-0.6393979240157907,-0.1263209158688745
20790,1.5345832621054538,0.6640443946006951,0.6234870943411418
20795,0.2539618124300868,0.3513466072963329,0.24630023492800926
20800,-0.12205297573185721,0.37907902529776016,-0.6752258635622053
20805,0.525115860303839,0.5262774492454616,-0.2439593405339188
20810,-0.5436222982816521,-0.26616916238480065,-0.03107048885765029
20815,0.3178635579973625,-0.5010373551732906,0.2160469314685183
20820,0.11321866362279528,0.5588934526736128,0.2608597939021028
20825,-0.23827602685712232,-0.31037529170454276,1.165319412418239
20830,0.33634410540110166,-0.3499832271507678,0.2623661209637804
20835,-0.500126021550315,-1.052913130689793,0.21757898795273584
20840,0.3760723768668776,0.12475009658149344,0.35171820583978125
20845,0.48303463701832355,0.1547154798402585,1.0199499156396237
20850,-0.2531390482892394,-0.26092448480540137,-0.26739741453242927
20855,-0.7563001381811226,0.187198943421006,-0.7335892100633667
20860,-0.08061426996778155,0.6280647910457294,0.48657312526032737
20865,0.3868138989281652,-0.29398823863349993,1.3261784716841114
20870,-0.05156751489896635,0.8703609429528322,-0.15975914382624487
20875,1.0312940705952203,-0.40055531816244033,-0.20982672405431105
20880,-0.21080801971303675,0.3222053209897638,-0.009916126243277278
20885,0.3721998261933123,-1.3903346441093547,1.5073989287487635
20890,-0.39585552602995727,0.10150780034529217,0.5141997536875026
20895,-0.09438526858801694,-0.39236006583636224,-0.46895380007258153
20900,-0.00769029109959417,0.13805485522669392,-0.7988658936749482
20905,0.008494165991843248,-0.21965644341593032,-0.752665286514753
20910,-0.1980837274337468,-0.3044120331781835,-0.4321199391839006
20915,0.33747128267980847,-0.6888870906301522,-0.8187914278614327
20920,-0.29049934169349867,-0.3178197913140379,0.09873300346020607
20925,0.07959957544198225,0.41105768916246405,0.21110478557339937
20930,0.3633189178739335,0.27202047726094253,-0.2760610548303116
20935,0.43146133023818695,-0.549044012890806,0.5872280854414041
20940,0.15604914078685347,0.8008411185039466,-0.2653873015112093
20945,0.19817698506154668,-0.5203076539539959,0.644584353817289
20950,0.4921162647195048,0.1444587779929733,-0.09715725371101362
20955,-0.10470173437042105,0.46382289652624886,0.4029571023805646
20960,-0.19261444205381795,0.03948850144044874,0.21180267570124822
20965,-0.4773916710239137,-0.6173513158996385,-0.6083301212457533
20970,-0.06930316807917646,0.2468762102320078,0.03184446896881886
20975,-0.14187218500946122,0.14214555311581295,1.4030332159910177
20980,0.1509793953578903,-0.43941704142511306,0.19929192875235993
20985,-0.11124764222204069,-0.7861212519114852,-0.3836754241676943
20990,-0.39640221221283206,0.11832976478874054,0.1287607541303159
20995,0.3518366359751677,0.21000635026795375,0.12103545906392794
21000,-0.5883436473201942,0.14247754891172268,-0.41831574722670734
21005,-0.7395689437865618,-0.4520803187702937,0.12182759501348153
21010,0.6712519372680069,0.21378275352358567,-0.03264589412185892
21015,0.09209020607856848,1.1588817901862443,-0.20082244789673734
21020,1.1590017916581992,-0.5500976635311067,0.665077440704322
21025,0.27991566555207614,1.132466695708217,0.6280627618004606
21030,-0.11875357843037355,0.2846783575245899,0.3669383732843216
21035,0.023952387602837064,0.12448819067958139,-0.3785281742764944
21040,0.48877854587407393,-0.3472379876642868,0.8260486554455265
21045,-0.07597442621608583,0.893649450518033,-0.14129416805537845
21050,-0.15317983768928395,0.9538344657455433,0.5729519751700277
21055,0.16021851563418218,0.8557944119598542,0.14770645350391026
21060,0.6941421146840204,0.3072425560930376,-0.3453206910027913
21065,0.7993254119684474,0.14205622951066244,-0.489446657996031
21070,-0.36669175543374566,-0.06438581298034857,0.3389994098272738
21075,-0.10258533786114576,0.6396403596655175,-0.19526603357788136
21080,-0.08351748836033585,1.1156579189210762,0.8599119981880177
21085,-0.2620407328045586,0.2615978896214724,0.6200007502041955
21090,0.8809599267460795,1.2289251405720218,0.5555918708703909
21095,0.1789205910041266,0.5148090432683885,0.31607586007864497
21100,-0.5644544249339143,0.3507540222626825,0.22920016616686884
21105,0.1528424687538109,0.2644401773703521,0.9245085685408719
21110,0.832120709644137,1.1324466005044782,1.2424876343696087
21115,1.0411298276094054,1.2678890904984197,0.8694878064993102
21120,0.9493348883814388,0.1037093540367362,0.11147523019395211
21125,0.8097067506961817,1.1271047062162798,0.445636068109465
21130,1.311199805340909,1.5073242702134064,1.3130676042258835
21135,0.372762665582281,2.09644854331295,0.8537210527195138
21140,0.7750780061742517,1.8664811187337693,1.4939721221350226
21145,1.3446201703744212,0.8745738391121144,1.1131028011317718
21150,2.0968350712894295,0.6302069411033213,1.8732607596472783
21155,0.8766484929052951,0.6287676067517345,1.9856116298187043
21160,0.6371919402557398,2.2171414657919435,2.361325140927214
21165,1.6407226627928866,2.109486907642841,1.2853974506571344
21170,1.4509122384502595,2.042094814163499,1.3275040049190112
21175,1.927132342600442,1.1409102597962923,2.7805386247697736
21180,1.9012054135835412,1.5246832290419206,1.1360503147991456
21185,2.535125663012576,1.5230631608663432,1.571659557740948
21190,1.945095504597517,1.7946257266578278,1.503523065398029
21195,2.1178511833716573,1.6747264346527038,2.171040288099226
21200,1.6423127092842098,1.2973371840210923,1.6487771537501854
21205,2.561643576947511,3.055805822369799,2.570258015461263
21210,0.9343444848147372,1.056160675051218,1.344641353102517
21215,1.5671017968044076,1.6060796031409428,0.6613611414898402
21220,1.2583797113044248,1.0234457335834923,1.5417246060459007
21225,1.027143561975349,1.990044163755059,1.0529253813262454
21230,0.30401005634343065,-0.04767163356133819,1.3318019578977203
21235,1.0856548130733517,1.0159855840469962,0.9234896867604822
21240,0.8689610473390761,0.14722527206118263,0.40231028386468354
21245,1.0258429331086019,0.606688430913297,0.6930647915578274
21250,1.1328119930929526,1.3746932846960527,0.73566067243388
21255,-0.002937182175037245,1.1699032376783958,0.6556830985707696
21260,1.393459368211381,0.5068042573036015,1.1894282820447235
21265,0.2566287194376441,0.09042189334115913,0.19553820768804925
21270,-0.008708915852935872,0.7482317783916259,-0.5685085809554397
21275,0.500262117858886,0.5905687416959344,1.426759601345652
21280,0.7477796430696866,0.2760068615219946,0.726009207880499
21285,0.32727993891500795,1.4410355261125225,-0.051559247746052445
21290,-0.137893709364342,0.21508829226444212,-0.32429516170802564
21295,0.8458285248805233,0.1486394518129263,0.8288602286448634
21300,-0.08712535138038402,-0.48360252283527444,0.3646254354118953
21305,0.931613367595948,-0.29063619006264263,-0.027831900017184857
21310,0.30874692060028686,0.25503284634474793,0.3900472325374629
21315,-0.09635040431089498,0.1905311425387413,0.4558497276689898
21320,-0.11073586645947212,0.023951132774246597,0.5686813465888907
21325,0.8841699594433812,-0.4311850338183174,-0.21145982623799303
21330,0.03810778524921146,0.16628794790376805,-0.32482525017584163
21335,0.049569644944003066,-0.551583519072056,0.39507069999130306
21340,-0.33746931412219494,-0.3017702962334913,0.7514974830389657
21345,0.006856169705262677,0.2702271818132718,-0.34955693694515994
21350,0.5864007681212966,0.9357664355926866,0.6504986507548336
21355,-0.32395009173885614,-0.181098097819687,1.5906670642830139
21360,0.5697505900414243,1.480047552882197,0.7463526643691304
21365,-0.3079780880353073,0.3673476096424144,0.4319845906743265
21370,-0.05645863085845987,0.36522906853188675,0.08647815211056971
21375,0.486951211021066,0.19984150944415308,0.9285244358590904
21380,-0.04809879373287687,0.14207316329497474,0.49697072363152484
21385,0.4598120792019622,0.32875954139740604,0.3913776354670948
21390,0.3057141705877936,0.8315524423379013,-0.4252935386405977
21395,0.17575504180174537,0.413291728740928,-0.00554665993275924
21400,0.21170042062041639,-0.6380218803994402,0.2880771749620731
21405,-0.11085171333745114,-0.9765725342320133,0.9167167975834362
21410,-0.1204466503334351,0.0972035120232834,1.3939431949842456
21415,0.4794536819603088,0.04879681888654028,0.30077892224401914
21420,0.018650634256211523,-0.2243975256420503,0.3406996906974391
21425,-0.07601941762224212,0.7117091711365262,0.26901810737994936
21430,0.5809519783620454,0.2599880213088,0.5647874292989943
21435,-0.6383741809147442,0.7279041139469644,1.1510813199518928
21440,0.4896369236222396,0.46280847990986257,-0.2589050937233789
21445,0.2861300869037202,0.2137032115215115,0.17508311406232072
21450,0.35663488026293777,0.01985524488315163,0.24157467021347234
21455,-0.006021942807938996,0.22853873358294838,0.1705454135788642
21460,0.3603385033812605,0.22732465573710336,-0.3197124384457329
21465,0.6591178940281447,0.7507107267718222,0.10528703417267529
21470,-0.1130324354973449,0.1748127997824006,-0.26426880082669
21475,0.6418724887529634,-0.17172550133819012,0.07333847811135938
21480,0.269321718221639,1.2516997806528702,-0.37979446777319387
21485,-0.3240326028435711,0.7734995467768757,0.9295179413765026
21490,-0.971688100751153,0.579672238947917,-0.10136368278576421
21495,0.8638685913334996,1.3124735037856003,-0.4758513272910754
21500,-0.09005352058228905,0.6229261501583974,0.3910075418866923
21505,0.4633044265481708,-0.40516834814480795,-0.294360117513088
21510,-0.18820901282692698,0.5984187328137501,0.38478081392606966
21515,0.35052605725269037,0.9149461393171308,-0.12759520027379292
21520,0.859431353712024,0.8279863112699717,-0.9333389291079739
21525,0.2640877679337601,1.29446764406734,0.3259203011733388
21530,0.48201971060734705,-0.951802433474608,-0.8681806883314563
21535,-0.03431209569339724,0.5394929144961077,-0.6703305863726066
21540,-0.18995449893095637,-0.6360782855863917,0.4440834552904722
21545,1.400955227475132,1.203611950840096,-0.07416500457124431
21550,-0.3965863123265839,0.5425400805444043,0.8867375368776926
21555,1.292428630676915,-0.8014838366794984,0.6779806421554402
21560,0.4358578636727083,0.36803408608819854,1.0144708569786451
21565,0.4695512131284574,0.6118141571808081,0.28608257745918536
21570,-0.3271242109264875,0.5680029530498989,0.3469671584793559
21575,0.19974468426663045,-0.1467099580175861,0.04957947418545061
21580,0.5108390581785412,-0.02475591714116465,0.3976601224396635
21585,-0.06790439194891204,0.7895544829195293,-0.342722491019155
21590,0.19492489408002953,1.2310497613086886,-0.5144005202396063
21595,0.1804053398816295,0.6005522639662443,1.7270233803159654
21600,0.2335579696071406,-0.21073656873537056,0.5948420155259955
21605,0.1997812315937779,0.3515595740605234,0.009537252380016625
21610,-0.43065961939113734,0.18372800467451775,-0.06492330287471487
21615,0.1586424599827293,0.0657942202833833,1.0808339085105314
21620,0.6305599932618461,0.39736947395532396,-0.33731427932080665
21625,0.3680056609539375,0.5075423151422145,0.19291944240020373
21630,-0.02880233154402137,0.003210732505307984,0.15183575347674075
21635,0.38536826825819437,0.040554745172624834,-0.6895157843918728
21640,0.21019228668908885,0.8239171449785261,0.12131191374868994
21645,-0.9036255771974742,-0.4562113597963229,0.8847191379736842
21650,0.2102267582038369,-0.5290033125258751,1.2261256332489316
21655,0.6173382975727373,-0.3437528335112646,-0.3282516916391027
21660,0.6147536104067464,1.196662192335061,0.44333293276912333
21665,-0.17821544006962653,-0.05046761657206236,-0.20452334180945864
21670,-0.3814140836664525,-0.49927179917433784,-0.43553687912673594
21675,0.03788612843306388,-0.3664358373588793,-0.35514412133411044
21680,0.43375852979223023,0.5721071627448787,-0.6124680957173236
21685,0.10761457485273639,-0.14884034014641176,-0.13896104074871637
21690,0.8513105729158307,0.6762581538119598,1.1944332256780497
21695,0.6401727048564678,-0.35815649294443996,0.8235528695413505
21700,1.2838083039185135,0.2442535000308876,0.4685336807257133
21705,1.02220662585768,-0.2895279701149088,0.7862415598967
21710,-0.30397026461083404,-0.8875703654316747,0.34810986475320527
21715,-0.6062628932716007,0.15447979545265372,0.19917018731715808
21720,0.16944456811999345,0.22682555150542333,0.4688666688507775
21725,0.1772331155732954,-0.20252465204775516,1.2148897033442232
21730,-0.7508956031697213,-0.11390284105073356,0.38269975303090376
21735,2.5092697894509275,1.2207311449017126,2.3463397701821864
21740,2.161859654271054,1.7538358313571814,1.8093333093946191
21745,1.6624042367706724,1.5474095327678121,1.5790465775621
21750,3.098596539429284,1.6729240397746081,2.642605501434795
21755,1.5896654754207609,2.455919698887807,2.094968410488515
21760,1.6818774740926674,2.342248400095811,1.9705157845361667
21765,1.5327501337482774,1.7779914057077755,2.266306736937527
21770,1.9635301462026775,2.0719491589553063,2.5578379819148913
21775,2.2437911417866068,2.2747732850627993,2.17233218203767
21780,2.100654571874774,3.473983943210916,1.2512005787314053
21785,1.749949729182496,2.667464085122317,2.11457869521351
21790,1.3102494100747633,2.6699672355937096,1.8648501999602565
21795,2.307811936179236,1.584480404767235,2.060377727279854
21800,2.05609097305469,1.838744917569403,3.4589838038939202
21805,3.168458730088627,1.7914248159635024,2.3354547146600604
21810,3.107367385828706,2.282713222481028,1.357636190205465
21815,1.6001245522777732,2.284827915057151,0.9803551834349895
21820,2.0068720235397075,2.0497665408833923,2.4260208261237857
21825,2.2752428055468092,1.7207326223983908,2.405349064000082
21830,2.430794682339903,1.8143309429274277,2.251782586584456
21835,1.0670053353525013,2.1505861128782717,2.014570735734308
21840,1.1826855650250634,1.665700103503068,2.2795995519894205
21845,1.209460955881526,2.8975357270702387,2.708626201445158
21850,2.0384603233454386,2.31805684238708,1.7491598635459247
21855,1.2344124704153245,0.8673339696421055,2.7030595562653255
21860,2.9562399696740327,1.293127907793748,1.7672958007527937
21865,0.687848690477671,1.7206796089145187,1.8921522545531992
21870,1.4068108895006781,2.9554070765425946,2.6555807041682367
21875,2.033066293487853,1.3639595309106949,2.970437764228031
21880,1.3563648434409488,1.629625853068229,2.6331308231278516
21885,2.9633571429776233,1.623704553151982,2.121699606176689
21890,3.0615236104868266,1.15079162914299,2.345146462780872
21895,1.3344935965728166,1.9326981114109487,2.0115220841048367
21900,2.260778279424955,2.4468922762703955,2.207226683793632
21905,1.9668011866125277,1.0137404454691046,2.4908664247067125
21910,2.1796332258118905,2.5062000950169168,2.0691651767724357
21915,2.190164028984308,1.61843903753042,0.5179855823243746
21920,-0.0905736494532068,-0.5023749365459391,-0.5257327767902072
21925,0.38838345817862746,-0.32573781628024545,-0.7607043316291192
21930,-0.12473049132551134,0.5255852091031216,-1.1467184234292827
21935,0.2926886018051675,0.16686208551166792,-0.28539309834003035
21940,0.41463756677660585,-0.46620157547203983,-0.5479188546654183
21945,-0.44289788004977976,-0.03617350606971708,-0.4023772781399086
21950,-0.5413571271362771,-0.828614138088734,-1.054773434620593
21955,-0.29010734322933945,0.16344629566860533,0.720871765201101
21960,0.27494338548204605,-0.18847100645289805,0.3969637099525933
21965,-0.02701107861519116,0.8154354615570802,-0.22444404720982736
21970,0.42014307111272875,-1.044106214467646,0.08624204856249917
21975,-0.019897945500841622,-0.2835355837378764,-0.11791302181717453
21980,0.2707741601155021,0.1716357467141266,0.18160840889192856
21985,-0.3464701341117957,-0.17840281387609333,-0.08154986277004796
21990,0.5255118852731889,0.44268550092229286,-1.2935963405711821
21995,0.7781958034046426,0.13083290285411805,0.7368522048251098
22000,-0.03894574642609416,0.09373690593123507,0.2416146932603323
22005,-0.6307116812480568,-0.45890508922956585,0.011558377585904916
22010,0.14143742860394748,0.6808237220044105,0.8676283597732426
22015,0.3806413540619118,-0.024431503659943635,0.36506378909928583
22020,-0.25573942549262974,0.020036115255551257,-0.4012580211062727
22025,-0.32636703334920547,-0.4712385115506244,0.6350704782859239
22030,-1.052072048647408,0.49959800058069476,-0.48561913579531774
22035,0.4535833827109286,0.6931869076727104,-0.6336435095677767
22040,-0.34507855177031393,-0.03847646128496967,0.2044104021360677
22045,-0.06278402254337782,-0.16838259995058869,-0.4218960025339766
22050,-0.01461710951866861,-0.33678202664702794,0.2943204855766709
22055,0.6921694798724599,-0.13713668577799187,-0.1615004643260773
22060,-1.1549585116675964,0.4687918718862961,-0.6009983379625587
22065,0.5825910095864145,0.1612486213564333,-0.13065856449329105
22070,-0.2532495315677461,0.2615769601856912,-0.524892910706604
22075,0.15599678923135166,-0.08285431556723477,-0.17930030013981907
22080,1.555958847824483,-0.029410389145126982,0.8299782998979975
22085,-0.33436736585952176,0.9432419547808357,0.7969070371744095
22090,-0.1129672875933875,-0.10642398395284458,-0.15384883454069795
22095,0.8924242701220634,0.115320921504922,-0.2896107623781556
22100,0.2797038718612652,-0.21276190293114028,0.1932722816927339
22105,0.44443004246723206,-0.3089384655459359,-1.007806056271934
22110,0.7813795772940078,-0.24569750338035953,0.7384268426716087
22115,0.6328866895338703,0.44982904409755964,-0.19167101540976328
22120,-0.5417762422423527,-0.6111493814258,0.2666166173695213
22125,-0.27449200658057155,-0.15881148897867256,1.360265423342481
22130,0.17061974224024615,-0.7802413469108269,0.4268122105500723
22135,-1.1773864117032338,0.2958270373449234,-0.0571930933290278
22140,-0.6079284869256695,-0.4591913930563773,-0.14799809875821926
22145,-0.21472812840516894,-0.4645984870887601,-0.044408216199361986
22150,0.2043286199356997,0.7251234805926319,0.6075526098433104
22155,-0.006999483608134234,0.07537585229388914,-0.43459550125661117
22160,-0.08763483859956211,-0.9804200257938841,0.2595334015885592
22165,1.425279595236878,-0.9754800133812412,-0.005627641097398767
22170,-0.17149353478542037,-0.1929739693740417,0.2188496653725689
22175,-0.037521988178611076,-0.36530740643424253,0.2728312488405465
22180,-0.1266087767144277,-0.2776414566560277,-0.6327877690709224
22185,-0.6575807748999575,-0.27908476017115785,-0.6143617440238667
22190,-0.4082685417047945,0.8385257980578092,0.488887237261425
22195,0.40426294605896373,-0.3826316198970293,0.5260120953877723
22200,0.48129120521871255,0.13329644824232317,-0.2949730954620525
22205,0.20631901336523528,-0.2325937946321179,-0.5528157411926772
22210,-0.21515272643372374,0.04145488586485802,-0.14343321581406632
22215,0.25563600455498253,-0.2575016647686065,0.035270880630148986
22220,0.6665099083031092,0.5289860201075633,-0.4696696298653354
22225,-0.28118224469951825,0.9441024548700457,-0.19726678608350678
22230,-0.1792318756764152,1.0443825031914904,0.017028967784731758
22235,0.09139768189821806,0.4888081507419844,0.8100907797008349
22240,0.2524083169530842,0.6969441933031787,-0.27061109360561775
22245,0.2137471768900817,-0.20675985396872565,0.5705170808240904
22250,-1.0325118879786617,-0.20473852826486266,-0.40652790226983876
22255,-0.5307184722691081,0.23801852546467928,0.09744195877621542
22260,0.42648484938785397,0.424952338852093,0.05657566400143256
22265,-0.4851043831912984,0.017724164685882074,0.22141851863040657
22270,-0.11495935556925477,0.20183522062477793,-0.7643331632897024
22275,-0.27339739684824704,0.2632635283987087,0.23245408657135325
22280,-0.32314492761368224,-0.3777576074556097,-0.8208244393298113
22285,0.24089703544576196,0.45293628658750806,1.4641795007657965
22290,0.11153792483781896,0.6317704389573693,0.5341623547954628
22295,0.0754060653079773,0.7447794385702045,0.06393094602055333
22300,-0.37136510260709293,0.557898187448115,-0.24420697569868688
22305,0.44844003522634507,1.2254073870579074,0.3018022545964402
22310,0.5887742100543885,0.237557773688241,0.17480675749542401
22315,1.4284592102301654,0.10519695735475443,-0.3392702293673413
22320,1.3683729782344445,0.8839617488895163,-0.3463282679300256
22325,1.3066402693247643,1.1979578175364511,1.3536658191608164
22330,0.09473704933986105,0.2671436417586248,0.544387124822808
22335,1.6891952533626937,1.9388437612646188,0.29414888185631605
22340,1.2068918703705147,1.1090553284159392,1.3918759035108272
22345,1.3770367044255005,0.030920464447623086,1.5062728742319933
22350,0.807725228746452,1.4172133058782712,2.120198202953775
22355,0.3174502271948699,1.44751698247673,1.692148403322999
22360,1.7881993038775676,1.354706521112428,1.0245474475789074
22365,1.7611755684715444,1.5992460800281794,3.136271682720306
22370,1.492672425988303,0.9753540686551617,1.7354677972013346
22375,2.225631811031329,1.8761739041208847,1.3178535083313245
22380,1.9256668763066185,1.818565982907347,1.1009379765079363
22385,2.0506257506076113,2.5443645753222586,1.834613770588917
22390,0.25614038740911393,1.811835467162287,1.1420130405035527
22395,0.4909411640439595,1.4272478507848814,1.6967074442154093
22400,0.6035590435952881,0.9857395310183896,0.401297995952131
22405,0.6047937326281267,1.6672088397384341,0.7809467863495324
22410,1.7939344742016212,0.6182890121221427,1.0371490176383038
22415,1.8006587707317978,0.743696764822884,0.35264149853426274
22420,0.6440966342212409,0.09942243827989794,0.9709572688295759
22425,0.258620035798165,0.27519851275274787,0.3682257286251243
22430,0.39454400390147587,0.6934648539721857,-0.5695275950721491
22435,-0.4259360934312273,-0.07597674321742132,0.9304139411227001
22440,0.2805959793572039,0.47060718677469726,-0.8184067584925239
22445,0.08978507747636685,-0.42093515144471416,0.1890484886313182
22450,1.1149554096951984,0.4901038510065321,0.5608980032602766
22455,0.5513948673653477,0.01717012791787531,-0.008304967286255377
22460,0.1825170738389593,-0.14158237321926595,0.10141960458229787
22465,0.820473162878498,-0.07672968517487708,-0.5843466220810074
22470,0.14181399920243695,0.1045327690890702,0.9467780632976095
22475,0.7704739102486968,0.43458999019386557,0.10372675573993205
22480,-0.18713809838991594,-0.20893940265056432,0.8754139102431887
22485,0.7537146014525037,1.2359933836153723,0.12193924071446263
22490,0.6147220654136984,0.3949116821009243,0.44613202997192636
22495,0.11598667783241028,-0.1812972489096774,0.6353921790945092
22500,-0.32812317110620803,-0.10836928730178644,0.41969451454606627
22505,0.6501146376617943,0.5209342429376029,-0.17260788705422875
22510,0.11931911100818812,0.8089680825653851,0.39729720858244305
22515,0.927186238937854,0.2240071709916254,0.48246485488035734
22520,-0.14947497779095179,0.06921440605119955,0.23285497185341086
22525,0.3275854977606948,0.08537070222782178,-0.3040748010341019
22530,1.1687561388667784,-0.33349247452922026,0.34105155993106595
22535,0.23291278332896537,0.19446649015249032,0.0837943849092598
22540,-0.291855792101956,0.0969532651222319,-0.12340494417052345
22545,-0.34631792915255444,0.507514539402927,1.2204325394507993
22550,0.22686358202724058,0.1658591184041781,-0.7234296823304188
22555,-1.0466213034850236,0.6304104173885617,0.30975073855384444
22560,0.7707338805254413,0.11070568920577536,-0.3441627669333767
22565,-0.052903314072309277,0.16493004743242928,0.5349504905696518
22570,0.28517294921367087,0.47204209715297973,-0.17497572818282417
22575,-0.2123625767537059,-0.29265475675720953,0.8277434066470042
22580,0.27505720422303137,1.0390510674169646,-0.32436636701702737
22585,0.23509175350587602,0.02140405813049223,-0.1574506979153979
22590,0.9894411241190404,-0.05255744842775245,0.5311284422873114
22595,-0.7359676012309263,0.10356422474709076,0.9521816369446758
22600,0.707690708905604,0.3518948263442574,0.5419331725206236
22605,0.1709424313971834,-0.4373617172559683,0.07563504311476837
22610,0.3449817879292234,-0.5700307154064378,0.09822680388801767
22615,1.4311039776437169,-0.48452267876067456,0.2808243435272329
22620,0.038727428912557954,-0.5555369189129704,-0.4862656862769594
22625,-0.1590754590122736,0.22639422735587178,0.055547540469210954
22630,-0.2774004245071457,-0.04408134503700775,0.09343015629499293
22635,0.4764539428804563,0.6659079429612688,1.3604939108393177
22640,0.440275670058913,-0.11045530013381963,0.7536345493764166
22645,0.4592798636684999,-0.34766038718890474,1.658725649801404
22650,-0.5900831714138679,-0.11537909085488829,-0.3171889814954453
22655,-0.04632465989465401,1.0344771518584919,-0.8019784154237295
22660,0.5261664116643396,0.8962309313449016,-0.469113869080738
22665,0.4594118793599551,0.8814163454029549,0.2825425919070854
22670,0.38752139407018815,0.7908218328906618,0.2950661267231645
22675,-0.12834726182217407,0.37571190573546454,-0.3576880195902192
22680,0.39666049000617587,0.8780226342155873,0.2027036433929238
22685,1.3225514259804878,0.4074958363420396,0.3904996591455683
22690,0.6349803963322974,-0.11455076353518995,0.08666402134031329
22695,-0.06660637628350763,0.536606531196107,0.08670592086715817
22700,0.1444238475388226,-0.45183969431520854,1.1704836847923386
22705,-0.04979057205806059,1.9309420144486047,0.880544693162133
22710,0.6497244153126107,-0.010253333324155206,0.2724849947866799
22715,0.08951211562021909,0.41112285378961144,0.601653131282337
22720,-0.19644889722835257,-0.5174324487629713,0.6732212943300493
22725,0.13102287410666275,0.18537111501501227,0.05698976143593362
22730,0.18137010169566914,0.5725578070881024,0.07275248427268868
22735,0.056768522508511415,1.1720035158805984,0.4831091852330697
22740,0.5302471535347403,0.4117380970751235,-0.6821215176256438
22745,0.3119116332192131,0.04662402545181568,0.11316359080651475
22750,-0.30186665454517037,0.4726865183867007,0.40518938651473835
22755,0.6167906161657731,-0.415245068979897,-0.5352653231625145
22760,0.4110227491772829,1.028266871294763,0.3168129760775592
22765,0.08229838391972075,0.4465321590341568,-0.19058594062211193
22770,0.46192976066071134,-0.19616675435882946,-1.0292480692767358
22775,0.5657464422931339,0.17780114251694087,0.1739353775514971
22780,0.29946045388420156,0.1920048539750159,-0.6964089258917688
22785,-0.27022188566179783,-0.2894036717217118,1.282752410625163
22790,0.15991280112223724,1.1099911610792692,-0.24991563584272183
22795,-0.32373871597164905,-0.09705602657859846,-0.9032335624366449
22800,-1.1474348190499826,-0.6610282938332075,0.5234602048216318
22805,0.0461031950765958,-0.9106582883729752,0.2716815828801625
22810,0.1239966595824631,0.22457011771778826,1.0315016551473695
22815,0.3224757549484447,0.29418398707312615,-0.1617835427348874
22820,0.18488602888474875,0.32496879030626724,0.5107822772470685
22825,0.671852245578584,-0.9523016942742243,1.126503162684324
22830,0.7585774314204283,-0.036694389642131287,0.1080483307815009
22835,0.508909221676412,0.658774726840478,1.2919026859590395
22840,-0.21764597264458957,0.45104666417839806,0.6531184261281991
22845,-0.18693386474000598,0.30100491510453237,1.4539897826167587
22850,0.471262054897297,0.021540124418029383,0.34001725841981967
22855,-0.767156468577693,0.46620167576134963,0.14586960491791945
22860,-0.037831416494530895,0.5505984231138658,1.1040674256873162
22865,-0.08614069855710255,-0.3086022152973782,-0.17811721103829148
22870,0.5468410814786643,0.18097384925543097,0.8455357915119663
22875,0.3980810610236622,0.4803660073138434,0.45881618048760386
22880,0.5141438025311308,-0.5825122162460361,0.056438273674953826
22885,0.15628450530246696,-0.30604411435674506,0.2580219123563761
22890,0.42627155632060343,0.04744787467047187,0.03671886454416565
22895,1.5127026433427762,-0.540439837085809,-0.33373419044507807
22900,0.7965352187102985,-0.02363069507090612,0.4545030978185307
22905,0.35894327173118573,0.36160953358267117,0.7387309916049443
22910,0.10687563513185414,1.268559149434317,0.5259390648515311
22915,-0.4744539450117936,0.42684989716770266,-0.11053100731768303
22920,2.5944136997261493,2.145621309890956,1.3925709367721888
22925,1.2844992027980031,2.872462326980188,1.2946436786045261
22930,1.6375810823931014,2.2634182305728525,1.3930907103775658
22935,2.117972964924206,2.1523659614516593,2.073364848893269
22940,1.7079918750720493,1.9307414159524392,1.2550850497424124
22945,1.6743858496206703,1.727940916200454,2.413957308049018
22950,1.4991645085488878,1.9599182993280684,2.9486555803146373
22955,1.4853252207910579,2.429111065608363,2.382405921332606
22960,1.7801198226082124,2.257930822979928,1.598009689211562
22965,2.593118651668482,1.6896277500167725,1.3305094676318991
22970,1.515993758626134,2.0819966344831977,1.7337378507012093
22975,1.7214519146155163,2.2217058666413805,1.364676242706014
22980,2.0417590274810644,2.606026854966183,1.920167606941868
22985,2.20620650940774,1.4835355849006944,1.2378984763572414
22990,2.2636105167050165,2.4677942650505442,2.008996524187649
22995,1.811950938028745,2.5502123793311333,2.168520757260737
23000,2.0993516036468334,1.9108224025988454,2.051512416954784
23005,1.4392406131020814,1.7832415413750482,2.0075208905073874
23010,2.9092543563995346,1.7519007864006861,2.5245938043919844
23015,1.6467558692907986,2.1728518642176313,2.815825688539592
23020,1.725455963468165,1.7330617783095994,2.2704950336092233
23025,2.6239674113717313,2.0083416908355267,1.6719904520129052
23030,2.2573670216356545,1.8386526126385265,1.5893731357904368
23035,1.078881355202801,1.8512858542303212,2.6725147093217094
23040,1.3057773641719626,1.6381373391446123,2.2293217802962744
23045,1.035111048915704,2.2471837777080577,2.2995237874261347
23050,2.012140177533099,0.9134181880973494,1.745220330327763
23055,2.3442929339953693,1.228078711356286,1.3147347796378102
23060,2.711060010834858,1.8194080713282346,1.7446240532165496
23065,1.9230422023490903,3.0998083519578588,2.2741168738791133
23070,1.780764793549651,1.0813237269623461,2.714515625272099
23075,1.872174229344644,1.0591608474493848,2.3514688212966766
23080,2.662843328487982,1.9186795611044496,2.0488887911595297
23085,2.219895396806737,1.024232304963523,1.5253006449335618
23090,2.3832200122277003,2.8614242698611267,2.1501864830129285
23095,1.5180998490154507,1.2227212152424236,2.859512711659919
23100,0.7962843926731198,1.1708560633818248,0.6798867879635664
23105,2.9064055628065746,0.6779560962331099,3.317781747118607
23110,2.0702093053466006,2.041597668289835,2.796731866106626
23115,1.9345985508401373,1.363341751518114,2.2904054681628683
23120,2.2310588355288257,2.288950243526804,1.2987351991181506
23125,2.1867872614294823,1.6717077022570346,2.6719613537188938
23130,2.417487984798726,2.2887783367882553,1.3669794124875345
23135,2.3814554697853527,2.255772327267418,1.9128122672591756
23140,1.6242185359386605,1.5805872527741012,2.039791548554207
23145,1.8540982983675631,1.7968777391014545,2.574796439161639
23150,1.2338192060168842,1.8747303329222973,2.3954425090653833
23155,2.140685198829429,1.1757736458917756,2.3279222084209623
23160,1.0417171943156025,1.749940638150109,1.5108438731431777
23165,1.7451135427351214,2.3069584796620513,2.2679464491750396
23170,3.078376840838961,2.475447954478027,2.566579216694479
23175,1.1216573168163066,1.612291502038058,2.1638016889436122
23180,1.0558278318798333,2.3252924716954197,1.8934007355359757
23185,2.97420486677741,1.9996556745657386,2.382286154806438
23190,1.8891916088360878,2.3939689390497634,2.369840483400586
23195,1.4118927304046713,2.7593781207423578,2.0010465156335644
23200,2.17311585662081,2.2567947128556884,2.8805221613897283
23205,2.076350181418848,1.5888258667193536,2.217919776202399
23210,1.3166103393020223,2.195867512723876,0.9927566156325767
23215,2.459559687128499,1.431119820513106,1.2067735620995894
23220,1.3717955044828594,2.705430458001329,2.223654625384487
23225,2.3957691910104124,1.5407271205110742,1.4100137835927264
23230,1.9559794855185793,2.2318878090439265,2.015348423760213
23235,1.6550298080763564,1.234454875146054,2.1183992038549193
23240,2.1885448265223686,1.5271903419983661,2.416404971979813
23245,2.3113357325934256,1.6543916599913806,2.834725724891573
23250,2.3590186977257748,2.21136539444848,1.8163964646448196
23255,1.029977601850814,2.1539319075272925,1.6408511316188077
23260,1.899897631665865,1.9529798150895927,2.2971716407409155
23265,2.2898727366688614,1.5993197632313056,1.7101222450884224
23270,1.9729747963098234,0.6831228450590013,1.518930408414096
23275,1.8330895237416593,1.4215111506281728,1.6783236838368896
23280,2.581717362444263,0.8473960797924063,1.3084780889076708
23285,2.0145001426159466,1.6923173361993784,1.785797596923956
23290,1.103707125509233,0.5289832806587789,1.4820177560376193
23295,1.4067058398318864,2.4959005616456404,2.638305926970452
23300,1.837099267613408,1.3892658325317637,1.8082638627459264
23305,2.7482435778618504,1.7986495041341453,0.5956101713043618
23310,3.0397936542483235,2.737848689341623,2.1049582870508186
23315,1.57172576342729,2.671079326017158,2.725511005534411
23320,2.3091918519236616,0.8878256504708788,2.417705264870712
23325,2.676360485712128,3.166930507907937,1.7427004468036387
23330,2.213852256231991,1.9961566744297836,2.137613786277477
23335,3.092129978267379,2.0896120922098627,0.2918418552899329
23340,2.123009713290843,2.7035750480684326,1.2005424479625186
23345,1.525198496881973,2.2248126005371,1.9415698318807297
23350,1.138086870036815,2.216601170741826,2.087053921427195
23355,2.6324309864517415,2.551389431984194,2.1961923928977733
23360,0.7945845804228553,2.5430595920249104,2.553415654978286
23365,1.7078895543149708,2.4208033179134985,1.637331551710486
23370,1.764286989707498,0.8996393637397482,1.943257930909108
23375,1.9499032606230133,1.3980211516110677,1.600132854195238
23380,1.0634475977659814,2.127727051036611,2.0517741878301976
23385,1.5833898049110169,2.005184480727222,1.742525360151804
23390,0.5713408377141096,2.170076477033276,2.5809437537073068
23395,1.058504599355414,2.6668468194693276,1.9567858690119404
23400,1.6352353360399536,2.642819671398481,1.4529200304676153
23405,1.9268182404654215,1.477722686174744,2.081866216698201
23410,1.6149452903054995,2.047265109944618,2.3505448256914905
23415,1.9754786842482772,2.1504351950146274,2.3805251181540124
23420,2.408993298091698,2.166584656690639,1.9150338574575043
23425,2.609220507359339,2.445836804031922,1.859574237235526
23430,2.1577473859886065,2.440123513567647,1.7991145750352628
23435,1.511790913187721,2.6663283950570853,1.7246374762439767
23440,2.575037218296252,2.6113222060232006,2.741996000644811
23445,1.6603738811443896,3.3024122508828286,2.005645281732651
23450,1.8821752931618754,1.9623106614661847,1.4592216679590908
23455,2.802574656945208,1.8028208800235546,1.3862472673946593
23460,2.1057616893959867,1.9486006809325689,3.086046445618744
23465,2.891131677402517,1.8601021026324998,1.5576583758275746
23470,1.8871021006220197,2.495173866034768,1.761179403601087
23475,1.3805290884121466,1.9008780099352163,1.9742108022117186
23480,1.7666526450386262,1.37746359147428,1.2800087341579003
23485,1.8742129568320207,0.8953391001469746,1.5888117325670197
23490,1.4312623682987335,1.6864506403359207,1.1710665545422214
23495,2.20581462669398,1.1568197304014358,1.8150730732198594
23500,2.215485636452668,2.0495855779876644,1.5155954685512163
23505,1.856072243564306,1.5487913586172355,1.5976442431782827
23510,2.394921376595408,1.8602737303585675,0.8830266471105233
23515,1.2957598341037906,2.7668487272413342,1.733160402003863
23520,2.1150214750266856,0.783270320738328,2.0086663900528814
23525,1.6746144583560243,2.527524354531248,1.53915345945267
23530,2.1449600974568197,2.626930427456762,1.2724662883630327
23535,2.6832489780608193,1.231119640888629,1.9469403816057365
23540,3.0697777379750533,3.1214983540110515,1.552765951655044
23545,2.3847235475792297,1.231502426249824,2.0891279264046236
23550,0.5900916194080345,0.015714802208752113,-0.6248677899541557
23555,-0.9619937214712541,-0.5017983149131221,0.5414145075773109
23560,-0.4551526210548793,0.17539893985355448,0.15937474819794165
23565,-0.21428666224524,0.17203220868099303,0.6284918214793254
23570,-0.5835105722493102,0.22639785637038098,-0.11008794133156742
23575,0.5789512894492507,-0.12211874064129313,-0.2903529708304684
23580,-0.27331926594728195,0.038227433216483295,0.6529116891410875
23585,-0.3196437155203706,0.08581199831735216,-0.5010942990844132
23590,-0.6526891267331397,-0.7778796496412957,-0.6748540375103427
23595,-0.35759214498235586,0.060576969065199146,0.29730529725726806
23600,0.5384878625668111,-0.445454554136758,-0.3889890068740497
23605,-0.3909161207357327,-1.2110929872811433,-0.15482599488507942
23610,0.9707648707299401,-0.296507131952347,-0.7499423489442795
23615,-0.1671596890199429,0.22203225983028987,-0.029669045598894498
23620,0.26585513118100035,0.461085714829628,-0.2053471895381539
23625,0.30441264885102326,0.24632190831203643,0.47212887512251694
23630,-0.41938042986535046,0.21489557605659262,0.19334110612893013
23635,-0.44080247023135494,1.0313693721503414,-0.18229390559948597
23640,-1.132920685625061,0.3250547115379349,1.2707942666709404
23645,-0.5198067091329748,-1.1418247230430978,0.11288773435429782
23650,-0.22315575184855746,-0.18374612395666537,-0.026723963326751615
23655,-0.9072573990588548,-0.49838163151556364,0.23379444520873485
23660,-0.26715381185907877,1.1515471467169214,-0.18516837325867488
23665,0.1461555655330588,-0.6234823761236294,-0.5115689759955495
23670,-0.26584923059340126,0.33298639154496773,0.6570334578252628
23675,-0.3872230608330142,-0.4133394486608794,-0.47154623441462495
23680,0.5237981633201542,-0.06186039490497538,0.6776790478501667
23685,-0.6289294436763684,0.27085367352723844,-0.024367652781510794
23690,0.12095670558237892,0.3821159594289684,-1.0252441628402567
23695,-0.5621580855602434,-0.6254579949911426,0.44749678180444613
23700,0.11555274427033885,-0.3221452439433814,-0.12100689889564302
23705,0.25100909481450623,0.7397710335765239,-0.6573415891993025
23710,-0.925195667496771,-0.06734980027247955,-0.004706117263589321
23715,-0.4961046925181498,-0.2657369493698029,-0.4394344261916636
23720,0.45226348537463085,-0.6212701927402035,-0.5696435183389269
23725,-0.5768314089969279,-0.5140293823914447,0.7592496964948142
23730,0.17953019473077744,0.337362252679651,-0.17856795271958895
23735,0.38633312136338616,0.3802654255426265,-0.20804111214447238
23740,0.20639000836226928,-0.26012703980260893,-0.34612573473393915
23745,0.9048234298113677,-0.32810093398959655,-0.24552041944251404
23750,0.20812830088751916,-0.0006939330711847371,-0.11103735811848006
23755,-0.7242289868397659,0.09792711954550005,-0.4603809607680639
23760,0.4479196166716594,-0.5877612410313694,-0.8250605045919526
23765,-0.3456440455601936,-0.6800983386941959,-0.3605678264955363
23770,-0.7543342099943448,-1.0478234058509626,0.31989397006107395
23775,-0.9718931537358914,-0.10736374754790542,0.09296379863194791
23780,-0.2810804106653027,-0.6991978438982149,-0.12882396323812964
23785,0.053881211913405294,-0.45187043619459794,0.3584265737294725
23790,0.1569549383205377,0.4867322478419321,-0.009718739523834325
23795,0.10317894308293696,-0.09803145042101577,0.3702612375414675
23800,-0.9334542603224034,-0.43014950947572267,-0.669810379720003
23805,0.4569889521446833,0.45501549432100824,0.18942442127558676
23810,0.27428650472497024,0.11330569378302302,0.2951189414352613
23815,0.004684973735151325,-0.08170503389214694,0.15394796638274805
23820,0.17561622056437592,-0.08809751196075181,-0.9593870382233863
23825,-0.43456373109574353,-0.2905120757991976,0.03142333997168058
23830,0.8690354522333682,0.3538698294825847,-0.2178930428139541
23835,-0.5081369196126327,0.12934440814215406,-0.2389851638290421
23840,-0.0768352466494588,0.19902847244953356,0.647477136692847
23845,0.24000070472319457,0.9658543901124043,-0.9285106328516616
23850,-0.2676905299155079,0.29302168609861123,0.340587193243674
23855,0.6001184144247329,-0.11968596247686171,0.062055688938015156
23860,-0.17660244626144228,0.35539557454917875,0.1361510890823891
23865,-0.17089137258327664,0.07920704666049941,-0.5450343105140548
23870,-0.14627187395844,-0.5771110130237715,0.5188847245058079
23875,0.524415789776699,-0.8265789119821986,0.4383224888354069
23880,-0.2981376176248883,-0.33338215247191477,0.49097028641185
23885,-0.1453383630994967,-0.45859994728390324,-0.06249536065549241
23890,-0.3382514585078268,-0.11549282440544216,0.2200949163800231
23895,0.13748189891795407,0.5108980500294715,0.5681298749340661
23900,-0.6628231843955613,0.25564739401644415,0.0038079662585639054
23905,-0.4697141124370899,-0.5241484736768068,-1.2759363992151602
23910,-0.7482557538069805,0.03946193191919165,-0.9112513100049271
23915,0.24713726242574852,-0.2804418983005111,-0.7559171095117588
23920,0.013641105447885334,0.38228460774650186,-0.21108811815615225
23925,-0.14243143835630487,0.048898175335668446,0.2481508067797235
23930,-0.4055186035984449,-0.6398021072822412,-0.2812447235589241
23935,-0.5509858429035593,0.23235808266947935,-0.0949641495638043
23940,1.0233982515365703,0.3217177449525163,-0.19314419500986352
23945,0.33598403873606664,-0.8138936471849058,0.10764696795797835
23950,1.0972505916613136,0.4584029454501422,-0.7985437880335586
23955,-0.6379369420444735,-0.3474600694493525,-0.14785642657725162
23960,1.1481112757303369,0.08936097927359593,-0.44413176514212377
23965,1.3679219473221447,-0.5131871868643535,0.29390297551219274
23970,0.7109756113503879,0.19107632165516858,0.6292135616866158
23975,1.3704884024644692,0.9550262546216115,0.2737841290951367
23980,1.3641946390686939,0.7882371522509797,1.2544990989785785
23985,2.241317542321319,1.9955140290698057,1.9811538028456717
23990,0.9954446127780864,0.7365497107512139,1.7658107947906774
23995,3.011607590666788,1.9206134864246212,1.967721854978329
24000,1.2230592897612094,2.6558526051946054,2.20562461207336
24005,2.6655648920141264,3.065021764300702,2.2844040156042333
24010,2.9888280540815417,1.2983664629094303,1.987855368582095
24015,2.5514058719241004,2.6649043689692684,1.234159980473108
24020,0.4827919822858663,1.1720188237226346,0.5981766677216973
24025,0.9595978135373783,1.2158559926420092,1.5227214938501603
24030,0.08822647503257153,1.632624078561442,0.9300821125339647
24035,1.022283852318533,0.5361547995985672,0.7459968080824428
24040,0.22317939707205625,-0.1139817582555187,1.4392776001243144
24045,0.7142989933064241,0.23484647827851596,0.4036450005624033
24050,-0.13737876679848904,-0.5396391202374513,0.6772460860173714
24055,0.7206128015012356,1.5263368194095004,0.06447134474187627
24060,-0.09406333223142388,-0.03872899607262961,-0.29857365447514805
24065,0.8556811536051483,0.533429020412287,0.29231215407161504
24070,-0.556082236752006,-0.6131371940613692,-0.8769432607553432
24075,0.5001222598520055,-0.1461829515827731,0.08825906973958755
24080,0.26007509037043963,0.22020265016058363,0.21301957543101258
24085,-0.27507312011508916,-0.2701777951997618,0.40576977077413157
24090,1.3320068392437139,0.1035369924852329,-0.3296044726657523
24095,0.4576617355839092,-0.2345003560385232,0.9245685077234107
24100,0.5617817273634396,0.18379538822460034,-0.17203380454085931
24105,0.831455823286396,0.21328983559582504,-0.3703865923609901
24110,-0.3992956390105811,-0.44081063545657434,1.757559142550366
24115,-0.1256995976267526,0.860304830421239,0.5752712502983719
24120,0.061696102892321594,0.696188295868676,0.27587997496803174
24125,-0.369142942533638,0.5853377133116533,0.4524009400850895
24130,0.052025686247530234,-0.04925887401108053,0.5935950105509826
24135,0.9595639869289427,-0.02982167522902618,0.3291740822626338
24140,-0.1715246669127397,0.190220574184129,1.0074509354896701
24145,0.41579004724074586,-0.030000582098192452,0.9600911259228078
24150,0.5715639701353039,-0.18716884334984757,-0.2940046889699247
24155,0.13451374856780773,-0.665702876649393,-0.40217384750651486
24160,0.21011652406169726,-0.5179435328796291,-0.49121032947431764
24165,-0.587708962473112,0.20644050613353251,0.514810901691132
24170,0.08663844696983652,0.11190093513737023,-0.11202614378660661
24175,0.2546451310490738,0.026063060414571793,-0.2758828983600974
24180,0.33300914572897,1.0130803924495506,1.280615187627773
24185,-0.3753058504071577,-0.2650610469060346,0.24267004721086644
24190,0.2592992300872358,-0.4386552227589786,0.7565286315069794
24195,0.3601358007089195,-0.1733449218556593,-0.04686272514452708
24200,0.7101206311094103,-0.7825463571922545,-0.05760089697300633
24205,0.09199034423829285,0.3964659925617925,-0.21938242701976565
24210,0.6549053718403305,0.02379490944475854,-0.18748496898706035
24215,-0.8365346255866841,0.9963652900404226,0.6506197986475596
24220,0.9152250884731148,0.5892853004428324,-0.5256150588627976
24225,0.5995795282778462,0.5748228842497313,0.01609205564432259
24230,0.34566656701262355,0.3308120135769427,-0.067091422084438
24235,-0.1579806960255881,1.1257868691440043,0.21386422349141715
24240,0.7411356193338321,0.8005380454614917,0.2143668479069446
24245,0.44939053431767406,-0.43044660058150097,-0.0063433069722486635
24250,0.020727985184108066,-0.11491510746655051,1.1340577637807632
24255,0.03310189358260185,0.6140818701659294,-0.5351434065311115
24260,-0.16061831581889668,-0.7566491377374451,0.38194713548982673
24265,-0.5210562602729931,1.2118688424183754,0.3028582767918363
24270,-0.3452127594198863,1.5886379882898922,0.7534252466607363
24275,0.22498866247230184,-0.15109811054640215,-0.5546274312004027
24280,0.17551008424382183,-0.25069938995990393,0.30974774869843125
24285,0.14190963728818817,0.5459168553610649,-0.26716405677248667
24290,-0.4946364701708167,0.43444006886959174,1.5194752467506987
24295,0.7256191988968739,0.04680826143932629,0.6287158168060814
24300,0.10008488590437324,0.405474566902033,0.5748392068135586
24305,0.8816539851749072,-0.4294865743887486,-0.22679194540336892
24310,0.25396610555051446,-0.1766227688706605,0.6317573102888561
24315,0.15305732252956927,0.23917504937979814,0.784387677004152
24320,0.08575209667477661,0.23332162100683168,-0.017271862126933907
24325,0.18751943909071173,0.9945149994171312,0.06217246344722417
24330,-0.18023093086717396,0.21065703274601205,0.5214970017522851
24335,-0.002965629737790576,0.4005604196187122,0.1853846728134958
24340,0.3486381597434751,0.9727537000402289,0.17145624278539692
24345,0.6348943224707212,0.15200703955467593,0.4061979969254773
24350,0.34178799262140663,0.6441714021486439,-1.0248264842282198
24355,-0.23085255036705118,-0.8478505592510975,0.1137162503433888
24360,0.1160213683194117,1.248656989726682,0.08481267932112863
24365,0.8357752536358364,0.04873235962557579,0.6616973528807678
24370,0.5481566875621715,1.1010592777872428,-0.15633022752480294
24375,0.7509506777803003,1.1778602588677307,0.28370952952162204
24380,1.1807899911610698,-0.015584859529088058,0.13150738122689298
24385,-0.7210174731721115,0.18617120363115724,0.7150741935959297
24390,0.8522765691099138,-0.7674163856200832,-0.4388302059413193
24395,-0.6785108429339615,-0.020399525999346024,0.14197482099144446
24400,0.7526794887580366,-0.33748304726091705,0.4833825516870181
24405,0.23355750910515738,0.08062571418213482,-0.2967799501466584
24410,0.16289552223409806,0.4857496490719715,0.28369833140412926
24415,0.09488665842962023,-0.2984511980620596,-0.6036491496330634
24420,-0.7079231961885413,0.3915491495700619,0.1430468928111831
24425,1.4690861101323405,0.26066602519162196,0.009411328389697299
24430,0.343136852188759,0.15140726765726456,0.17837484898360842
24435,0.2666212223562404,0.3196293543506558,1.3095535467202781
24440,-0.5921280349925768,-0.3395462834787121,0.3086640653501227
24445,0.5796027353456038,0.6229872937770324,-0.1241181154637212
24450,-0.35507755951872216,0.16966765060450417,0.3746855790865196
24455,-0.6104073041520337,0.25402990943934767,0.23905045190167434
24460,-0.3682293508777037,0.18973281019883673,-0.08815210296914833
24465,-0.1376186909539576,-0.435932531403729,-0.2588093848807433
24470,-0.10107253643132019,-0.38677313511176004,0.0795848756425222
24475,-0.019056858268550247,-0.067878884846921,0.282487091113187
24480,0.30474371558550484,0.21174837057210022,0.5976283154520163
24485,0.10796173197767103,-0.9536928016473802,0.4032071002562877
24490,0.1796493348601387,1.1052502308723178,-0.03183830785898717
24495,-0.2941100752509462,1.0705813065352707,0.34393806354023304
24500,0.6130468803767073,0.042510549863921665,-0.3160152666583482
24505,0.07050189785387198,-0.6077834416749335,0.6711851769986058
24510,0.8421295632218231,0.1870127857655859,0.6355161618677042
24515,0.26084584859886795,0.20517408213160973,1.2849080478130517
24520,-0.1841282348853045,0.35213930413692407,0.6467612016448184
24525,-0.15402559096373167,-0.01898223683854136,0.8111785537808311
24530,-0.0012937297460092756,-0.7979782143298528,0.5786546853970993
24535,0.03489125772584081,0.4272877469584412,0.06499333114855461
24540,0.07704522166315211,-0.13696282814015745,0.11692694568205805
24545,0.40430428236785554,1.6082023370781124,-0.002396395605405527
24550,1.5546853936084861,1.345835581263136,1.3742609318738404
24555,1.81975321972314,1.0771438485174039,1.5333757967381458
24560,2.1486651264512044,1.9271668231654926,1.2129036774103423
24565,2.2997970684259212,1.9087116470942376,1.0759104229705732
24570,2.4691950222679826,2.229921570064774,2.3190806332875997
24575,1.2343602996820318,1.731955194017494,2.1915982375848704
24580,2.059930115643804,1.686661777178243,2.26264603420044
24585,1.9944045795100176,1.4299531305410327,1.379852045017964
24590,1.3332968184944427,1.5551634470469402,2.396634180005051
24595,1.4536368274849303,1.6879944305674475,2.5131724888553673
24600,1.4340464624044955,2.1000192121475014,2.214171723526498
24605,1.8625442581918477,1.8145465783329517,1.0217473219644169
24610,1.9114024190155556,1.7338166063669997,2.334738477403847
24615,1.5951603799061398,1.8747609861443624,1.4321988703361481
24620,2.4020266974674747,2.2159073461437426,1.7854322132985463
24625,1.9119725600844144,2.046378629200901,1.642088041613904
24630,2.4112738671939855,2.0518982014952183,1.8276084214376844
24635,3.388571575502442,1.527981496091956,2.1570174983818826
24640,1.3773132758778133,2.0436984546156776,3.4400641704578536
24645,1.98745041603639,1.7773345688359852,1.3108449314014607
24650,1.5934815391507868,2.022844839645491,2.227357353497385
24655,1.9800550057641606,1.5953272090751243,2.261097662824168
24660,1.7076983941494177,0.880334325118473,2.707038570912503
24665,2.3849744514253173,1.0467121629588627,2.466576287565766
24670,1.8552767673674806,1.6307339977810913,2.236947794421473
24675,2.1797440372142,2.413352886907777,1.7065637198745818
24680,2.059094960323878,2.497788858820172,2.0007966163591395
24685,2.551698361647345,0.7057708097700708,1.1643333424662958
24690,1.2628278823996504,1.2543284261407543,1.84983975147204
24695,2.7192975148904517,2.0706119485584806,0.9702571928981555
24700,2.4020572794745028,2.624659243571581,2.0156022232447466
24705,1.7228093996210474,1.5252864990845154,2.628290289668148
24710,1.5578202258515603,2.4313591009647944,1.6572112895585769
24715,1.9434937565987969,1.3128117665410564,0.847453395983347
24720,1.4194819604965634,2.083949572681667,1.9287707893354982
24725,2.2094877276398073,2.013361912708113,2.1259148294971038
24730,2.1174388085645,1.671208841421289,1.5968565542494344
24735,1.8837761647126563,1.3255299273525822,1.8214146130256812
24740,2.197339728174359,1.7812798995135377,2.3569328615768335
24745,1.1913522306886155,2.64192497772245,1.4495123379167247
24750,2.1070324711778903,1.4244941931987347,1.623068290995449
24755,1.3836211541206198,1.1156156285426966,2.5127305376162754
24760,3.06962024886554,2.0271540940049833,1.8911336248780106
24765,1.072521416055524,2.248544035587415,1.531332269082257
24770,2.1957939567706335,2.506393926619702,2.6613110041856043
24775,1.3383027632938438,1.4546041014575954,2.3910863156320263
24780,3.296309033768721,1.7309678748842787,0.9898641639709739
24785,1.6879566104617385,2.4749198060201083,2.0646322283754004
24790,1.504313640511791,2.4136295450949996,2.1781526239681686
24795,0.9278603727449668,1.2009097992400164,1.3112059878438056
24800,2.1897938139250117,2.330198469510167,2.5521520607453922
24805,1.7666535431738337,2.795381369788904,1.774092183696726
24810,2.0195714408199756,2.187958377660597,2.396217371432928
24815,1.9950131888822111,1.7885337297928776,2.0570301436510836
24820,1.8112839287716878,1.8448156036506176,1.2989707733682136
24825,2.8662623490371315,2.9598045359747602,1.4378059042624147
24830,1.6204402104410005,2.0391060879212257,2.159952605170767
24835,2.252278827238637,2.758910987133678,2.0162278348673968
24840,2.326942795112189,1.6769351973494895,2.8449545696596905
24845,1.7409910637579047,2.727950470779487,2.336067968739681
24850,1.356808413584252,2.4161172962649013,2.4793920366287376
24855,2.766863193727924,1.9481289617158406,1.3003840992305924
24860,1.8156925222181304,1.5344155733911475,1.9910944549906335
24865,1.768439770596863,1.8991652917545885,1.9203806896573208
24870,1.8929878992569733,1.8820651182598882,2.416731697439518
24875,1.7675694576904994,1.1432248139136743,1.5363446761844668
24880,1.68582222288887,2.1599594044099217,2.0696723613998955
24885,1.9368729213426494,2.4220835266559924,2.033862552695335
24890,2.311315513925926,1.760998234308088,1.6052401006088801
24895,1.1976058253265136,1.9903039711128696,1.9999311922934109
24900,0.7069388770995014,1.750491570412611,1.9914493738248975
24905,1.6671015355694596,2.2937908799917865,3.123606195907681
24910,2.1020228379592294,2.8350071396800844,2.2984743081759755
24915,1.7945669958896042,2.382397645565628,1.1603742105214532
24920,2.0245284984676255,0.9791084236893685,1.0875253309225035
24925,2.8383689946820683,1.724627698346592,1.6625738413822422
24930,2.2352035129988153,1.4901035550279165,2.86296811217663
24935,2.127559685517633,1.7425809486694306,1.9945960960922622
24940,0.8111462113736846,-0.17874015272812946,0.29321569870695113
24945,0.2053113805341751,0.030226574909562105,-0.1938569571031231
24950,0.19884268082752501,0.10864573922185354,-0.24616426130167987
24955,0.34371604901897984,-0.4272141615279589,0.36883842772989134
24960,-0.23915358377814458,-0.3118845644088434,-0.22199999119056613
24965,-0.045583293329498606,0.2914671327651048,-0.8799049653020709
24970,-0.4606539844568194,-0.16711437540861462,1.1016470242538774
24975,0.34662930607794096,-0.007745013184195431,-0.25491798437127805
24980,0.010061312748085558,1.0151124674550491,0.9137673988940792
24985,0.14367338314876799,-0.09596732460467233,0.3448041278736351
24990,0.1866163881990339,-0.400672166774177,-0.9314422923894627
24995,-0.20640641892968584,0.34596678806167885,0.7369479551186511
25000,0.34894249618089884,0.06072669816374242,0.1660244229669537
25005,-0.3587490831785636,0.12294533717817929,-0.2521931487142452
25010,0.4070035550919068,-0.3620808438766572,-0.7250005938836451
25015,-0.29518733416852583,-0.7513864388288986,0.3502215479116958
25020,0.09571465745128908,1.0202592542332587,-1.011827441481805
25025,-0.17280967912897985,1.1064785191655937,0.3825390947092043
25030,-0.17813535375878015,0.05939872288288238,0.13334042562137982
25035,-0.5122757238828942,0.7846882265967758,0.2024984184748624
25040,-0.7860303343913754,0.07277884175378609,0.8521962716598507
25045,-0.04107331162706824,-0.29292783211914325,0.9968984467103607
25050,-0.34517313279034567,-0.23217831336299757,0.919025489725211
25055,-0.2868830879292914,0.09072504709743513,0.13317086527286578
25060,0.8802859995117478,0.8374927436022684,0.4462297211868955
25065,0.04382530400694955,-0.009778169070904879,-0.16793028036971758
25070,-0.3579176300542119,0.05357621151170039,1.3829024114936963
25075,-0.17684118437918134,-0.029559486948284638,-0.35311090970574666
25080,1.1419853361166208,-0.42321233672674263,-1.0182399961848958
25085,0.1804895530123922,0.49584555855585294,0.22247177378449007
25090,-0.15602198925002772,0.19428177200612243,0.6476476342360152
25095,0.23753284776697314,-0.04178091618788492,0.04783896052865065
25100,0.18790854134656942,-0.5584770683492738,-0.6112330575823349
25105,-0.8417858885060514,0.23938773109994466,-0.3859226940934197
25110,0.38119252360815264,0.19054803618933394,0.22095614387370469
25115,0.452679697309687,0.37259250909471353,0.005954399952397999
25120,-0.6068863545150607,-0.009908899422217942,0.9522090512697607
25125,0.3196104447438648,-0.2841707890819284,-0.013181778748547996
25130,0.4035717780736708,0.29972333403847196,0.47168108983428
25135,0.38601040644593876,-0.31804434500396195,-0.11211947351539046
25140,0.15300088047258076,0.0011174913703965283,0.3192705564861377
25145,-0.6731515816420394,0.5179635331179699,0.737514967088297
25150,0.20463213941324854,-0.12049311803335447,-0.8179130285872538
25155,-0.7891867376818732,-0.67637220346097,0.9131102665405821
25160,-0.8259405047459621,-0.49153292149345157,-0.43624888922298444
25165,0.7357840705608444,0.1058715807266034,-0.09634378099727188
25170,-0.31227909790134467,-0.6042421450964774,0.018621820650442693
25175,0.8368860510865264,-0.10131622501455612,0.45133996972791257
25180,-0.8699581815759705,0.16766951435366031,0.151109890842147
25185,0.2836628122159451,0.21489395495308317,0.07210605847652309
25190,0.6337230396664872,-0.8589098830224811,0.29321837948005447
25195,-0.11964496499723762,-0.720497841044725,-0.17681438918625447
25200,0.7636059794581488,-0.018602588887476075,0.5556624130800368
25205,-0.23624576790253382,0.5627138797483296,-0.11596160128034001
25210,1.4254575396824751,0.0652901595418069,-0.9247123963779634
25215,-0.3209166727771915,0.09722468428106347,-0.36740410507690036
25220,-0.29264402505008646,-0.343255898390261,0.3566416582533766
25225,0.03935650518752579,0.9161827151478893,-0.6220317059729472
25230,0.490992436217985,0.8161869033582804,-0.23260633523312235
25235,0.11890453883396132,-0.42375988722710395,-0.23047562291809784
25240,0.0024999200837704017,-0.018400390028442872,0.33208221113057174
25245,-0.2892316167940073,-1.1212672676845274,-0.16976905883522886
25250,0.29922913361819814,-0.5664668974007236,0.15320765502306471
25255,-0.44950280079576627,-0.5177160734290581,0.7703756011220713
25260,0.3666480405449279,0.008999821231723753,-0.5116288222069487
25265,0.17080121178800198,0.3246110330566584,0.42875709198540896
25270,0.609478224133269,0.09616762994351359,0.16086294209447846
25275,-0.10689006572290556,0.3600556168169513,-0.7374510484736506
25280,0.08577173207528921,0.2837502897871505,0.039781355040740436
25285,0.38075605300994486,0.2608162801903266,-0.13076712505958482
25290,0.017016429425259088,0.3515362789469825,0.962916626498001
25295,0.06942042117135865,-0.5204887969106579,0.4329890448321863
25300,0.009279491202351012,0.004348816335908258,-0.4830490450247311
25305,-0.1939669636934927,-0.32901066819834635,0.04786677872653848
25310,0.014484138691432502,1.0304363396469647,0.1796741641762799
25315,0.06580696306581656,-0.20784476145955758,0.10122920618652125
25320,1.1381545098261396,0.5036701171697833,0.7938046945527376
25325,0.5249916721734803,0.1580426917927496,0.1403807408480588
25330,0.3432823727450323,-0.22084498635936808,-0.0848303979978719
25335,-0.4265112765672352,0.7088249491562217,0.9531205870683939
25340,0.7904610536703964,0.8003518179701578,0.038429210339819275
25345,0.8340569568338517,0.41319524187155665,1.1062621490649702
25350,0.13967247778096337,1.4965140572074151,0.5510493873570909
25355,0.6427344788144603,0.42402162165727547,1.01119510157318
25360,1.0080290044654325,2.320105906106795,1.383760566453974
25365,0.7914923126162787,0.8203316563597944,1.2611601985021075
25370,1.9532668207234694,2.338422900953984,1.6895609719094518
25375,2.295861990367926,1.6174638929896767,1.2048105924410895
25380,-0.25582796451894363,2.1767637808774865,2.2768880913050604
25385,1.9240772856272474,1.6837579385625936,1.6751677939258052
25390,2.6318431607965667,2.4517370090215986,1.9739482476638612
25395,1.886780251688278,2.13222007599343,1.9884414640062702
25400,2.566978163414036,2.0194003896740838,2.2408046169187688
25405,2.3308008710838917,3.0912617207575828,3.801343657934418
25410,0.9293704459355668,1.7598050810899168,1.6223576166143152
25415,1.0144523984805607,1.921919644892116,1.7692013222928953
25420,1.3684159312224127,1.5678738392022469,0.9685670680478975
25425,1.7556394431257107,0.608571944441928,1.5327507754702487
25430,1.7398466124335488,0.3925056690221705,0.9274303175716979
25435,0.3367516231522748,-0.39653135168624243,0.039241376741115164
25440,1.6514106745358745,1.2059167823676442,0.5294796780187772
25445,0.3687476913500076,0.7828288584179225,0.810474133496992
25450,0.5687924908652393,1.4446466741608286,0.4379449165337424
25455,-0.2493991418280828,-0.2510251253095268,-0.0861930991293493
25460,0.29493610737462733,0.06181364444203158,0.7901753876925883
25465,-0.7445143423503553,0.1505206852692418,0.9298218825426041
25470,1.206184443506407,0.3788777010523954,0.6213045631940541
25475,-0.1388018239388331,-0.21892949390681188,-0.2822442741344017
25480,0.10933851808961484,0.747959066011866,0.27900275419439186
25485,0.1358176000420786,0.4877815499162015,0.7861001828380083
25490,-0.29611985439036725,1.0199141956292985,0.5136238402025322
25495,-0.44747527218907,1.006972474465195,0.9570627495407977
25500,0.13979349059939256,0.6425498194247472,0.009132934495964667
25505,0.9330882574315826,-0.5479510213597237,0.44966901667870407
25510,-1.3903104871393146,-0.27073507541819863,0.17919625906562794
25515,0.8602617606187756,0.3402401338142441,0.3690867548798459
25520,0.5135572061737665,0.10551822776635175,-0.5869370823181086
25525,0.47331116301635545,0.1162736714963284,-0.7820800860158854
25530,0.4103891895055224,-0.4357718474864203,0.20926271143437897
25535,0.27408870022104803,0.3042760449404443,0.06391288268735712
25540,0.047050304943113436,0.09195923021184958,-0.0010608077914966985
25545,0.27026888590081877,0.5972032195353661,-0.3855724554353984
25550,-0.17072992417026078,0.3941151397023472,-0.11787066224843326
25555,0.06028788185397152,-0.19830217034470968,0.12959504398423616
25560,0.4791212810341251,-0.044517843366098736,-0.24307083323065445
25565,0.052769147289368934,-0.2951817348908694,0.45519382319866886
25570,-0.20482612336891554,0.7049192768137924,-0.1913785839831127
25575,0.6353751735824643,-0.6891764038853707,0.29681672367605066
25580,0.348960882968309,-0.23568815420963177,-0.09407050154052302
25585,0.0628521303027341,0.12006395329443545,1.257945983589354
25590,-0.19662718946844807,0.37493767440095593,0.08544801911716161
25595,-0.6950191826897523,0.21903804806512292,-0.6756102064566119
25600,0.04291376774034186,0.6061911290007488,0.6243103036483038
25605,0.4387583953893873,0.8359243291589686,0.6744174491469859
25610,-0.12067001438260522,-0.0009026608127120361,0.24940356167058586
25615,0.31427189219746154,0.7729174944275468,-0.1127961174430073
25620,0.8629698815978267,-0.5326962927405485,1.1677085665858042
25625,0.1777841864468448,0.26847156746279743,-0.7795489149345773
25630,-0.12200105898299016,-0.02103971259080678,-0.5742459795366033
25635,0.12203057730237647,0.4030884074596689,0.01931460171103841
25640,0.5049191634225831,-0.1279075400038948,0.616131594284469
25645,0.24157476049813542,-0.17182299862826392,-0.5589766836388838
25650,0.06083488864910408,0.03276664271533555,0.023095912290780285
25655,-0.19973980901387312,0.0479447970783355,0.8810550263947388
25660,1.0611228742779415,0.9685712270813162,0.4089883667480505
25665,0.07173570717606162,0.05456782836973484,0.7754556838361731
25670,0.08046784917538612,0.4850194209101683,-0.1854125336842885
25675,0.2566831222331119,0.0190012234256228,-0.1786673708049783
25680,0.5455373909761934,0.011350537830814716,-0.06802118220539438
25685,-0.07404009757776403,0.43478883483675046,0.37543183246125256
25690,-0.2919051930098675,-0.23005782525621205,-0.13454364917853925
25695,0.3623575887969315,0.4196396518030256,0.7239205403885738
25700,0.020615378356508812,0.360051127362002,0.3599627995384281
25705,-0.7775950076738021,0.35284542198874813,0.9213260137532575
25710,0.0334183086188235,-0.712646281473429,0.8537580957959652
25715,-0.23835298307868863,0.543480714985399,0.6424439503342535
25720,0.07787931816814793,-0.9214430158972975,0.3355027546136218
25725,0.18555194880227235,-0.32633362152088397,-0.07147539903761696
25730,0.11734210817577027,-0.482087526695464,-0.4699281564039315
25735,0.6102837512985997,0.3425592381906483,0.25272727508241377
25740,0.2927341012990772,-0.16274251538930556,-0.10108791034616704
25745,0.3250301504051729,0.2245323683642882,0.5728763336914554
25750,-0.04473089334385849,0.1479942814823352,-0.5306395405976442
25755,0.740823390365547,0.22375632930731326,-0.21056322877381622
25760,0.1519196457255098,0.260060108146081,0.40843487249802246
25765,-0.3787821236367426,-0.8952172841332955,0.9867139898398664
25770,-0.0854588683688687,0.16125459254901542,-0.24109427905663483
25775,0.23650412650986255,-0.4606610444986817,0.5058189383095942
25780,-0.49393456445551376,-0.5456857445081735,0.0525598295000565
25785,0.9942738288440176,0.16457962793075614,-0.6037281043093746
25790,0.5570771066101201,0.7082904027081889,0.04918264895155197
25795,0.34779872975473247,0.24325934286125062,-0.15643699778452194
25800,0.25391647272576984,0.8402005194445983,0.814574420882464
25805,-0.15164249091406634,-0.2572990923235939,-0.4009423525975211
25810,0.11473270920446561,0.1640246625184323,-0.10174533272429323
25815,0.1527174796524638,0.3982094767833156,0.2645105745744077
25820,0.024589189905648373,0.5211506265574143,0.10410666929601335
25825,0.15109639683925433,0.013812009406094478,0.257682250250847
25830,-0.3498783953991872,0.7108811708930949,-0.7682195578422237
25835,-0.024707188402302044,-0.19553480159559725,0.0015093138236117465
25840,-0.2511641251617963,-0.34115641690724363,-0.3853882968478981
25845,0.361670158550214,0.1370955207431494,-0.19438875462741803
25850,0.6881019329343687,0.009731759603844647,0.33980582175609236
25855,-0.34070481643267236,-0.3066474510187095,0.024088486715639013
25860,0.6464222074840119,-0.2596586386731967,0.5874314040680974
25865,1.2592952361481837,0.3853197015537678,0.24564503895483075
25870,-0.24180446222572244,-0.6959783339140709,0.6686196528683153
25875,0.02589927793544286,-0.7145893873246402,0.3298854309496608
25880,0.5444078411180784,0.9242639056279097,-0.4332359623068632
25885,-0.5084350157489446,0.25297941739369095,-0.1947887882632819
25890,-0.40469776801788143,0.10078979262816001,0.10924858178298938
25895,0.10401187128636534,0.1584336639212755,-0.09929377122029895
25900,0.6558856505042899,-0.481093556343726,-0.9469341073164484
25905,0.3300949212302233,-0.09077462346619278,0.09218461195403421
25910,0.3539710961438471,1.190818867768973,-0.019131317795357816
25915,-0.35953481535850185,-0.7435782676015861,-0.8394218446763531
25920,-0.003984354588142863,0.45452031096030276,-0.6198507879786113
25925,0.43900601852558196,0.17503595385464005,0.9665918038580428
25930,0.18589984893193767,-0.07914595313580228,-0.6282680392243883
25935,0.8698196627495581,-0.5467729987635651,1.4726150370035875
25940,2.484308198148862,3.440474284907973,3.2347353471696287
25945,2.3999109345286733,2.0538150070187124,1.5663922123478558
25950,1.9829402782063261,2.224745454892087,2.1814620394375943
25955,1.9659155038360108,2.046255981096759,1.0385900614419017
25960,2.7119204746704018,0.95059372540704,1.9454355402517396
25965,2.0135616740068913,1.0849612712069614,2.11791734093167
25970,2.1223543309991175,2.081900212242439,2.377511663933874
25975,2.036727960614927,2.2386595416656965,2.7348518336382157
25980,1.2813605105875265,2.6110725634937477,2.1975776049144984
25985,3.275178554697688,2.6442376132197523,2.1068031282101485
25990,2.0555069054801236,2.2616734155874796,1.978263822011435
25995,2.13822638058837,2.0924315514871337,2.7676754368155514
26000,2.1830284125780617,2.1732964301592257,2.664085857738124
26005,2.74976324608979,1.1849100000861537,2.680280701072264
26010,0.7703321626341637,2.371743093337019,2.232800773232447
26015,1.3516005466103347,2.3915421396341436,2.5465878754286497
26020,2.8132045020947394,1.7899009535155326,1.294621535367873
26025,2.4387801844063666,1.581495057363122,2.6735285139942775
26030,1.400958799491702,2.5005835503552807,1.382110809531817
26035,1.3644570695620166,1.3247866515569622,1.5674351647790967
26040,2.153296654383138,1.3292752721994692,2.2050716036380473
26045,1.1754526175873403,2.2211801672299902,2.685877815035217
26050,2.412042672782542,2.961400158217952,2.5663233572092556
26055,0.8199460401483271,2.3617010111638876,2.2584477800680887
26060,2.1763315653923057,1.9393416223482627,1.7922213308654817
26065,2.720909908703331,1.5836054190120474,1.9289667267256483
26070,2.703023334266982,1.3727295031309446,1.669960615577856
26075,2.216195855668571,2.1023474417270727,1.5806862895535445
26080,1.9497267392741344,2.3553213727090365,2.0953709024301945
26085,2.411206731732481,2.3733230988681377,1.2133535042563697
26090,1.1571759716691452,0.7738114094609703,1.7294708787375785
26095,1.9822180480792022,1.691585036101619,2.570242804037678
26100,1.7876957159802724,1.8451430511629432,2.254117803715003
26105,1.1358873402826264,2.7082469937156395,2.3524896915703586
26110,1.963097633379405,1.5627244610053705,1.4394596117286733
26115,1.7376716778704984,2.2610772328553614,1.8956391773032968
26120,2.052655817124022,2.307483810568336,1.68482899049991
26125,1.0123752615088342,1.8489051072857572,1.5846352496915783
26130,1.68134140563174,3.0222876393067146,1.126870316387682
26135,1.8755615099775786,2.0161344174252607,2.2955537593835342
26140,2.7913813679768555,2.7432208209929434,1.282595106461072
26145,2.0921587232698045,2.005801316958905,1.923244114729182
26150,1.8229229088860268,1.7486988552324014,1.475062803535034
26155,1.316513403541372,1.7097362702217933,1.313429684778093
26160,2.5581923096232435,1.4173994766151332,2.2345360524247617
26165,2.837386914430186,2.637954477554344,1.1872175891822785
26170,0.754698213332635,1.4588742489879023,2.4676828905615156
26175,1.3393402486973678,2.209913648381183,0.33621974348819683
26180,1.9656339688613218,2.4446414267825385,1.0673844815654963
26185,1.2094386316764323,1.3695301664994433,2.295108104450426
26190,2.154309599286502,2.692488721997778,2.525915782961227
26195,2.4579787188859377,2.177525338501146,1.884766987860427
26200,2.4592787090767274,0.778330777829042,1.4129715588942688
26205,1.598994558893897,2.813362458227328,2.8507923712481933
26210,1.7717616980388147,2.3297500425095947,1.9102930225793895
26215,2.740489521136671,2.4695533645389505,2.8410768440002423
26220,1.8898143294493481,2.457890654267696,2.713552837075287
26225,2.232040394488017,2.4796352514131685,1.1244131508808004
26230,1.5328735498352921,1.2460662410720245,1.134860060541675
26235,1.9917205984123025,1.3967329822320405,2.3770997274956858
26240,2.898691406568627,1.032180532510959,1.9725912228803906
26245,1.6753636407583745,2.299099863701757,2.0235823529221975
26250,1.6570934621922762,2.251407730128306,2.161477633600017
26255,0.7679821297300838,1.5341722073216606,1.7363390192333785
26260,1.505848547980141,2.1812121205918062,1.7419992500339112
26265,2.23611127477775,1.420928286540878,2.563357924963197
26270,2.3638345375570537,2.1588812413682037,1.3710541198800164
26275,2.5503260272503834,2.506507914662901,1.8241166424514292
26280,1.646154398193438,1.993234051648965,1.9192701729451005
26285,1.4133718229182688,2.019162567597578,2.057183440374165
26290,1.682073701158551,1.1955179661368902,2.4574744352567772
26295,1.583226341091208,1.2960186907033329,2.033139887729024
26300,2.228328386759055,2.381678131178398,1.926186088590213
26305,2.295895746713439,1.474957223347361,2.0377146073963677
26310,1.6005240806773422,1.8108643079053033,1.9199667184587699
26315,3.1235193850113676,2.079635258286074,1.6079818950034408
26320,1.8772298155896103,2.4956002619667372,2.6507592909590736
26325,2.1265713589199398,1.5690029004178543,1.6202610673935898
26330,2.0451456890423936,0.7941530851080156,1.3916186584248535
26335,1.5181064552773118,2.0329766971942673,2.211062384562866
26340,1.786697051967151,3.106914491256083,1.190318816381903
26345,1.7203877265105734,1.6400787585863343,1.453862131569894
26350,1.0857089425036799,2.8999686704751664,2.037600337206609
26355,1.7157370114094048,2.413302338918924,1.4825190363822291
26360,1.4695640680269706,1.5386691986254961,1.1044779491930066
26365,1.2170511315818011,1.8145299745927408,1.2934309712876058
26370,2.134478221311907,0.6947027328909321,1.9919355617809014
26375,2.4575154564896255,2.4329977350610124,2.3931432757085958
26380,2.091069225992345,1.9153669178262236,2.4528175415570965
26385,1.4252299499783876,1.740381643831817,1.3011331844459988
26390,1.7834623169215469,2.3856317370216646,1.8333145358959002
26395,2.208224941947292,2.6647240744463403,2.0460475587595837
26400,2.1187316277741344,2.4060537140164078,1.4572313260530165
26405,0.8570365483223429,2.0895159678792994,1.1688661640435172
26410,0.6793381052384768,2.2176833394932287,1.6020851490142933
26415,2.2218785192639365,0.8380541344232386,1.6176647871710454
26420,2.8547575216566448,1.7593897257889453,1.903867211811943
26425,2.062173152323617,2.2985239492875316,3.063131384764324
26430,2.446410387029311,2.4965756969709,2.2582063493485407
26435,1.5091532661084899,1.5170015915635682,1.9165085731938023
26440,1.5439836698963503,0.7363550179244318,1.4639658414193635
26445,2.7501048502938126,1.5499465194574094,1.8721515148167491
26450,1.0969277978919802,1.8315846847104114,2.8837965521454514
26455,3.161912252766167,2.4469691257022896,1.45531661099949
26460,2.687543884010223,2.481098520909857,2.075466478923414
26465,2.2725906034600354,2.9339087415925835,2.317911424542796
26470,1.9776810173448756,0.24125340382198668,1.253871266183495
26475,2.57577023572261,1.705224890473635,1.96432317681186
26480,2.2060182444925456,2.3883971252671996,1.3495266950192937
26485,2.216290879361187,1.4020713889029042,1.9494377096152382
26490,1.9371368799199,2.271292539435108,0.8102819947319595
26495,1.6533817603014924,1.7513220042116402,2.165761954265881
26500,2.3352537819141332,2.499565583617634,2.1488967345736047
26505,0.9084320841222657,1.682388556122115,2.5431655871986525
26510,2.574782672279879,1.7020022042433525,1.5746711888703881
26515,2.572531939074964,1.2025672047293985,2.4104543347683665
26520,1.6136957684999365,2.112245589911096,1.9075060213329864
26525,1.744018389444865,2.1971050890017105,1.6926821483755565
26530,1.7638105670736013,1.7608014416981561,3.352132828089327
26535,2.407567971146172,2.341598485750962,1.3333545521043875
26540,2.044451376864535,1.346514751276696,2.1126994752452983
26545,0.9313756779726277,2.7058696508336078,3.2166868897876064
26550,1.9278438480553375,2.593161786743822,1.6094979099157745
26555,2.099684341017699,1.9912262334286432,2.6133958043378027
26560,1.9890794886815055,3.0470041515936552,2.2297065516328822
26565,1.7158444770266499,1.498363877172174,2.0392414850216576
26570,1.0845409723986614,1.3778094040695887,1.841598526498397
26575,2.549607561056891,1.6247457410547155,1.4058886610837065
26580,2.985370566939655,1.8874502717211168,1.7583168471235056
26585,2.083728539858762,2.1403817818921267,2.800235384230251
26590,2.2054104759194666,1.871720648890776,2.707766205313129
26595,2.5425840309909016,2.011908753902421,3.0738472199205344
26600,2.0174189504912534,1.9630541195831583,2.1337908004491046
26605,1.3016408629471097,2.7498983409753572,1.7433603586397404
26610,2.094238083142565,1.167296675819959,1.7800002301722573
26615,0.9694063021270543,1.015865499034973,1.82272855912801
26620,2.1385015635696614,1.7037305948999821,2.2285641236465157
26625,2.5139901907365245,1.1624461956909742,1.2226344408142718
26630,2.009273804334168,2.1673488407895487,2.864380369936018
26635,1.4692105245808402,2.1570913478741494,1.535939186309069
26640,1.2791730600492426,0.17878510889404733,-0.027823977610884877
26645,0.37242097922731043,-0.11106170781850302,1.3395805170321649
26650,-0.08360983320207731,-0.16172395128829817,0.14521081416638512
26655,0.08555525471374427,0.25782301816663195,0.6554754905249551
26660,0.10717480359529913,-0.36293686059249275,0.32329747762080613
26665,-0.42701751543784083,1.2740270270920395,0.07523248468598462
26670,-0.08189685439520171,-0.4587287358025005,-1.0519683714975503
26675,0.2491799282820061,0.09548406945974372,0.5872090783027003
26680,0.7154472800933784,-0.9382164529556934,0.15244666027373385
26685,-0.5823657003186885,0.6490887748104543,-0.19212286837477366
26690,-0.7326327690186486,0.20432892051925755,0.19878544137645035
26695,-0.572185405014018,0.022651986110418028,0.2908060967540864
26700,0.026744095735044868,-0.20192827590159573,-0.06632390175263744
26705,-0.20447879180373804,-0.3990278392542231,0.06606653958449504
26710,0.05143459501859027,-0.5032219247902119,0.03275350344002236
26715,0.010218684990411035,-0.47382121415127976,0.13210686972633473
26720,-0.03107410587140706,0.3081889461834967,0.599743430539261
26725,0.2370230241760029,-0.2670265797433885,-0.14908635403523396
26730,0.3585692038048895,-0.7501001375100966,0.27872910212810875
26735,-0.27189961125293455,0.7373233218789157,0.2851330418832999
26740,0.6956405580854106,-0.004950984421191463,0.15001039249328882
26745,0.4417275969098188,-0.08077552941828335,0.5898719937320474
26750,-0.7496633493578497,-0.4402194038876951,0.1481793819613426
26755,0.17320277674073614,-0.3055324631772556,-0.28233121587684784
26760,-0.882415440963298,1.0294966009532804,-0.6996974350185616
26765,0.15162771903306627,-0.6515180007675494,-0.2528011797009225
26770,0.5428894147075284,-0.4688686558651804,-0.055203388089033245
26775,-0.020910129178734027,0.08980579918767768,0.13244824741729214
26780,-0.9017472978975399,0.05386760132883494,-0.20059928019738973
26785,1.0409478130003764,-0.5726881071369415,-1.2181760116478897
26790,-0.7931620203619981,0.257419092874466,-0.6068012782147402
26795,-0.10570605316169616,0.643874241429155,-0.3660800985633007
26800,0.012317835818643806,0.31915984543208603,0.8422870158297078
26805,0.06737730847060838,0.10191254483236369,-0.4075069647044725
26810,-0.8911295937008605,1.047795626282386,-0.11889978090114736
26815,-0.07901933039936322,0.9924355732498938,1.002914655247113
26820,-0.46902609087958236,0.4511984385536774,0.34851940338114223
26825,-0.46084485436473493,-0.23294965860279218,0.2916722324303847
26830,0.06023903110975443,0.4019320705636561,0.1644373791362056
26835,0.025036419558739028,-0.2857523066263558,-0.002951250974261075
26840,-0.09065319445758908,0.191740717963458,-0.3585548189803087
26845,0.03602456727013187,-0.024926844472214854,-0.43550669130678044
26850,0.6572172798543856,-0.17340265551506173,0.9242035539208401
26855,0.009969023447989594,0.20558856770799064,0.11875062402756563
26860,0.3778473405694509,-0.3795769767235377,-0.24268739003525652
26865,-0.13877070694814977,0.4838394349120804,-0.34668148406278215
26870,0.855802458825985,0.6040777905967049,-0.6106583164899583
26875,0.14671965262984657,-0.12754458116905468,-0.40726999682121384
26880,1.0554219902700999,-0.5881550469106039,0.33678992072121133
26885,-0.03942418007593289,-0.06996491638073914,-0.2741157840225751
26890,0.966272502673813,0.37520931274297115,-0.4242839642942761
26895,-0.10572710834971509,0.004266481719183358,-0.5718882679839856
26900,-0.4718177308102423,-0.4240383220521878,0.251642499515017
26905,0.07017483537393365,-0.06498092092956068,-0.08053097947861303
26910,0.33982412152640445,0.1733907878460736,-0.2125463309913745
26915,0.850811476841874,0.6026762067545719,-0.022142834428179013
26920,-0.02312498139701652,0.7361399378682579,0.6696894760290939
26925,-0.4922068380266371,-0.4881810955902535,-0.3371936840029523
26930,0.7892785845379476,-0.18547509886766325,0.4886561263751953
26935,0.5402174241168541,0.24871810558008178,-0.48872726897312624
26940,0.34882296376352484,-0.004989442196363561,-0.4752151120896837
26945,-0.26606497810901514,-0.38116198356325065,-0.7031921056329745
26950,0.6310619974783851,0.6784906210723755,0.5620399573672878
26955,0.5491916047120653,0.31450078461235476,-0.9075467189472403
26960,0.23304658562924707,0.06517716293672558,0.4590467981990545
26965,0.0013548795844141592,0.09422308418766769,-0.11855083012786805
26970,0.0231747885335358,0.8354127749103429,-0.2121054665719186
26975,0.08927166748773746,-0.8726833824959525,0.10201709141198897
26980,0.3058075367106209,0.37639430527388884,0.7265421487980565
26985,-0.11622353126512514,-0.5127258542007063,-0.047921505374045714
26990,0.81946176872962,0.3404232742328376,0.6632787758315957
26995,0.889197405552775,-0.09507074733548171,0.7195241191511246
27000,0.1292088533248863,0.6386707831495606,-0.48015056713017223
27005,1.0615749640507641,0.2604766290946438,1.0285359427133622
27010,0.828493282640732,0.3591929554836459,-0.010543761087742909
27015,1.003174798198552,0.8538229069711604,0.08814522433828931
27020,0.05919719680074742,0.7327035348495899,1.6781586931658872
27025,1.3046180360287076,0.7890963041072118,0.3498933004574488
27030,-0.12490935373677081,0.4593692537121958,0.5104140325619839
27035,0.5029944941884776,-0.15736214694041495,0.9606266684180137
27040,1.2018096634093363,0.8070829129067393,1.484337742443579
27045,1.3704026844252781,1.226745757913862,0.9239248363849581
27050,1.451234588537325,1.7745855659081344,1.5162856168499252
27055,0.8865353407734865,1.3143250387306602,0.6076960319510274
27060,1.3957901579256444,1.0825829378349834,0.36261333532090223
27065,0.8702195045587835,2.5901762863479005,1.3357996894131077
27070,0.9577205551554644,1.3539431188069235,1.7971158772912934
27075,1.3273680472478444,1.4892043067275367,1.3455463725314158
27080,1.4451645316799073,0.6655328543241286,1.095339028387622
27085,1.9474038027141172,1.9098253949771236,1.5904866722244777
27090,0.9472138156795514,1.1042792489738196,1.2679882032205372
27095,1.6412531603127156,2.4794772421632922,0.33390638859436816
27100,1.720017691273111,1.7806123695189118,1.9176957797681897
27105,0.16207119347925003,0.5808005781434465,0.9203119443812253
27110,0.17491202435472653,0.2965549129694256,0.31511220280450686
27115,0.26246213094740267,0.8316120748473197,0.6032828063267921
27120,1.7561224371425488,0.7011918474283696,1.095806421326007
27125,1.626200504325681,0.41306180005506277,0.36098550254194695
27130,2.4831566279253185,0.3358662628159299,0.016447776179450313
27135,-0.2774468168189669,0.9396422487669924,0.6858755121855846
27140,0.4531045853574191,1.1918006838098605,0.03702066111203084
27145,0.941986869618702,0.06986648350936536,-0.018735133144659133
27150,0.25967824112056315,0.5765588675153953,0.3451672229919609
27155,0.628102423051628,0.5398436391916924,0.32166540098728585
27160,-0.29927354453706695,0.285261895454893,0.11791779770053806
27165,-0.35864967466475556,0.3160683148685176,-0.9141482013139959
27170,-0.013150767102705269,-0.6815361579606691,0.7533172904461781
27175,-1.42199683604543,0.971060059998248,0.8267852923432024
27180,0.49913258223933255,0.3175659138592456,-0.08891025256532134
27185,0.2470463794401729,1.2665739193697654,0.8404285359959098
27190,0.9544618817131254,0.7626625444528232,0.48240225576795803
27195,0.727077125238262,0.4150404097865934,0.3945964844628005
27200,0.6832299436299949,0.23340527950747988,-0.6299861725828899
27205,0.38710792917272596,0.09043752203862251,-0.3270746939582978
27210,-0.10367633426130676,-1.032251835554363,-0.20423021531282512
27215,-0.0847435213702217,0.10249896274637064,0.2804371814169356
27220,-0.4755123383098082,0.041274633526960064,0.6890216634508805
27225,0.4171225456460376,0.8819442659765772,-0.34394970148012044
27230,0.09773026860468134,1.2246406587551406,0.2282116938146695
27235,-0.1619459894380271,0.2822837568175805,0.9243426606117365
27240,-0.280598617888399,0.6598169245276948,0.3125354438641721
27245,-0.03391280873807537,-0.5365868737047231,0.25980743322575905
27250,0.9173475694813377,0.05582020233745935,0.8698720984800288
27255,1.0069563539853361,1.2409770308881543,0.5100381000526953
27260,-0.5078189332898335,0.4595664110428624,0.32479848813200085
27265,0.2677688977398298,0.2494213004626091,0.3862638092796381
27270,0.23151923688228676,-0.48763935126566005,0.30631901692793384
27275,0.5002649433968575,-0.2932945957029519,-0.07954337902392364
27280,1.030214905251933,-0.1765812304041229,0.8588169670074983
27285,-0.33754764656896186,0.3130940636299228,0.07476447979080983
27290,-0.7302047434616952,0.37845738627048564,0.1787209739020219
27295,1.1194400229199124,-0.4138178937554048,-0.2696718232577826
27300,-0.13824783469804391,0.6717401207876641,0.13704964116826235
27305,-0.04074776024233204,0.10814407588474304,0.22392315631327053
27310,1.1198300673003598,0.22957437319543217,-0.43671723570933174
27315,-0.06758327912501036,0.4513909083202292,-0.08586485322318424
27320,-0.11095741647693758,0.42563230698510135,0.36057139677570804
27325,0.251641910084306,0.36078184770012856,-0.3505416475334094
27330,0.017621897414290016,0.45084497645718247,-0.013340072517948165
27335,0.6708904528602879,-0.11279951912295694,0.5694574569446079
27340,-0.7657109980746857,0.3772921025863907,0.3659707845004019
27345,0.9337155725814996,-0.10875672280684431,1.411198193716177
27350,0.12127988349803198,0.9279039124284709,-0.7613305095970455
27355,-0.10174189279314405,0.5205316819243158,0.8396234580212103
27360,-0.1693046255083644,0.018338168817761763,0.8391199184004127
27365,0.0729008425120545,0.38971803998727583,0.41408595008591276
27370,-0.029512450005611923,0.9416534557153482,0.4623645991929498
27375,-0.4278608000623869,0.16663426745927354,-0.10366246527493866
27380,0.5300264487393676,-0.030903928602379782,0.5270056507303602
27385,0.7235896403618495,-0.15486285249582318,0.6896746338537282
27390,0.8364497205890329,0.5667040140720081,-0.28884765773223653
27395,0.9907420574633127,-0.2743421073789495,-0.20988412255865943
27400,0.9575890673714513,-0.01745457407678272,-0.19073171784638418
27405,0.22950425969628008,0.3131280016727681,0.6542334228474732
27410,-0.42755730089179084,-0.6618732032325368,0.7549015816692077
27415,-0.19174297035666768,-0.03561379677635673,0.3201811718184135
27420,0.07586628502387072,0.9400025009487969,0.27560577169405776
27425,-0.2209288306923416,0.025752827992972738,0.8660616888416913
27430,-0.5805756947343091,-0.16167895617561154,0.33685549914964075
27435,0.760601061097625,0.38378391881013985,-0.19880823493980018
27440,-0.18714097431425394,-0.23531530153063404,-0.25908337058538333
27445,0.059344804946341784,0.8985456198158321,-0.8597420722307625
27450,0.6113567362402486,-0.38057026856360354,1.1257051994513259
27455,-0.2137488300953391,0.3572228238537257,0.7084569407458501
27460,0.4880923465040726,0.42905141622708054,0.35640111280800457
27465,-0.05609061097274473,-0.03864102572912839,0.08991433899587739
27470,0.13780969704102206,0.4263561399396459,-0.12958703302171895
27475,0.28564745470242303,-0.0162560902130508,0.07549546766395945
27480,0.2612406197176307,0.04993732002110454,-0.8709436578006151
27485,0.1084877182019221,0.39403439528449147,0.7127489615626361
27490,0.40407662411284617,-0.3598000967561966,-0.07105406476994325
27495,0.25172215979674395,0.17407479883751312,-0.15509841110280792
27500,0.21778573730558592,-0.47241153088735155,0.7128205011415896
27505,0.022082574934766203,0.12846303777447668,-0.447745231379
27510,1.0476746475568337,0.4165378926873893,1.0545812451049634
27515,-0.6600871480987341,1.0239722651926506,-0.35927036381476773
27520,0.6355049791292824,0.14054832989743374,0.5987762837099554
27525,1.1438888855176412,0.6194379349935423,-0.3306531894612979
27530,-0.35109843987445344,-0.378955332532189,0.2680201693062878
27535,-1.1121849651602074,0.17308053548237276,0.09484373843297277
27540,1.0372728890654521,-0.061298864099906925,-0.22633375201282493
27545,0.6594780314031032,0.9701005395236649,-0.47898614267807965
27550,-0.25326709437553657,-0.20218631218009028,-0.07659386104365928
27555,0.1768949269249946,-0.8204870206406805,0.10908479923820076
27560,0.13183515207007407,0.21871659117390427,0.7654978336052015
27565,0.012253228373481584,0.290714033629506,-0.9628811661275476
27570,0.26969240180160875,0.1495177546478898,0.77105314839038
27575,0.6201793098254076,0.9252348196995219,0.03143014241863734
27580,-0.8177376086596644,0.24466152457383344,0.6619783938241591
27585,0.31234028886164533,0.7854201353007836,0.2166309681051605
27590,-0.6049778296035093,0.24831974956746058,0.5109671326084699
27595,0.5425056702413725,1.1059564365179544,0.37694021092632124
27600,-0.4574377460823613,-0.15404156026203816,-0.2835332393719514
27605,-0.04664590315214484,0.9605467996558119,-0.5549218319110959
27610,-0.015850413515070244,0.7644781607024376,-0.8786099977833349
27615,0.49651271437678735,0.13744844607709694,0.07667619522924346
27620,0.9688036076592135,1.0543289069940844,0.23248367222409655
27625,0.32635172035326454,-0.1965631523369273,0.2856118143464873
27630,-0.014564713068631413,0.13023137688816905,0.45439780365495164
27635,-0.16160010101687508,-0.12239860220099502,0.6245038391163527
27640,2.6021416236711197,2.597877132845534,2.2765510136433402
27645,1.3654125132981905,1.4873227122129902,1.7613147546666483
27650,2.232399776534909,2.267206529978445,1.2738172451317378
27655,2.333519819050857,2.515937825250739,1.82605042406409
27660,2.650104896410068,2.1061517413788553,2.8779224889385135
27665,2.110848781943611,1.618911697715938,0.39874602023967287
27670,2.253186340882904,1.4125413703755352,1.4599889276899534
27675,1.3484556492679234,2.273907885495338,1.6106802659430544
27680,1.5975666600648186,2.8976464790317418,2.392565739311336
27685,1.6127967420850249,0.4969411706434361,1.786802157381686
27690,1.7589051307855452,2.077296811333341,1.7012217444150355
27695,1.7823627743558856,1.5466664817064781,1.8056238138599399
27700,2.476279093915905,2.120368232847027,1.138696922642665
27705,2.0539186101300193,2.409175772207934,0.7908665194772937
27710,1.7966067581195775,2.0904650887586365,1.6456828861018689
27715,1.8217280658021675,2.0411187797952044,2.359310155926873
27720,2.4356895868090818,2.4415499614294593,1.3163679720819803
27725,2.1040470674758582,2.0397827470889123,1.563229894249531
27730,2.571812187547841,1.6588519196200238,1.573116433643829
27735,1.5240357975973455,0.9864779749413162,1.7565310739249944
27740,1.7567015366652514,1.6169717609305134,2.2040755374095267
27745,1.702421650218373,2.0716193158434715,2.7519465378000962
27750,2.5306418006285267,1.781425369639228,2.228368608212086
27755,1.4685738187355173,2.0453236782006914,3.1237109660460884
27760,1.9037846182479266,2.1906150160029663,2.8002513346557616
27765,2.1598204866752413,1.03992170043841,1.8076467654050012
27770,1.6736081774683016,2.437455981513636,2.661199748405592
27775,1.8681919819797712,2.2738851774251154,2.6141015338294387
27780,1.8103312359774637,2.729144169345366,1.6777833664922936
27785,1.626361964464687,1.6186562981501802,2.7754197529487405
27790,1.4499155847318224,2.0033255745624827,1.8126822174690456
27795,2.5902400988065,2.491655435724763,1.825943061324948
27800,1.6309827738482403,2.606185179308823,2.1628195038816163
27805,2.277828773698909,2.8473831106721326,1.804107469885832
27810,2.237129136824348,1.833479230312187,2.2485985807075846
27815,2.085033263470965,2.845771567561507,2.072963459117907
27820,2.18257583069658,1.9096981497908794,3.6809032194195184
27825,2.145683602811456,1.804039249702217,0.8804605562996386
27830,2.058735249409634,1.7099699290266974,1.510483126609862
27835,1.8774815280126196,2.4926601786774922,1.8112838167277623
27840,1.9220601540766504,2.7546483044278918,2.481310823251876
27845,1.952600820256567,1.8022318338149494,1.7870430215145972
27850,2.106782191697215,1.8360048339498634,1.4742933608211086
27855,1.9973057299230053,2.3635082647044,2.23152357625817
27860,1.1951501810220366,2.561317053767592,1.7131328430007677
27865,2.402606652176063,1.7253285308333548,3.1500277558995546
27870,1.5161384368140485,2.814857479915222,2.77739662226036
27875,1.935717427594406,2.9108686773827586,2.7285653109631873
27880,1.70072020677285,2.0764673881535813,2.0856240792612892
27885,2.345476995484321,2.3734577918646016,1.4016960307923978
27890,0.9864470284586606,1.8964846542599298,2.7354588352266562
27895,1.4459464021733006,2.084849058854795,2.2782999283661987
27900,1.9298459392556313,2.30814665117789,2.530500975808685
27905,1.1205092081905645,1.7135203363319853,1.802973350289996
27910,1.675741680404949,1.8590733166134572,1.619068837003156
27915,1.413918935199574,1.5173525151448475,1.8974255435361573
27920,1.3779900016869324,1.3592250106284522,1.230083656230306
27925,2.316311898271517,1.9796502467874737,1.3720939463450805
27930,2.678362033316279,1.47551677038409,2.021377075900529
27935,2.810513042753606,2.3155726860845496,2.3187933445130113
27940,2.6745398811206114,2.030723161472188,1.6244528160652991
27945,1.5671887002330407,1.8292214934395767,1.9347109098394661
27950,2.68239777614221,2.207452305936889,1.0679325086538283
27955,2.897837256297062,2.5997732151114956,2.565443091968606
27960,2.208070299369267,2.4393027098840188,2.0376852059256256
27965,1.6867399561442844,0.9583453449874682,1.916536330693249
27970,2.571313109932198,2.681439399678637,1.532519075490352
27975,2.169172463187216,1.7484306367172227,1.7564525606779886
27980,2.108788204448566,1.6805452857469285,1.720002436978122
27985,1.8962776299888031,1.5781700145397939,3.1482178575544943
27990,1.8858322124630298,1.517385711894243,1.067171184813342
27995,2.339997251224048,1.9680420821333127,2.9288707067655184
28000,2.403469882913994,1.3898336110544258,2.1371931009157734
28005,1.493573495686658,2.1014852457225297,1.421029754328312
28010,2.6938670321562777,1.8234198719829433,1.3413460493618559
28015,1.7454429742983457,1.6565472388956766,1.0414203817873655
28020,1.6858918093340283,2.3239954404536753,0.9070528742133825
28025,1.8701071039224908,1.6101668669650149,1.7800716437664084
28030,1.3948363904016028,1.8211276488795092,1.8162227158035886
28035,1.9952603550336858,1.6798825039431873,2.5548985645255406
28040,2.2250457853105603,2.0035689558422365,1.7690814258832246
28045,3.0159118842563037,1.901830012581486,2.320939373090616
28050,1.4652768613407166,2.0809394892026987,2.812256379808873
28055,1.892437965924297,1.9034200735649132,2.438638060626306
28060,2.3982408640664876,2.3277466700981684,0.8621571006547704
28065,1.0590052613999332,2.2609991391374527,2.622545404044862
28070,2.8135668594703995,1.2764924702824656,1.9055561514268222
28075,2.2690654045372245,1.3205208661957357,1.4354879419882551
28080,1.7135911263104378,1.6680265602472393,2.576165998468073
28085,1.5377058097913887,1.7250280898086527,1.1458141562163648
28090,1.7874439770813584,2.66391630630748,1.1823155697163972
28095,1.5618596901480903,2.242518708401436,1.4430624646065247
28100,0.8138955163840264,2.120087308330603,1.6962870891769135
28105,1.5812277231019078,1.9048977878234983,1.288858797687634
28110,-0.16336502816357532,-0.08343739253582587,-0.1440821423590817
28115,-0.3816876282114928,-0.3001178874248595,-0.4592011494523599
28120,0.4686590314272385,0.4757364166145586,0.8222323212097121
28125,-0.12597207074192882,-0.011868077695688555,-0.21565167267418947
28130,0.2765541662524676,-0.19450501665533854,-0.17818078018285222
28135,-0.002490907739438358,-0.8922423755019241,-0.16138893730172976
28140,0.2970271920247482,-0.02855266100611231,-0.3909085659654848
28145,0.29051202699312073,-0.13811341855720566,-0.7135109162874659
28150,-0.050743230214076354,-0.05741864693598567,-0.32393971384770764
28155,-0.29940845307350183,-0.8178739979217134,-0.19033008904857346
28160,-0.5302720912218235,0.5250587394844214,0.13902741856316472
28165,-0.3185216748900238,-0.2936359885782352,-0.7616994310707372
28170,1.5853785159610663,0.4021029409499982,-0.2310598632952105
28175,-0.4583233422152555,-0.5558871997292514,0.700310288205365
28180,0.267290909920581,0.1404612922196091,0.6170719378861786
28185,-0.15058768383696547,-0.5019468557478768,0.3079944879090917
28190,-0.31177373329189495,-0.5016590219480771,-0.3480273457512725
28195,-0.7772500915859383,0.2439985509975447,-0.23885960873812453
28200,-0.43924841315750274,0.31605496769017816,-0.7285373343913215
28205,-0.4009147049560295,0.15921980401024224,0.25286156096011875
28210,0.3045464567487104,0.3251242112237913,-0.339151179340464
28215,0.5702424294121304,-0.5878248738592697,0.2833090794310187
28220,0.4149898692934717,0.38159208402004774,0.023497124290561226
28225,-0.5860025146205122,0.033377270209897794,-0.05877276337165651
28230,-0.5847187300530687,0.60163821304938,-0.06243953638812536
28235,-0.13533765885536056,-0.012740971439414989,-0.11319622217232767
28240,-0.934319479593016,0.09340926051824242,0.7635286931927099
28245,0.09986556440392162,0.16665743339039657,0.6953197244028273
28250,0.5463968705512626,-0.21297797177366645,-1.1014236730881641
28255,0.38546899691089725,0.0965479170153206,0.8214433649405747
28260,-0.6361038834644878,-0.27065111787740703,-0.8612674936582921
28265,0.41883528372639517,-0.4023027424143195,0.3903667937735036
28270,-0.16475707151176316,-0.33265174267792974,-0.41869033878560874
28275,-0.06444683168214847,-0.08959604533923837,1.411617828286407
28280,-0.4610330836066786,-0.6484322514467618,1.1664732354442882
28285,-0.07640840769931945,0.4871783094318734,-0.2910474542625029
28290,0.14316924450049914,0.22257913282433797,-1.135320164082071
28295,0.654598754318084,0.6390986464825804,0.623775819475184
28300,0.28782140514126175,0.09065373286233752,0.16205747778734025
28305,0.1917629154299787,0.060829456057173166,0.19972022350503787
28310,-1.150427110698293,-0.19659680910410265,0.3469384192547014
28315,0.2817420433720511,-0.132404848269644,0.057345370760464066
28320,-0.5633242475525867,0.49638135982672377,0.9143132261547547
28325,0.7282726327512212,-0.3765576712746883,0.0776928806538519
28330,-0.3204278743852306,-0.12421815011278214,0.1636717892671636
28335,-0.15681164867286113,-0.05981043612728495,-0.24582916920500705
28340,-0.1527943852674316,-0.23309301935770899,0.12537203016050377
28345,-0.5911381364792189,-0.024619874120977204,0.6810534754834215
28350,0.03343421091045779,-0.22411233981706816,0.3136996809137876
28355,0.46580752881492393,-0.73017204682565,0.33698779028523246
28360,0.18099839449656796,-0.06029797662782967,-0.5669176627413344
28365,0.05554753001016269,0.07231421377554667,-0.37794549959446544
28370,-0.14487654470642153,0.0036100695201072633,-0.5131115694003141
28375,-0.2599061663408559,-0.4886142523899945,0.8629329020194635
28380,-0.1050592471924454,0.23892752872012635,-0.10305816983238036
28385,0.5824582317569926,-1.2128859675928267,0.1893470239896208
28390,-0.8379369851671731,-0.12352167884875281,1.0471749588540227
28395,0.08383515747746796,0.8949485669677634,1.0679509574572204
28400,-0.6325019135102116,-0.17393697027606192,0.42629049231801797
28405,-0.11090217670413707,0.06905254020974674,-0.06398443869514062
28410,-0.09075011974078662,-0.02479827359798046,0.2574770892865724
28415,-0.06233227874485393,0.2320191115842202,0.16375510310962527
28420,-0.9294791872467091,0.69917175696697,0.48239319970139877
28425,0.04650388767553395,0.6399385148903294,0.5745953884000589
28430,-0.47701608223659253,-0.2832409086228924,0.29024178185121574
28435,0.1914211141065365,-0.4903514254076013,0.5863232832364272
28440,0.25940296581249717,-0.3129384900116132,-0.7111702993752813
28445,-0.374679471218621,0.4166244518483022,-0.4207787312658123
28450,0.5445678965961522,0.46625618028114035,0.07450256706442929
28455,1.101808551644155,0.295248507729803,0.412744825305426
28460,-0.7998801392998725,0.03376000811124788,-0.16438011627290822
28465,0.04288225779565352,-0.21422544195952592,-0.30371426065383106
28470,0.8647797234577164,0.6279038325300201,0.24180101339440802
28475,0.10237859646365743,1.38880679712292,0.27722137620598974
28480,-0.0666813960661734,-0.4466067474349338,0.9649392846083737
28485,0.4083001425188476,0.6923256976688953,0.1732299581032677
28490,1.5070631719060879,0.585203011122752,0.9406170653611396
28495,0.7638873559624307,0.7207106584554889,1.6105742622269443
28500,0.7921491998027962,0.02112408486284545,1.0803165590990516
28505,0.5617428059186718,0.9186401742765157,1.1257842769429334
28510,1.0230090426494556,1.4224200492233865,1.0477609118159845
28515,1.346657277013685,0.7741072747155442,0.9216245102555358
28520,2.2744673190378,1.429611081310533,0.865264998152695
28525,1.8176993733202829,0.7179088340682406,0.9001592554937926
28530,1.8071780166041154,1.195978740405324,0.45999198965115295
28535,1.112067055021758,1.5096823787641647,1.3467187440495991
28540,2.1638333578287883,1.370940208851186,1.8813389004997887
28545,2.5708930275000244,2.258081293631009,1.3251222895589603
28550,2.6386995994772207,1.462414978032212,1.9459953399424141
28555,1.6027955834730239,1.7828534245648153,2.1425888461099425
28560,1.2331564557896502,2.061063091169133,0.9976952767925764
28565,1.9238194014724743,1.6348251995112768,1.284559427798509
28570,1.295626659564149,1.8269799243462288,1.7125936515881952
28575,0.6275979567264844,0.34223935028632974,0.32250300763971484
28580,1.2252131436754632,1.0624452136877707,0.8686096115852614
28585,1.0203461155669922,1.4606381045575025,0.68762251049578
28590,0.9771703017091141,1.7319808389880846,1.4255480938482847
28595,1.124982118043652,1.1915667253543774,0.6726115419239275
28600,0.8095859305587678,0.9891869991837664,0.1069814024776996
28605,0.7791348634382945,-0.21940281785877946,0.24364668194437666
28610,0.6330260834510288,1.0990012607389434,0.6240952016390839
28615,1.1159259233704981,1.199329562098191,0.8632137889460278
28620,1.1147666346119762,-0.22846547588089816,0.8288877269234148
28625,1.5300731424753515,0.25401741848637316,0.6028979196876001
28630,0.3669125373809028,0.21768155610899276,0.08967209073105498
28635,0.7388273746166802,0.5432409143353818,-0.5106488476126256
28640,0.13151389690229295,-0.7236940363810151,0.012668322160040463
28645,-0.6224942248570323,-0.19054036750519843,-0.06230915380235477
28650,0.19481261751424594,0.8792710331603666,-0.3242567667537575
28655,-0.2248113754213962,-0.42944663228986946,0.8498104386183674
28660,0.21499806997555918,1.179625919995848,0.5563150922365412
28665,0.01661725434364994,0.19238474368848632,0.7338848229314678
28670,0.39219502225863945,0.979708196453274,0.1097846837923548
28675,0.5492433692578189,0.37534539045525994,0.3285164829549135
28680,-0.025767841045976597,0.6902217047632127,-0.06893870100793065
28685,0.3841513169484079,0.07013614707898605,0.8055129436269682
28690,-0.42343074701585715,-0.26943867488202733,-0.04551948895130617
28695,-0.04042340440715311,0.8079247022670466,0.21535821543837882
28700,0.17003596032200652,0.07735929945940026,0.6778458839233447
28705,-0.3185395207894431,-1.1421965514650931,-0.40802010701132485
28710,0.14497042018785175,-0.1075076489893112,-0.4133811327310982
28715,0.9632134805012456,0.5695834071497482,-0.28944915573713836
28720,0.26276579350159124,1.1930055796439774,-0.614683165870531
28725,0.3629359477468532,0.6460944110066104,0.7890656224196709
28730,0.3682453302166736,-0.036412871939834224,0.060252180293881144
28735,0.3174484790934122,-0.5450253147405145,-0.19090121028488646
28740,-0.3150905375285912,-0.210657632444669,0.363153252887551
28745,0.24594778781157678,0.1192608817241675,-0.5783857174497012
28750,-0.2968989704288095,0.04797771137053741,-0.13384303832765618
28755,-0.020230235208401864,0.2376115640552136,0.6911702154555284
28760,0.009790084209945205,-0.02233090220468767,0.07141201664707036
28765,1.59573668687254,0.2808267552998198,1.2863853143706048
28770,0.36400324647681764,-0.018012929481230094,0.19786593974040492
28775,-0.2979007089622192,0.08967468801343421,-0.3910297668560465
28780,-0.07640946040475471,-0.3770149184972569,0.049688078187123425
28785,-0.076764303078381,-0.057450723518901986,0.4279095828688092
28790,-0.4508526773037926,1.2032080765139856,-0.20511435385144994
28795,0.25180922299039527,-0.22943768024152272,-0.10017610177274314
28800,0.1951326175287247,0.6224579336967317,0.0914696919476162
28805,0.4475237546492414,-0.3172420390674176,0.6623206718879979
28810,-0.3559787084460039,-0.20909767257679357,-0.5392244313989543
28815,-0.16040574584465947,0.6845660102577105,0.25468357057321184
28820,0.3513409316516479,-0.0894877603103145,-0.44946608516597053
28825,1.3708324946063342,0.49145858031172285,0.32325517875090193
28830,-0.6033069362368864,-0.10891195445364299,0.3708004751606542
28835,-0.2651689302135286,-0.11982215603535867,-0.09493504755379223
28840,1.1539654695599273,0.07202379340809406,0.815455755938922
28845,0.14763473092225374,-0.34845139880235854,0.10485271562966846
28850,0.21041506192591383,0.5184140469021048,-0.3040724862241837
28855,0.14731653854360383,-0.11388748590988168,-0.22336721395767706
28860,0.3644608941802442,0.5469668792206728,0.19649362263452283
28865,0.3148172357636732,-0.15846454081418093,-0.19545167352176204
28870,0.9006322872571039,0.5752072420415894,0.24662373755686834
28875,-0.5145385169221235,-0.9598631072056991,0.47690192251226826
28880,0.01762338706361491,1.0082435346705516,-0.010768555983387162
28885,0.16219425737527016,0.029387528608028263,1.498590590309715
28890,0.5889854014626033,0.4459935020937553,-0.5253615268960626
28895,0.1459576206298059,0.11531769165118955,0.8109323812564007
28900,0.07764981198733004,0.5496938095930308,0.3844112005159429
28905,0.2543134679545107,0.5013131582498171,0.33123854761356664
28910,0.333904284805532,0.1621082618430809,0.2785755807961082
28915,-0.9700649052082582,0.43468151176557857,-0.9185744110240537
28920,-0.374243268989927,-0.11557253773540466,-0.10228852997676163
28925,-0.1841479778529565,-0.06761364820699173,-0.8173159868393015
28930,0.42606470059268203,0.4290382967315584,0.04852508063622751
28935,0.1963482279703597,0.10116931251130644,0.30458268336854355
28940,0.5855503984660624,-0.15449221436416433,-0.09880597651580358
28945,1.1448932774621088,-0.5488807809572025,-0.3492672177723676
28950,-0.15542405656400615,0.37645306523109223,-0.8351731540366651
28955,0.7097327385294,1.3588922495323974,0.46925488806664434
28960,-0.4246302068625073,0.2511354027490753,0.437298548497449
28965,-0.045337750767351026,0.05775562114001241,0.4398728193871534
28970,-0.05047286939322221,1.350542961603851,0.7571270136746597
28975,0.4868704833096887,-0.14483210959917886,-0.4723338434131473
28980,-0.2612837000204008,0.41893347906783884,0.5240327697618086
28985,0.576040207454236,0.5688730312857063,0.055573466287267934
28990,-0.08729021047329386,0.02197302533069087,-0.27536759664533195
28995,0.5199147599839224,0.40981082103803695,0.5084297602504175
29000,-0.22089768677057994,0.15738468942259423,0.04346169085295515
29005,-0.2966469166802116,1.0946508871097542,0.48344187415862677
29010,0.17282541569355328,0.032526009772153086,0.1625276769637154
29015,0.5312240346742412,0.98543059777223,-0.2645725825423354
29020,-0.7566431378762343,-0.03980579119799896,-0.07095694377990286
29025,0.5260060394243032,0.06244315840841294,0.5558678736915192
29030,-0.046918891605224416,0.23464235239182418,-0.3899063250084617
29035,0.1360975103054645,0.46252652330362287,0.8972667084714203
29040,0.5271221099098565,0.2329573862326662,0.23756389244303114
29045,-0.2100424023956651,-0.32292410812362066,-0.10856451166985034
29050,0.9774095950001782,0.1294241546022685,-0.2536918072988835
29055,-0.030299397662336858,0.07545929844198723,-0.27521454600246664
29060,-0.28292459518300583,0.7384277291759277,-0.18473043686420912
29065,0.719542253674538,-0.12174967835302414,0.290845506527967
29070,0.07626520387584355,-0.9618201788209604,0.7840866650602838
29075,0.3415203044817602,0.28219926004321133,0.04355934426016278
29080,0.305795666320245,-0.28285821889205787,0.25195753947871785
29085,0.21675783087653766,0.7376162796477339,-0.015236998059030754
29090,0.6074557457248656,0.15068521971932014,-0.16361410400281445
29095,-0.34074535582157855,0.14620161981979335,0.17865634024896948
29100,-0.6131542486736455,0.42317639714645183,0.13715546705926185
29105,0.508529162203835,0.3017997689549923,0.7623630324196431
29110,2.1374973805729227,1.5506731249454675,2.372751860263013
29115,2.4762109506674874,2.122519135900804,2.108021839915511
29120,2.795670649954861,2.417131882150605,1.3436527721699418
29125,1.873693786446524,1.1264848830759409,2.52296693184894
29130,1.3515880605270878,2.3014552850632883,1.9973545685534078
29135,1.7955326613702254,2.2202056089853226,2.443101875179996
29140,2.1199604813243895,3.2468405062114796,2.0989023064849497
29145,1.7631228929914975,1.2389887310191219,2.177532637582439
29150,1.3966311759420054,2.291152367051693,1.4679554695786428
29155,2.1675857678468,1.8648292279964982,2.581497532680854
29160,3.0089934442441364,1.6660232488152955,1.6556014554089478
29165,2.1009137516339913,2.4392185488266063,1.8573767077357028
29170,1.886032109029038,1.1783852125513619,3.2858268333602814
29175,2.886257512057272,1.7798466089141693,1.6318939055184594
29180,1.394496147396135,2.2393882454889025,2.844376616728815
29185,1.270062338440953,3.334804543397879,1.1989411969606476
29190,3.0211606999208547,1.450387402667408,1.6459923114983597
29195,1.5423237406875678,2.428847206808464,1.963640103688127
29200,1.769480762434196,1.0956296986612815,1.4438053007019298
29205,2.7726270793989967,1.712225445929691,2.2066907254542447
29210,2.949180316420962,2.1176144888300197,2.5194860902570553
29215,2.4491180424850514,2.598447604791425,2.749824087132096
29220,2.057993745420926,1.4967587793502604,1.6528977956607087
29225,2.0720737124173394,1.384206611079559,2.7416914718474588
29230,1.3503000129942089,1.767643416395499,1.5645302289692053
29235,2.386925995172561,1.5932413171380313,2.673580681841874
29240,1.7393432101199675,2.250597573847493,1.8092864477158077
29245,2.324181996215287,1.2829264778582796,1.8818050327697866
29250,1.3967635656859372,2.951982124089289,1.4920701370466953
29255,1.801285750767816,1.872736652058752,2.107901686371356
29260,2.277893927933936,1.1030570554659644,0.4311899494290563
29265,1.4402363957749158,2.1406200711893066,1.8312300418208711
29270,1.971832480831041,2.0068978403703315,1.441699796980848
29275,2.0950721901755283,2.1392882902942776,1.6858407809437086
29280,2.621156254361749,2.2006415589814763,3.11712797069496
29285,2.332261058961615,1.909232836347353,1.4653456594770022
29290,2.7868771362789784,1.4592336042804832,1.9439578711075316
29295,2.767509839183573,2.268814639125317,1.898055019761841
29300,1.150574468011099,2.0725527309249534,2.2309765721948076
29305,0.9444718607815097,2.9934295937178246,2.645960575333587
29310,2.4493359207575027,2.4695147157410666,4.109182484099476
29315,2.6702826239020663,0.4829482970729426,2.048029121534641
29320,1.17189661331737,1.5760667790896972,2.5943995743935426
29325,1.3422528511472294,1.728835635569205,2.135914559625703
29330,1.842069313833418,2.1932151095927277,1.3859211796811757
29335,1.9609160181253165,1.5136977312496445,1.740820199389722
29340,1.6107629875649245,1.8074193242544405,2.254504239796952
29345,1.6312858914522326,1.7045000654093851,1.5649492519526045
29350,3.0025379396052534,2.0331486280220976,1.707749818962202
29355,2.0637958464640267,1.6781795139291908,1.1951590416670792
29360,2.0468859362215346,1.3704383163674563,2.3673594396266173
29365,1.646120528346664,1.9584043735407413,1.1371539840838474
29370,1.855231995940796,1.7928216975157039,2.0421393435672703
29375,2.2285019790607055,0.8702305029209318,2.396471744081245
29380,1.1810446710779186,1.7867635449492756,1.614001969715872
29385,2.42237260489815,1.6070174184497403,0.8447821161377581
29390,2.3652034328083658,2.2949039086435934,2.595366148904682
29395,2.452432606391901,1.9664965333597662,1.2025640041912613
29400,1.8123004587391087,1.431980290456475,3.0400768743613025
29405,2.26724958281653,2.4274713861371353,1.1937777233772389
29410,2.9452693523042424,2.3068784287626674,0.8144989872774209
29415,2.1812947998048893,1.7757501622872391,2.4994760749298077
29420,1.232936685057533,1.9581664990897407,1.813534202862571
29425,2.313791709166878,1.595399114146637,3.0057245174797713
29430,1.127617795588558,2.3074607441669404,2.443155185365989
29435,2.805422220448368,2.094709488034401,2.1119073826497163
29440,2.6073785562926988,2.4194929254473365,1.646209845244716
29445,2.101231234313029,1.625068748463277,2.3585041109692533
29450,1.6178198282085896,2.460457401190128,1.8714390970405799
29455,1.6348347037757947,2.7941888283203555,2.660613881809901
29460,1.485148616470228,2.183758595965629,1.9822766384611474
29465,2.488126019114321,1.0889390452933823,1.406097796532295
29470,2.2933375820459316,2.263612290160739,1.1277443933745954
29475,1.8117925708885216,2.9123471574071833,1.6114341383803716
29480,2.430334544208149,2.7788946788801856,1.7099283214725018
29485,1.9322892572510744,1.8141254308253134,1.486384551616793
29490,1.9370948455042618,1.163485180608244,1.4855120196334766
29495,1.7012702372201964,1.1578391556443786,1.525506590964615
29500,2.0711694579751248,2.2690276550089092,1.3823070458787838
29505,1.7959875750403966,2.0231778638326925,2.0327962662688694
29510,1.2418905870170271,2.288036677318945,1.908126092035738
29515,2.412463369787823,1.6481787067039684,2.236005203828684
29520,1.8981160567956648,1.3409554981312741,2.472955489136868
29525,1.9778070519122566,1.168821677634873,1.2723220111238835
29530,2.234715968180809,1.701849101687967,2.6194651042164656
29535,1.9587360767781847,2.5502029732590747,1.6679844637621688
29540,1.8301954759069183,1.64720428589041,1.632039394039094
29545,2.8398957147465627,1.6563851480182332,1.7605829374034838
29550,1.7625250660091507,1.9857298831847285,1.5320845516958317
29555,2.3471588844343514,1.4179172424532656,0.9222836996273117
29560,1.1184136402571734,2.693360831198201,2.182350583476322
29565,2.9630084745058345,1.7308804958822068,2.09057573723396
29570,2.260611646578731,2.123226802155822,2.681986231906177
29575,2.6355046164156266,2.7248107749033177,1.7322450899219102
29580,2.6612865431330337,1.3471049413176792,1.7334155802274056
29585,2.4049181705134868,1.969430077590898,1.2570916292230354
29590,2.3329459293411263,1.6821124255835425,1.8542570345765366
29595,1.5651650021781325,2.463015639592772,1.4837563125573294
29600,1.9131143459298343,1.6609489311034098,1.232361964917731
29605,2.1365890732994393,2.204948316088151,1.0238314647996078
29610,2.006532893482594,1.8843266831986767,2.219163688530512
29615,2.3437567443945087,1.6132206777900608,1.9679825624310467
29620,2.442348608151433,1.555430928719809,2.32847263881943
29625,1.7997119145925387,2.518665934793685,1.4743160800059836
29630,1.4032338865568117,2.116657632713293,1.7195620737681552
29635,1.9374179003136498,1.3869625500388465,2.531543710457372
29640,1.7840585965857876,1.0954604850967526,2.19503139153947
29645,1.743264320012096,2.154781579411093,1.5171142791357746
29650,2.2909086068285913,0.9118375019593663,1.149458308489512
29655,2.5856590185593933,2.2196354025119844,2.772547895447205
29660,2.042153426691566,2.4876493041078165,2.4801483435297227
29665,2.353271158728415,1.8713296443115848,2.0590878538085136
29670,2.1097029371608835,1.7166094243017642,2.107690301703529
29675,1.2260751386286532,1.9798703131756086,2.221007646566656
29680,1.960771326386253,2.2701444892354434,2.3161821592982665
29685,1.4751911692756507,3.148649805329428,2.336384993504038
29690,2.2210611589087796,1.2757633786835707,2.483620133882082
29695,1.994032744326953,1.7248995704291703,0.6083761979079663
29700,2.419735278312346,2.0294000495256848,1.8277150347563609
29705,1.4913242253668433,1.3541294293986745,1.4710681054755632
29710,2.4883687245399084,1.392111203013145,1.84696270756277
29715,1.671660015865344,2.0677258660434013,1.3489299215639283
29720,2.331975221319248,0.7782690928219751,1.556774437856681
29725,2.150887931677302,2.4546987980636894,1.6082027745003102
29730,2.54771684289925,1.9649895820485914,1.79767012144197
29735,1.897503419593662,1.6968459315883122,1.7169300322268606
29740,1.7520727635342854,1.3237755642667275,1.2743575909862346
29745,1.9794167163023548,2.200152765159911,0.9124363132583864
29750,2.3306019852301123,1.9393388736655646,1.788659060481247
29755,2.1017890324974355,1.5667805460936233,1.474355081976896
29760,1.4520111319451399,1.8505590902042206,1.735543983720271
29765,2.6271707794742163,1.7088354939289694,2.2778385483309687
29770,2.67790473585429,2.532154850131601,1.5891093494078772
29775,1.6186633509578996,1.3522607960098676,2.1634153705670602
29780,1.2073579630997155,1.6585852223801807,2.9399018910415764
29785,0.8604503091287764,1.9689206129366104,1.284438416555541
29790,1.8946764120089792,1.746513828368479,1.1952258447417292
29795,1.647394063588261,2.898808779367517,1.940468603254444
29800,2.145474007708534,1.4321557262473341,2.842301625067309
29805,2.4268675022349444,1.9979611690312848,2.7241091566436104
29810,1.7502621656534285,2.0011534023104405,1.4670335805104453
29815,2.5480027749502514,2.2245905810740303,1.5225224967450577
29820,2.0839963787976488,1.5369282120916568,1.2862665592597127
29825,2.2113331059869994,2.4699607306996465,1.2560853116360944
29830,1.0697211972539404,2.6204338468127544,2.9964618949671995
29835,2.345053857792492,1.7661890585457378,1.5678168075212895
29840,1.7700574105980589,2.4652510952438886,1.0613403244612825
29845,1.624394757538616,2.130095489785033,1.6284385008406608
29850,1.9730931920392836,1.9652255415708155,2.1678206108921225
29855,1.3835135518008896,2.4522954416877774,3.2436000281245416
29860,2.414943363102374,2.1144917053329944,2.2660072260407094
29865,1.701631010689968,1.850452238552736,1.4667172820404644
29870,1.964070192414791,1.2135784910369698,2.799373753683515
29875,2.1816278940095724,2.0441436462349296,1.9970153872209153
29880,3.3571981333166723,2.221250223063686,2.5188911923405684
29885,2.5166377345870488,1.924102216570007,1.6328226662494905
29890,2.652299118752565,1.6463689717701289,2.476321255710881
29895,2.1254819111692265,1.716837636224474,1.6832058487266366
29900,2.0318464125923654,2.3300273458140497,1.8576576943817933
29905,1.4901698837675625,2.1620857804512843,1.6611735175853133
29910,0.7537960357787976,1.6321800477382764,2.8650483845601293
29915,2.7755380091216426,1.3775247825925836,3.0758754947514806
29920,2.6265451006916822,0.9270501018086398,1.2205353831347465
29925,2.4373496262132335,2.0646955952244697,2.275530103026796
29930,1.6478166522481823,1.587748570791466,1.4900950757631115
29935,2.135137945207983,1.5441159086382674,2.0566015707608587
29940,2.832669650010729,1.3122744857202169,1.6184570047646034
29945,1.8008991567423687,1.694872502216119,3.416522222322638
29950,2.0698292809219607,2.50076890340863,2.8751516542958764
29955,1.9423347711642749,1.7049033490042462,1.5089975168579466
29960,1.6854164898614152,1.2119220826630357,2.043000660824229
29965,1.798670847132524,2.256379203004773,2.23729584960673
29970,2.0381253066791922,2.6056146983493305,2.1939379845903977
29975,1.1857337351297106,2.1019091867098085,1.4602680428993315
29980,2.0550389582539386,1.3777450949302268,2.4323477905999007
29985,1.1453707619674658,1.8817930350454362,2.407593894742508
29990,1.7622479428780415,2.0783613568882005,1.7781541348889016
29995,2.381824498662847,1.2131814497163016,2.2859732607260295
30000,2.622699649849308,1.666960064770389,1.3470283997628532
30005,1.6572395214633189,1.5980842187246387,1.093258706728081
30010,2.0136091464113295,2.627258757627481,1.4453021405994093
30015,2.425932383428245,2.4330560769258778,2.9072878213031963
30020,1.8755871920415608,2.3313725280216735,1.8558945440869217
30025,1.2999975151570358,2.057498557071738,2.0810344544440817
30030,2.081583246341749,2.1177872299900766,1.6279518782960665
30035,2.022717275502847,2.06678404765492,1.889333671780693
30040,2.7601679535696935,2.147373133069533,2.218409925681222
30045,2.287855439655567,2.3777349900214557,2.251281193097253
30050,1.1886395558430918,1.2210213876516143,2.6844582226418465
30055,2.6226965546600374,2.5196022617258818,1.5800750681706313
30060,1.1402635078877674,0.6884219638430118,2.5710506723043487
30065,2.519966756972676,2.182204438775632,1.6559306761661106
30070,2.182184263680168,1.8713089527192863,2.4870245742321884
30075,1.7698251327653027,1.4653632865912887,1.6223718594167065
30080,1.9396524178331487,1.6641915894842951,2.2064910356456524
30085,1.0292146940232154,1.9495149750716703,1.4800139515517676
30090,1.889829445777278,1.8507222836125305,2.3194002342528335
30095,1.713887940247764,0.6504190043732462,1.214176860778255
